t(s),alt(ft),vz(ft/s),alt(m),vz(m/s)
0,1.8,36,0.54864,10.9728
0.05,8.24,128.8,2.511552,39.25824
0.1,15.99,155.04,4.873752,47.256192
0.15,20.59,92.03,6.275832,28.050744
0.2,26.27,113.63,8.007096,34.634424
0.25,33.22,138.9,10.125456,42.33672
0.3,39.38,123.12,12.003024,37.526976
0.35,49.9,210.5,15.20952,64.1604
0.4,54.72,96.4,16.678656,29.38272
0.45,66.58,237.12,20.293584,72.274176
0.5,75.46,177.69,23.000208,54.159912
0.55,90.77,306.16,27.666696,93.317568
0.6,101.22,208.92,30.851856,63.678816
0.65,116.17,299.14,35.408616,91.177872
0.7,134.54,367.31,41.007792,111.956088
0.75,151.43,337.85,46.155864,102.97668
0.8,168.14,334.28,51.249072,101.888544
0.85,182.72,291.42,55.693056,88.824816
0.9,197.37,293.14,60.158376,89.349072
0.95,213.5,322.51,65.0748,98.301048
1,231,350.01,70.4088,106.683048
1.05,250.2,384.01,76.26096,117.046248
1.1,271.36,423.21,82.710528,128.994408
1.15,293.69,446.56,89.516712,136.111488
1.2,321.75,561.25,98.0694,171.069
1.25,346.2,489,105.52176,149.0472
1.3,371.56,507.2,113.251488,154.59456
1.35,396.25,493.76,120.777,150.498048
1.4,422.2,519.01,128.68656,158.194248
1.45,449.96,555.21,137.147808,169.228008
1.5,479.77,596.17,146.233896,181.712616
1.55,507.01,544.93,154.536648,166.094664
1.6,536.01,579.95,163.375848,176.76876
1.65,566.81,615.96,172.763688,187.744608
1.7,597.25,608.77,182.0418,185.553096
1.75,626.2,579.01,190.86576,176.482248
1.8,659.56,667.21,201.033888,203.365608
1.85,691.65,641.77,210.81492,195.611496
1.9,723.72,641.41,220.589856,195.501768
1.95,758.17,689.13,231.090216,210.046824
2,794.14,719.31,242.053872,219.245688
2.05,831.11,739.44,253.322328,225.381312
2.1,869.09,759.56,264.898632,231.513888
2.15,908.07,779.64,276.779736,237.634272
2.2,952.86,895.72,290.431728,273.015456
2.25,991.89,780.57,302.328072,237.917736
2.3,1032.71,816.46,314.770008,248.857008
2.35,1072.97,805.17,327.041256,245.415816
2.4,1112.97,800.13,339.233256,243.879624
2.45,1152.58,792.11,351.306384,241.435128
2.5,1194.26,833.68,364.010448,254.105664
2.55,1233.61,786.95,376.004328,239.86236
2.6,1269.49,717.56,386.940552,218.712288
2.65,1305.59,722.05,397.943832,220.08084
2.7,1346.87,825.64,410.525976,251.655072
2.75,1391.5,892.51,424.1292,272.037048
2.8,1428,730.01,435.2544,222.507048
2.85,1462.6,692.01,445.80048,210.924648
2.9,1500.48,757.6,457.346304,230.91648
2.95,1540.18,794.08,469.446864,242.035584
3,1580.95,815.27,481.87356,248.494296
3.05,1619.76,776.21,493.702848,236.588808
3.1,1658.81,780.97,505.605288,238.039656
3.15,1698.84,800.78,517.806432,244.077744
3.2,1740.68,836.62,530.559264,255.001776
3.25,1782.14,829.3,543.196272,252.77064
3.3,1820.91,775.44,555.013368,236.354112
3.35,1859.13,764.35,566.662824,232.97388
3.4,1904.5,907.48,580.4916,276.599904
3.45,1954,989.99,595.5792,301.748952
3.5,2002,959.99,610.2096,292.604952
3.55,2049,939.99,624.5352,286.508952
3.6,2096.2,943.99,638.92176,287.728152
3.65,2142.56,927.19,653.052288,282.607512
3.7,2193.05,1009.76,668.44164,307.774848
3.75,2245.64,1051.8,684.471072,320.58864
3.8,2289.71,881.45,697.903608,268.66596
3.85,2335.77,921.15,711.942696,280.76652
3.9,2385.42,992.92,727.076016,302.642016
3.95,2432.33,938.34,741.374184,286.006032
4,2480.27,958.67,755.986296,292.202616
4.05,2527.21,938.94,770.293608,286.188912
4.1,2573.57,927.15,784.424136,282.59532
4.15,2622.26,973.72,799.264848,296.789856
4.2,2673.4,1022.97,814.85232,311.801256
4.25,2719.72,926.38,828.970656,282.360624
4.3,2764.38,893.11,842.583024,272.219928
4.35,2809.5,902.49,856.3356,275.078952
4.4,2857.2,953.98,870.87456,290.773104
4.45,2902.16,899.19,884.578368,274.073112
4.5,2955.33,1063.35,900.784584,324.10908
4.55,3003.66,966.68,915.515568,294.644064
4.6,3053.93,1005.35,930.837864,306.43068
4.65,3100.74,936.27,945.105552,285.375096
4.7,3144,865.02,958.2912,263.658096
4.75,3190.6,932.02,972.49488,284.079696
4.8,3235.68,901.62,986.235264,274.813776
4.85,3281.54,917.29,1000.213392,279.589992
4.9,3326.43,897.83,1013.895864,273.658584
4.95,3372.55,922.27,1027.95324,281.107896
5,3414.04,829.81,1040.599392,252.926088
5.05,3454.83,815.85,1053.032184,248.67108
5.1,3493.06,764.68,1064.684688,233.074464
5.15,3535.65,851.74,1077.66612,259.610352
5.2,3582.12,929.39,1091.830176,283.278072
5.25,3625.5,867.51,1105.0524,264.417048
5.3,3667.2,834.01,1117.76256,254.206248
5.35,3711.36,883.21,1131.222528,269.202408
5.4,3758.49,942.57,1145.587752,287.295336
5.45,3801.39,858.06,1158.663672,261.536688
5.5,3839.11,754.44,1170.160728,229.953312
5.55,3879.49,807.55,1182.468552,246.14124
5.6,3921.59,842.05,1195.300632,256.65684
5.65,3958.87,745.63,1206.663576,227.268024
5.7,3997.5,772.51,1218.438,235.461048
5.75,4036.4,778.01,1230.29472,237.137448
5.8,4078.92,850.41,1243.254816,259.204968
5.85,4121.74,856.32,1256.306352,261.006336
5.9,4162.19,809.06,1268.635512,246.601488
5.95,4200.35,763.24,1280.26668,232.635552
6,4237.28,738.59,1291.522944,225.122232
6.05,4275.42,762.88,1303.148016,232.525824
6.1,4310.74,706.3,1313.913552,215.28024
6.15,4351.59,817.04,1326.364632,249.033792
6.2,4390.07,769.64,1338.093336,234.586272
6.25,4432.06,839.71,1350.891888,255.943608
6.3,4468.25,723.77,1361.9226,220.605096
6.35,4510.8,851.02,1374.89184,259.390896
6.4,4554.04,864.8,1388.071392,263.59104
6.45,4591.83,755.85,1399.589784,230.38308
6.5,4633.06,824.68,1412.156688,251.362464
6.55,4671.85,775.74,1423.97988,236.445552
6.6,4708.08,724.59,1435.022784,220.855032
6.65,4743.26,703.67,1445.745648,214.478616
6.7,4781.41,762.94,1457.373768,232.544112
6.75,4818.13,734.36,1468.566024,223.832928
6.8,4856.5,767.48,1480.2612,233.927904
6.85,4895.4,777.99,1492.11792,237.131352
6.9,4933.52,762.39,1503.736896,232.376472
6.95,4971.62,761.91,1515.349776,232.230168
7,5009.29,753.53,1526.831592,229.675944
7.05,5044.04,694.82,1537.423392,211.781136
7.1,5079.23,703.86,1548.149304,214.536528
7.15,5113.98,695.09,1558.741104,211.863432
7.2,5150.39,728.07,1569.838872,221.915736
7.25,5184.11,674.45,1580.116728,205.57236
7.3,5219.09,699.56,1590.778632,213.225888
7.35,5257.27,763.65,1602.415896,232.76052
7.4,5290.82,670.92,1612.641936,204.496416
7.45,5327.25,728.74,1623.7458,222.119952
7.5,5361.4,682.99,1634.15472,208.175352
7.55,5398.72,746.4,1645.529856,227.50272
7.6,5433.58,697.11,1656.155184,212.479128
7.65,5468.86,705.69,1666.908528,215.094312
7.7,5501.09,644.55,1676.732232,196.45884
7.75,5538.87,755.64,1688.247576,230.319072
7.8,5571.5,652.51,1698.1932,198.885048
7.85,5605.6,682.01,1708.58688,207.876648
7.9,5638.48,657.61,1718.608704,200.439528
7.95,5671.58,662.09,1728.697584,201.805032
8,5704.27,653.67,1738.661496,199.238616
8.05,5736.61,646.93,1748.518728,197.184264
8.1,5770.89,685.55,1758.967272,208.95564
8.15,5802.31,628.44,1768.544088,191.548512
8.2,5834.25,638.75,1778.2794,194.691
8.25,5869.2,699,1788.93216,213.0552
8.3,5901.96,655.21,1798.917408,199.708008
8.35,5934.97,660.16,1808.978856,201.216768
8.4,5965.77,616.13,1818.366696,187.796424
8.45,5998.22,648.91,1828.257456,197.787768
8.5,6032.98,695.12,1838.852304,211.872576
8.55,6063.98,620.1,1848.301104,189.00648
8.6,6095.98,640.08,1858.054704,195.096384
8.65,6128.79,656.06,1868.055192,199.967088
8.7,6162.63,676.85,1878.369624,206.30388
8.75,6194.7,641.48,1888.14456,195.523104
8.8,6226.76,641.18,1897.916448,195.431664
8.85,6256.61,596.94,1907.014728,181.947312
8.9,6289.29,653.55,1916.975592,199.20204
8.95,6320.03,614.84,1926.345144,187.403232
9,6353.42,667.88,1936.522416,203.569824
9.05,6385.34,638.3,1946.251632,194.55384
9.1,6417.67,646.64,1956.105816,197.095872
9.15,6446.94,585.31,1965.027312,178.402488
9.2,6478.35,628.25,1974.60108,191.4906
9.25,6508.08,594.6,1983.662784,181.23408
9.3,6538.46,607.69,1992.922608,185.223912
9.35,6571.77,666.14,2003.075496,203.039472
9.4,6604.22,648.92,2012.966256,197.790816
9.45,6634.77,611.13,2022.277896,186.272424
9.5,6662.22,548.91,2030.644656,167.307768
9.55,6689.17,539.12,2038.859016,164.323776
9.6,6720.34,623.3,2048.359632,189.98184
9.65,6749.87,590.64,2057.360376,180.027072
9.7,6780.9,620.51,2066.81832,189.131448
9.75,6808.32,548.41,2075.175936,167.155368
9.8,6840.05,634.73,2084.84724,193.465704
9.85,6870.44,607.78,2094.110112,185.251344
9.9,6900.15,594.23,2103.16572,181.121304
9.95,6928.12,559.38,2111.690976,170.499024
10,6959.5,627.5,2121.2556,191.262
10.05,6978.4,378.01,2127.01632,115.217448
10.1,7001.72,466.41,2134.124256,142.161768
10.15,7026.38,493.13,2141.640624,150.306024
10.2,7053.7,546.49,2149.96776,166.570152
10.25,7076.16,449.2,2156.813568,136.91616
10.3,7101.53,507.35,2164.546344,154.64028
10.35,7132.02,609.88,2173.839696,185.891424
10.4,7163.42,627.91,2183.410416,191.386968
10.45,7191.53,562.32,2191.978344,171.395136
10.5,7220.83,585.86,2200.908984,178.570128
10.55,7253.26,648.69,2210.793648,197.720712
10.6,7287.21,678.96,2221.141608,206.947008
10.65,7312.17,499.16,2228.749416,152.143968
10.7,7333.33,423.33,2235.198984,129.030984
10.75,7356.27,458.66,2242.191096,139.799568
10.8,7381.01,494.93,2249.731848,150.854664
10.85,7402.41,427.95,2256.254568,130.43916
10.9,7430.33,558.36,2264.764584,170.188128
10.95,7458.46,562.69,2273.338608,171.507912
11,7485.77,546.14,2281.662696,166.463472
11.05,7512.62,536.91,2289.846576,163.650168
11.1,7536.09,469.53,2297.000232,143.112744
11.15,7565.87,595.62,2306.077176,181.544976
11.2,7590.3,488.51,2313.52344,148.897848
11.25,7616.84,530.8,2321.612832,161.78784
11.3,7644.67,556.64,2330.095416,169.663872
11.35,7671.54,537.31,2338.285392,163.772088
11.4,7697.43,517.85,2346.176664,157.84068
11.45,7722.94,510.28,2353.952112,155.533344
11.5,7746.96,480.22,2361.273408,146.371056
11.55,7771.96,500.18,2368.893408,152.454864
11.6,7798.77,536.14,2377.065096,163.415472
11.65,7825.02,524.91,2385.066096,159.992568
11.7,7847.01,439.93,2391.768648,134.090664
11.75,7867.61,411.94,2398.047528,125.559312
11.8,7893.69,521.56,2405.996712,158.971488
11.85,7920.75,541.25,2414.2446,164.973
11.9,7944.8,481,2421.57504,146.6088
11.95,7971.84,540.8,2429.816832,164.83584
12,7994.87,460.63,2436.836376,140.400024
12.05,8023.3,568.51,2445.50184,173.281848
12.1,8046.84,470.81,2452.676832,143.502888
12.15,8073.27,528.64,2460.732696,161.129472
12.2,8094.42,422.92,2467.179216,128.906016
12.25,8121.33,538.33,2475.381384,164.082984
12.3,8146.07,494.67,2482.922136,150.775416
12.35,8170.85,495.73,2490.47508,151.098504
12.4,8192.68,436.59,2497.128864,133.072632
12.45,8219.15,529.28,2505.19692,161.324544
12.5,8241.92,455.41,2512.137216,138.808968
12.55,8267.13,504.34,2519.821224,153.722832
12.6,8285.31,363.46,2525.362488,110.782608
12.65,8308.25,458.77,2532.3546,139.833096
12.7,8330.4,443.03,2539.10592,135.035544
12.75,8352.32,438.42,2545.787136,133.630416
12.8,8373.25,418.73,2552.1666,127.628904
12.85,8395,434.98,2558.796,132.581904
12.9,8418.2,463.98,2565.86736,141.421104
12.95,8441.16,459.2,2572.865568,139.96416
13,8462.53,427.34,2579.379144,130.253232
13.05,8484.22,433.89,2585.990256,132.249672
13.1,8506.38,443.11,2592.744624,135.059928
13.15,8524.7,366.48,2598.32856,111.703104
13.2,8549.76,501.19,2605.966848,152.762712
13.25,8569.01,384.94,2611.834248,117.329712
13.3,8592.21,463.96,2618.905608,141.415008
13.35,8611.37,383.16,2624.745576,116.787168
13.4,8632.69,426.54,2631.243912,130.009392
13.45,8653.15,409.22,2637.48012,124.730256
13.5,8673.52,407.38,2643.688896,124.169424
13.55,8693.02,389.9,2649.632496,118.84152
13.6,8716.21,463.93,2656.700808,141.405864
13.65,8737.37,423.14,2663.150376,128.973072
13.7,8756.7,386.5,2669.04216,117.8052
13.75,8777.56,417.21,2675.400288,127.165608
13.8,8797.05,389.77,2681.34084,118.801896
13.85,8818.64,431.82,2687.921472,131.618736
13.9,8841.91,465.45,2695.014168,141.86916
13.95,8862.73,416.37,2701.360104,126.909576
14,8881.18,369.08,2706.983664,112.495584
14.05,8901.15,399.28,2713.07052,121.700544
14.1,8921.52,407.42,2719.279296,124.181616
14.15,8941.21,393.93,2725.280808,120.069864
14.2,8961.57,407.15,2731.486536,124.09932
14.25,8978.66,341.72,2736.695568,104.156256
14.3,8996.33,353.38,2742.081384,107.710224
14.35,9014.06,354.71,2747.485488,108.115608
14.4,9035.85,435.76,2754.12708,132.819648
14.45,9058.48,452.6,2761.024704,137.95248
14.5,9079.78,426.09,2767.516944,129.872232
14.55,9097.03,344.86,2772.774744,105.113328
14.6,9123.22,523.89,2780.757456,159.681672
14.65,9142.58,387.11,2786.658384,117.991128
14.7,9170.26,553.69,2795.095248,168.764712
14.75,9188.61,366.95,2800.688328,111.84636
14.8,9210.09,429.57,2807.235432,130.932936
14.85,9224.67,291.66,2811.679416,88.897968
14.9,9242.34,353.32,2817.065232,107.691936
14.95,9257.27,298.65,2821.615896,91.02852
15,9275.81,370.92,2827.266888,113.056416
15.05,9291.25,308.75,2831.973,94.107
15.1,9310.4,382.99,2837.80992,116.735352
15.15,9325.12,294.39,2842.296576,89.730072
15.2,9342.9,355.51,2847.71592,108.359448
15.25,9358.92,320.41,2852.598816,97.660968
15.3,9375.73,336.33,2857.722504,102.513384
15.35,9394.59,377.07,2863.471032,114.930936
15.4,9412.87,365.64,2869.042776,111.447072
15.45,9427.9,300.53,2873.62392,91.601544
15.5,9443.12,304.41,2878.262976,92.784168
15.55,9464.29,423.54,2884.715592,129.094992
15.6,9481.83,350.82,2890.061784,106.929936
15.65,9496.87,300.66,2894.645976,91.641168
15.7,9511.49,292.54,2899.102152,89.166192
15.75,9529.79,366.02,2904.679992,111.562896
15.8,9546.24,328.83,2909.693952,100.227384
15.85,9564.79,371.05,2915.347992,113.09604
15.9,9582.83,360.84,2920.846584,109.984032
15.95,9599.46,332.68,2925.915408,101.400864
16,9613.37,278.14,2930.155176,84.777072
16.05,9629.9,330.51,2935.19352,100.739448
16.1,9645.32,308.42,2939.893536,94.006416
16.15,9663.05,354.73,2945.29764,108.121704
16.2,9680.24,343.79,2950.537152,104.787192
16.25,9699,375.02,2956.2552,114.306096
16.3,9717.2,364.02,2961.80256,110.953296
16.35,9732.36,303.22,2966.423328,92.421456
16.4,9746.89,290.57,2970.852072,88.565736
16.45,9759.31,248.46,2974.637688,75.730608
16.5,9778.05,374.77,2980.34964,114.229896
16.55,9792.24,283.81,2984.674752,86.505288
16.6,9805.79,271.05,2988.804792,82.61604
16.65,9820.23,288.85,2993.206104,88.04148
16.7,9835.99,315.08,2998.009752,96.036384
16.75,9850.79,296.05,3002.520792,90.23604
16.8,9869.23,368.85,3008.141304,112.42548
16.85,9884.79,311.07,3012.883992,94.814136
16.9,9899.03,284.86,3017.224344,86.825328
16.95,9928.02,579.88,3026.060496,176.747424
17,9937.42,187.91,3028.925616,57.274968
17.05,9955.33,358.32,3034.384584,109.215936
17.1,9965.87,210.66,3037.597176,64.209168
17.15,9980.89,300.53,3042.175272,91.601544
17.2,9990.92,200.43,3045.232416,61.091064
17.25,10004.93,280.33,3049.502664,85.444584
17.3,10018.75,276.27,3053.715,84.207096
17.35,10032.2,269.02,3057.81456,81.997296
17.4,10044.16,239.22,3061.459968,72.914256
17.45,10056.73,251.37,3065.291304,76.617576
17.5,10071.98,305.1,3069.939504,92.99448
17.55,10085.58,272.07,3074.084784,82.926936
17.6,10098.87,265.66,3078.135576,80.973168
17.65,10110.89,240.53,3081.799272,73.313544
17.7,10124.31,268.42,3085.889688,81.814416
17.75,10139.65,306.74,3090.56532,93.494352
17.8,10152.32,253.4,3094.427136,77.23632
17.85,10164.26,238.71,3098.066448,72.758808
17.9,10180.01,314.98,3102.867048,96.005904
17.95,10195.4,307.97,3107.55792,93.869256
18,10208.92,270.39,3111.678816,82.414872
18.05,10223.94,300.31,3116.256912,91.534488
18.1,10236.55,252.25,3120.10044,76.8858
18.15,10250.04,269.79,3124.212192,82.231992
18.2,10258.03,159.84,3126.647544,48.719232
18.25,10269.43,227.87,3130.122264,69.454776
18.3,10284.94,310.29,3134.849712,94.576392
18.35,10296.35,228.24,3138.32748,69.567552
18.4,10305.68,186.58,3141.171264,56.869584
18.45,10316.55,217.27,3144.48444,66.223896
18.5,10331.44,297.81,3149.022912,90.772488
18.55,10340.55,182.25,3151.79964,55.5498
18.6,10351.84,225.8,3155.240832,68.82384
18.65,10366.67,296.64,3159.761016,90.415872
18.7,10379.74,261.31,3163.744752,79.647288
18.75,10392.19,249.06,3167.539512,75.913488
18.8,10399.95,155.23,3169.90476,47.314104
18.85,10412.76,256.19,3173.809248,78.086712
18.9,10425.21,248.96,3177.604008,75.883008
18.95,10437.77,251.17,3181.432296,76.556616
19,10452.21,288.93,3185.833608,88.065864
19.05,10466.37,283.14,3190.149576,86.301072
19.1,10486.5,402.52,3196.2852,122.688096
19.15,10496.6,202.01,3199.36368,61.572648
19.2,10507.88,225.61,3202.801824,68.765928
19.25,10519.1,224.49,3206.22168,68.424552
19.3,10530.28,223.59,3209.629344,68.150232
19.35,10539.63,186.88,3212.479224,56.961024
19.4,10543.9,85.49,3213.78072,26.057352
19.45,10553.32,188.4,3216.651936,57.42432
19.5,10560.86,150.72,3218.950128,45.939456
19.55,10572.49,232.58,3222.494952,70.890384
19.6,10582.99,210.06,3225.695352,64.026288
19.65,10594.59,232.05,3229.231032,70.72884
19.7,10603.27,173.63,3231.876696,52.922424
19.75,10609.22,118.91,3233.690256,36.243768
19.8,10619.57,207.13,3236.844936,63.133224
19.85,10628.26,173.71,3239.493648,52.946808
19.9,10639.81,230.96,3243.014088,70.396608
19.95,10650.85,220.76,3246.37908,67.287648
20,10659.88,180.63,3249.131424,55.056024
20.05,10669.3,188.5,3252.00264,57.4548
20.1,10677.44,162.79,3254.483712,49.618392
20.15,10682.15,94.24,3255.91932,28.724352
20.2,10689.32,143.38,3258.104736,43.702224
20.25,10699.66,206.72,3261.256368,63.008256
20.3,10708.93,185.37,3264.081864,56.500776
20.35,10719.54,212.29,3267.315792,64.705992
20.4,10728.43,177.83,3270.025464,54.202584
20.45,10738.15,194.28,3272.98812,59.216544
20.5,10748.92,215.41,3276.270816,65.656968
20.55,10756.13,144.34,3278.468424,43.994832
20.6,10766.11,199.47,3281.510328,60.798456
20.65,10776.69,211.56,3284.735112,64.483488
20.7,10788.35,233.26,3288.28908,71.097648
20.75,10798.28,198.61,3291.315744,60.536328
20.8,10804.22,118.89,3293.126256,36.237672
20.85,10814.98,215.1,3296.405904,65.56248
20.9,10817.38,48.09,3297.137424,14.657832
20.95,10826.31,178.48,3299.859288,54.400704
21,10834.85,170.78,3302.46228,52.053744
21.05,10844.48,192.62,3305.397504,58.710576
21.1,10851.18,134.1,3307.439664,40.87368
21.15,10858.75,151.27,3309.747,46.107096
21.2,10865.4,133.03,3311.77392,40.547544
21.25,10869.12,74.41,3312.907776,22.680168
21.3,10878.89,195.53,3315.885672,59.597544
21.35,10887.92,180.43,3318.638016,54.995064
21.4,10893.73,116.35,3320.408904,35.46348
21.45,10904.79,221.07,3323.779992,67.382136
21.5,10915.83,220.86,3327.144984,67.318128
21.55,10921.86,120.68,3328.982928,36.783264
21.6,10929.49,152.54,3331.308552,46.494192
21.65,10935.59,122.03,3333.167832,37.194744
21.7,10943.27,153.63,3335.508696,46.826424
21.75,10953.42,202.91,3338.602416,61.846968
21.8,10960.74,146.33,3340.833552,44.601384
21.85,10966.99,125.06,3342.738552,38.118288
21.9,10972.19,104.04,3344.323512,31.711392
21.95,10980.35,163.24,3346.81068,49.755552
22,10986.08,114.59,3348.557184,34.927032
22.05,10991.47,107.68,3350.200056,32.820864
22.1,10997.57,122.13,3352.059336,37.225224
22.15,11004.66,141.72,3354.220368,43.196256
22.2,11011.93,145.37,3356.436264,44.308776
22.25,11015.74,76.29,3357.597552,23.253192
22.3,11025.39,193.03,3360.538872,58.835544
22.35,11034.51,182.42,3363.318648,55.601616
22.4,11043.21,173.95,3365.970408,53.01996
22.45,11048.77,111.15,3367.665096,33.87852
22.5,11053.21,88.93,3369.018408,27.105864
22.55,11059.97,135.14,3371.078856,41.190672
22.6,11065.78,116.11,3372.849744,35.390328
22.65,11071.02,104.88,3374.446896,31.967424
22.7,11077.02,119.92,3376.275696,36.551616
22.75,11083.81,135.94,3378.345288,41.434512
22.8,11082.85,-19.26,3378.05268,-5.870448
22.85,11087.28,88.59,3379.402944,27.002232
22.9,11090.62,66.87,3380.420976,20.381976
22.95,11094.7,81.5,3381.66456,24.8412
23,11099.76,101.19,3383.206848,30.842712
23.05,11104.01,84.96,3384.502248,25.895808
23.1,11110.41,127.97,3386.452968,39.005256
23.15,11113.92,70.37,3387.522816,21.448776
23.2,11118.54,92.3,3388.930992,28.13304
23.25,11128.23,193.85,3391.884504,59.08548
23.3,11130.19,39.06,3392.481912,11.905488
23.35,11135.35,103.26,3394.05468,31.473648
23.4,11142.68,146.6,3396.288864,44.68368
23.45,11144.74,41.29,3396.916752,12.585192
23.5,11148.39,73.03,3398.029272,22.259544
23.55,11152.32,78.42,3399.227136,23.902416
23.6,11157.85,110.74,3400.91268,33.753552
23.65,11159.48,32.6,3401.409504,9.93648
23.7,11163.79,86.07,3402.723192,26.234136
23.75,11165.83,40.86,3403.344984,12.454128
23.8,11173.26,148.69,3405.609648,45.320712
23.85,11176.61,66.95,3406.630728,20.40636
23.9,11173.89,-54.45,3405.801672,-16.59636
23.95,11180.71,136.45,3407.880408,41.58996
24,11181.97,25.16,3408.264456,7.668768
24.05,11184.37,48.13,3408.995976,14.670024
24.1,11189.9,110.51,3410.68152,33.683448
24.15,11195.92,120.39,3412.516416,36.694872
24.2,11201.14,104.32,3414.107472,31.796736
24.25,11206.11,99.45,3415.622328,30.31236
24.3,11209.29,63.57,3416.591592,19.376136
24.35,11210.43,22.85,3416.939064,6.96468
24.4,11211.74,26.29,3417.338352,8.013192
24.45,11214.79,61.02,3418.267992,18.598896
24.5,11217.24,48.83,3419.014752,14.883384
24.55,11222.59,107.05,3420.645432,32.62884
24.6,11224.67,41.64,3421.279416,12.691872
24.65,11226.14,29.32,3421.727472,8.936736
24.7,11228.91,55.45,3422.571768,16.90116
24.75,11233.73,96.37,3424.040904,29.373576
24.8,11236.58,57.09,3424.909584,17.401032
24.85,11241.67,101.68,3426.461016,30.992064
24.9,11244.53,57.34,3427.332744,17.477232
24.95,11244.43,-2.13,3427.302264,-0.649224
25,11243.54,-17.71,3427.030992,-5.398008
25.05,11243.43,-2.17,3426.997464,-0.661416
25.1,11244.95,30.27,3427.46076,9.226296
25.15,11246.76,36.21,3428.012448,11.036808
25.2,11252.41,112.97,3429.734568,34.433256
25.25,11255.32,58.38,3430.621536,17.794224
25.3,11253.46,-37.3,3430.054608,-11.36904
25.35,11254.97,30.16,3430.514856,9.192768
25.4,11255.57,12.13,3430.697736,3.697224
25.45,11259.46,77.71,3431.883408,23.686008
25.5,11259.17,-5.84,3431.795016,-1.780032
25.55,11262.73,71.33,3432.880104,21.741384
25.6,11263.39,13.07,3433.081272,3.983736
25.65,11264.11,14.45,3433.300728,4.40436
25.7,11264.29,3.55,3433.355592,1.08204
25.75,11263.23,-21.15,3433.032504,-6.44652
25.8,11262.38,-16.91,3432.773424,-5.154168
25.85,11262.11,-5.53,3432.691128,-1.685544
25.9,11263.89,35.57,3433.233672,10.841736
25.95,11261.71,-43.54,3432.569208,-13.270992
26,11258.77,-58.83,3431.673096,-17.931384
26.05,11263.61,96.93,3433.148328,29.544264
26.1,11266.29,53.54,3433.965192,16.318992
26.15,11266.83,10.84,3434.129784,3.304032
26.2,11267.87,20.66,3434.446776,6.297168
26.25,11271.09,64.53,3435.428232,19.668744
26.3,11267.87,-64.37,3434.446776,-19.619976
26.35,11273.3,108.5,3436.10184,33.0708
26.4,11275.04,34.8,3436.632192,10.60704
26.45,11275.83,15.84,3436.872984,4.828032
26.5,11276.46,12.68,3437.065008,3.864864
26.55,11278.97,50.14,3437.830056,15.282672
26.6,11280.78,36.11,3438.381744,11.006328
26.65,11280.02,-15.12,3438.150096,-4.608576
26.7,11279.42,-12.09,3437.967216,-3.685032
26.75,11281.33,38.34,3438.549384,11.686032
26.8,11276.87,-89.34,3437.189976,-27.230832
26.85,11274.49,-47.46,3436.464552,-14.465808
26.9,11273.6,-17.97,3436.19328,-5.477256
26.95,11275.48,37.62,3436.766304,11.466576
27,11272.98,-49.9,3436.004304,-15.20952
27.05,11270.58,-47.93,3435.272784,-14.609064
27.1,11272.87,45.66,3435.970776,13.917168
27.15,11271.29,-31.46,3435.489192,-9.589008
27.2,11271.44,2.81,3435.534912,0.856488
27.25,11273.15,34.26,3436.05612,10.442448
27.3,11270.52,-52.6,3435.254496,-16.03248
27.35,11271.01,9.92,3435.403848,3.023616
27.85,11270.41,-1.21,3435.220968,-0.368808
28.35,11269.33,-2.16,3434.891784,-0.658368
28.85,11260.26,-18.13,3432.127248,-5.526024
29.35,11242.21,-36.11,3426.625608,-11.006328
29.85,11219.77,-44.88,3419.785896,-13.679424
30.35,11204.21,-31.11,3415.043208,-9.482328
30.85,11179.37,-49.69,3407.471976,-15.145512
31.35,11157.3,-44.15,3400.74504,-13.45692
31.85,11128.64,-57.32,3392.009472,-17.471136
32.35,11101.51,-54.26,3383.740248,-16.538448
32.85,11077.61,-47.8,3376.455528,-14.56944
33.35,11053.49,-48.24,3369.103752,-14.703552
33.85,11029.39,-48.2,3361.758072,-14.69136
34.35,11003.11,-52.55,3353.747928,-16.01724
34.85,10978.09,-50.04,3346.121832,-15.252192
35.35,10957.07,-42.04,3339.714936,-12.813792
35.85,10940.46,-33.23,3334.652208,-10.128504
36.35,10923.37,-34.18,3329.443176,-10.418064
36.85,10905.89,-34.95,3324.115272,-10.65276
37.35,10891.51,-28.76,3319.732248,-8.766048
37.85,10876.21,-30.61,3315.068808,-9.329928
38.35,10857.37,-37.68,3309.326376,-11.484864
38.85,10839.9,-34.95,3304.00152,-10.65276
39.35,10825.32,-29.16,3299.557536,-8.887968
39.85,10808.85,-32.93,3294.53748,-10.037064
40.35,10794.08,-29.54,3290.035584,-9.003792
40.85,10777.67,-32.83,3285.033816,-10.006584
41.35,10763.13,-29.07,3280.602024,-8.860536
41.85,10746.31,-33.65,3275.475288,-10.25652
42.35,10734.85,-22.92,3271.98228,-6.986016
42.85,10718.08,-33.54,3266.870784,-10.222992
43.35,10706.86,-22.43,3263.450928,-6.836664
43.85,10697.29,-19.14,3260.533992,-5.833872
44.35,10680.43,-33.71,3255.395064,-10.274808
44.85,10667.54,-25.77,3251.466192,-7.854696
45.35,10650.24,-34.62,3246.193152,-10.552176
45.85,10636.99,-26.49,3242.154552,-8.074152
46.35,10622.39,-29.2,3237.704472,-8.90016
46.85,10610.51,-23.76,3234.083448,-7.242048
47.35,10600.61,-19.8,3231.065928,-6.03504
47.85,10583.49,-34.24,3225.847752,-10.436352
48.35,10573.19,-20.6,3222.708312,-6.27888
48.85,10563.95,-18.48,3219.89196,-5.632704
49.35,10555.76,-16.38,3217.395648,-4.992624
49.85,10539.01,-33.51,3212.290248,-10.213848
50.35,10525.61,-26.8,3208.205928,-8.16864
50.85,10509.09,-33.04,3203.170632,-10.070592
51.35,10493.67,-30.83,3198.470616,-9.396984
51.85,10479.74,-27.87,3194.224752,-8.494776
52.35,10469.19,-21.09,3191.009112,-6.428232
52.85,10456.75,-24.87,3187.2174,-7.580376
53.35,10445.4,-22.7,3183.75792,-6.91896
53.85,10433.92,-22.96,3180.258816,-6.998208
54.35,10418.54,-30.77,3175.570992,-9.378696
54.85,10403.83,-29.41,3171.087384,-8.964168
55.35,10388.66,-30.33,3166.463568,-9.244584
55.85,10379.93,-17.46,3163.802664,-5.321808
56.35,10368.54,-22.77,3160.330992,-6.940296
56.85,10352.24,-32.62,3155.362752,-9.942576
57.35,10338.19,-28.09,3151.080312,-8.561832
57.85,10323.75,-28.87,3146.679,-8.799576
58.35,10305.4,-36.7,3141.08592,-11.18616
58.85,10292.92,-24.96,3137.282016,-7.607808
59.35,10277.74,-30.37,3132.655152,-9.256776
59.85,10266.39,-22.7,3129.195672,-6.91896
60.35,10251.51,-29.76,3124.660248,-9.070848
60.85,10238.21,-26.6,3120.606408,-8.10768
61.35,10224.97,-26.48,3116.570856,-8.071104
61.85,10214.77,-20.39,3113.461896,-6.214872
62.35,10200.82,-27.91,3109.209936,-8.506968
62.85,10187.25,-27.13,3105.0738,-8.269224
63.35,10173,-28.5,3100.7304,-8.6868
63.85,10159.6,-26.8,3096.64608,-8.16864
64.35,10144.88,-29.44,3092.159424,-8.973312
64.85,10132.91,-23.95,3088.510968,-7.29996
65.35,10118.72,-28.36,3084.185856,-8.644128
65.85,10104.98,-27.49,3079.997904,-8.378952
66.35,10089.38,-31.19,3075.243024,-9.506712
66.85,10078.11,-22.55,3071.807928,-6.87324
67.35,10063.89,-28.44,3067.473672,-8.668512
67.85,10046.71,-34.35,3062.237208,-10.46988
68.35,10034.97,-23.48,3058.658856,-7.156704
68.85,10020.37,-29.19,3054.208776,-8.897112
69.35,10005.7,-29.35,3049.73736,-8.94588
69.85,9992.76,-25.88,3045.793248,-7.888224
70.35,9974.61,-36.3,3040.261128,-11.06424
70.85,9964.29,-20.64,3037.115592,-6.291072
71.35,9949.83,-28.91,3032.708184,-8.811768
71.85,9937.46,-24.73,3028.937808,-7.537704
72.35,9925.97,-22.98,3025.435656,-7.004304
72.85,9921.58,-8.79,3024.097584,-2.679192
73.35,9909.06,-25.03,3020.281488,-7.629144
73.85,9893.25,-31.62,3015.4626,-9.637776
74.35,9878.2,-30.1,3010.87536,-9.17448
74.85,9863.96,-28.48,3006.535008,-8.680704
75.35,9847.77,-32.38,3001.600296,-9.869424
75.85,9834.61,-26.31,2997.589128,-8.019288
76.35,9820.89,-27.45,2993.407272,-8.36676
76.85,9803.71,-34.36,2988.170808,-10.472928
77.35,9790.57,-26.29,2984.165736,-8.013192
77.85,9776.06,-29.03,2979.743088,-8.848344
78.35,9762.65,-26.82,2975.65572,-8.174736
78.85,9748.72,-27.86,2971.409856,-8.491728
79.35,9733.77,-29.89,2966.853096,-9.110472
79.85,9722.82,-21.91,2963.515536,-6.678168
80.35,9707.05,-31.53,2958.70884,-9.610344
80.85,9692.84,-28.42,2954.377632,-8.662416
81.35,9677.88,-29.94,2949.817824,-9.125712
81.85,9666.5,-22.75,2946.3492,-6.9342
82.35,9650,-33,2941.32,-10.0584
82.85,9638,-24,2937.6624,-7.3152
83.35,9623,-30,2933.0904,-9.144
83.85,9607,-32,2928.2136,-9.7536
84.35,9595,-24,2924.556,-7.3152
84.85,9579.4,-31.2,2919.80112,-9.50976
85.35,9564.92,-28.96,2915.387616,-8.827008
85.85,9556.94,-15.97,2912.955312,-4.867656
86.35,9543.75,-26.37,2908.935,-8.037576
86.85,9529,-29.5,2904.4392,-8.9916
87.35,9513.4,-31.2,2899.68432,-9.50976
87.85,9497.32,-32.16,2894.783136,-9.802368
88.35,9483.46,-27.73,2890.558608,-8.452104
88.85,9474.96,-16.98,2887.967808,-5.175504
89.35,9463.57,-22.79,2884.496136,-6.946392
89.85,9447.26,-32.63,2879.524848,-9.945624
90.35,9433.81,-26.9,2875.425288,-8.19912
90.85,9421.84,-23.92,2871.776832,-7.290816
91.35,9409.08,-25.54,2867.887584,-7.784592
91.85,9396.86,-24.43,2864.162928,-7.446264
92.35,9381.89,-29.95,2859.600072,-9.12876
92.85,9367.71,-28.36,2855.278008,-8.644128
93.35,9351.17,-33.08,2850.236616,-10.082784
93.85,9338.54,-25.27,2846.386992,-7.702296
94.35,9329.43,-18.21,2843.610264,-5.550408
94.85,9317.54,-23.77,2839.986192,-7.245096
95.35,9300.83,-33.42,2834.892984,-10.186416
95.85,9291.67,-18.33,2832.101016,-5.586984
96.35,9274.93,-33.47,2826.998664,-10.201656
96.85,9260.75,-28.37,2822.6766,-8.647176
97.35,9246.8,-27.9,2818.42464,-8.50392
97.85,9234.04,-25.52,2814.535392,-7.778496
98.35,9220.63,-26.81,2810.448024,-8.171688
98.85,9217.5,-6.25,2809.494,-1.905
99.35,9203.4,-28.2,2805.19632,-8.59536
99.85,9188.72,-29.36,2800.721856,-8.948928
100.35,9177.58,-22.29,2797.326384,-6.793992
100.85,9165.46,-24.23,2793.632208,-7.385304
101.35,9150.57,-29.79,2789.093736,-9.079992
101.85,9135.06,-31.03,2784.366288,-9.457944
102.35,9117.85,-34.42,2779.12068,-10.491216
102.85,9112.08,-11.54,2777.361984,-3.517392
103.35,9099.46,-25.23,2773.515408,-7.690104
103.85,9084.17,-30.58,2768.855016,-9.320784
104.35,9070.13,-28.07,2764.575624,-8.555736
104.85,9058.11,-24.05,2760.911928,-7.33044
105.35,9044.29,-27.64,2756.699592,-8.424672
105.85,9027.83,-32.91,2751.682584,-10.030968
106.35,9014.66,-26.33,2747.668368,-8.025384
106.85,8999.33,-30.67,2742.995784,-9.348216
107.35,8990.46,-17.73,2740.292208,-5.404104
107.85,8977.57,-25.79,2736.363336,-7.860792
108.35,8962.46,-30.23,2731.757808,-9.214104
108.85,8948.57,-27.78,2727.524136,-8.467344
109.35,8935.85,-25.43,2723.64708,-7.751064
109.85,8923.68,-24.34,2719.937664,-7.418832
110.35,8910.15,-27.07,2715.81372,-8.250936
110.85,8894.92,-30.46,2711.171616,-9.284208
111.35,8881.73,-26.37,2707.151304,-8.037576
111.85,8868.99,-25.49,2703.268152,-7.769352
112.35,8855.79,-26.39,2699.244792,-8.043672
112.85,8843.03,-25.52,2695.355544,-7.778496
113.35,8834.62,-16.81,2692.792176,-5.123688
113.85,8821.1,-27.05,2688.67128,-8.24484
114.35,8807.88,-26.44,2684.641824,-8.058912
114.85,8796.3,-23.15,2681.11224,-7.05612
115.35,8779.44,-33.72,2675.973312,-10.277856
115.85,8772.15,-14.58,2673.75132,-4.443984
116.35,8755.32,-33.66,2668.621536,-10.259568
116.85,8739.46,-31.73,2663.787408,-9.671304
117.35,8724.77,-29.38,2659.309896,-8.955024
117.85,8709.21,-31.11,2654.567208,-9.482328
118.35,8696.37,-25.69,2650.653576,-7.830312
118.85,8681.1,-30.55,2645.99928,-9.31164
119.35,8667.48,-27.24,2641.847904,-8.302752
119.85,8658.18,-18.59,2639.013264,-5.666232
120.35,8641.54,-33.27,2633.941392,-10.140696
120.85,8627.64,-27.82,2629.704672,-8.479536
121.35,8614.51,-26.25,2625.702648,-8.001
121.85,8605.41,-18.2,2622.928968,-5.54736
122.35,8594.93,-20.96,2619.734664,-6.388608
122.85,8579.94,-29.97,2615.165712,-9.134856
123.35,8568.95,-21.98,2611.81596,-6.699504
123.85,8554.76,-28.38,2607.490848,-8.650224
124.35,8543.41,-22.71,2604.031368,-6.922008
124.85,8531.73,-23.36,2600.471304,-7.120128
125.35,8520.78,-21.89,2597.133744,-6.672072
125.85,8508.43,-24.71,2593.369464,-7.531608
126.35,8497.94,-20.97,2590.172112,-6.391656
126.85,8485.75,-24.38,2586.4566,-7.431024
127.35,8472.8,-25.9,2582.50944,-7.89432
127.85,8456.44,-32.72,2577.522912,-9.973056
128.35,8445.15,-22.58,2574.08172,-6.882384
128.85,8429.52,-31.26,2569.317696,-9.528048
129.35,8417.42,-24.21,2565.629616,-7.379208
129.85,8402.93,-28.97,2561.213064,-8.830056
130.35,8386.95,-31.97,2556.34236,-9.744456
130.85,8376.36,-21.18,2553.114528,-6.455664
131.35,8361.09,-30.54,2548.460232,-9.308592
131.85,8348.27,-25.63,2544.552696,-7.812024
132.35,8340.81,-14.91,2542.278888,-4.544568
132.85,8329.25,-23.12,2538.7554,-7.046976
133.35,8317.2,-24.1,2535.08256,-7.34568
133.85,8298.96,-36.48,2529.523008,-11.119104
134.35,8286.97,-23.98,2525.868456,-7.309104
134.85,8272.17,-29.59,2521.357416,-9.019032
135.35,8259.34,-25.67,2517.446832,-7.824216
135.85,8243.87,-30.94,2512.731576,-9.430512
136.35,8230.9,-25.95,2508.77832,-7.90956
136.85,8218.72,-24.36,2505.065856,-7.424928
137.35,8206.17,-25.09,2501.240616,-7.647432
137.85,8192.34,-27.67,2497.025232,-8.433816
138.35,8184.87,-14.94,2494.748376,-4.553712
138.85,8169.9,-29.95,2490.18552,-9.12876
139.35,8156.72,-26.36,2486.168256,-8.034528
139.85,8131.97,-49.49,2478.624456,-15.084552
140.35,8119.78,-24.39,2474.908944,-7.434072
140.85,8107.42,-24.71,2471.141616,-7.531608
141.35,8099.74,-15.37,2468.800752,-4.684776
141.85,8096.39,-6.7,2467.779672,-2.04216
142.35,8080.71,-31.36,2463.000408,-9.558528
142.85,8075.17,-11.08,2461.311816,-3.377184
143.35,8058.74,-32.87,2456.303952,-10.018776
143.85,8046.59,-24.29,2452.600632,-7.403592
144.35,8030.67,-31.84,2447.748216,-9.704832
144.85,8026.54,-8.27,2446.489392,-2.520696
145.35,8009.23,-34.61,2441.213304,-10.549128
145.85,7994.98,-28.49,2436.869904,-8.683752
146.35,7979.99,-29.99,2432.300952,-9.140952
146.85,7969.39,-21.19,2429.070072,-6.458712
147.35,7954.11,-30.56,2424.412728,-9.314688
147.85,7943.49,-21.25,2421.175752,-6.477
148.35,7930.19,-26.6,2417.121912,-8.10768
148.85,7918.15,-24.08,2413.45212,-7.339584
149.35,7899.72,-36.86,2407.834656,-11.234928
149.85,7888.98,-21.49,2404.561104,-6.550152
150.35,7876.18,-25.59,2400.659664,-7.799832
150.85,7866.95,-18.47,2397.84636,-5.629656
151.35,7853.76,-26.38,2393.826048,-8.040624
151.85,7845.01,-17.5,2391.159048,-5.334
152.35,7830.8,-28.4,2386.82784,-8.65632
152.85,7815.84,-29.92,2382.268032,-9.119616
153.35,7800.67,-30.34,2377.644216,-9.247632
153.85,7787.74,-25.87,2373.703152,-7.885176
154.35,7775.19,-25.1,2369.877912,-7.65048
154.85,7763.95,-22.48,2366.45196,-6.851904
155.35,7748.96,-29.98,2361.883008,-9.137904
155.85,7737.97,-21.99,2358.533256,-6.702552
156.35,7722.38,-31.19,2353.781424,-9.506712
156.85,7710.3,-24.15,2350.09944,-7.36092
157.35,7694.64,-31.32,2345.326272,-9.546336
157.85,7683.51,-22.26,2341.933848,-6.784848
158.35,7667.41,-32.21,2337.026568,-9.817608
158.85,7658.93,-16.96,2334.441864,-5.169408
159.35,7641.54,-34.77,2329.141392,-10.597896
159.85,7631.03,-21.02,2325.937944,-6.406896
160.35,7616.63,-28.81,2321.548824,-8.781288
160.85,7606.1,-21.05,2318.33928,-6.41604
161.35,7593.48,-25.24,2314.492704,-7.693152
161.85,7578.19,-30.59,2309.832312,-9.323832
162.35,7565.95,-24.47,2306.10156,-7.458456
162.85,7554.56,-22.78,2302.629888,-6.943344
163.35,7542.25,-24.62,2298.8778,-7.504176
163.85,7530.2,-24.1,2295.20496,-7.34568
164.35,7515.96,-28.48,2290.864608,-8.680704
164.85,7504.37,-23.18,2287.331976,-7.065264
165.35,7491.89,-24.95,2283.528072,-7.60476
165.85,7477.91,-27.96,2279.266968,-8.522208
166.35,7465.13,-25.57,2275.371624,-7.793736
166.85,7457.91,-14.45,2273.170968,-4.40436
167.35,7445.92,-23.96,2269.516416,-7.303008
167.85,7430.94,-29.97,2264.950512,-9.134856
168.35,7419.55,-22.78,2261.47884,-6.943344
168.85,7405.44,-28.22,2257.178112,-8.601456
169.35,7391.55,-27.78,2252.94444,-8.467344
169.85,7379.84,-23.42,2249.375232,-7.138416
170.35,7366.07,-27.54,2245.178136,-8.394192
170.85,7353.06,-26.03,2241.212688,-7.933944
171.35,7338.45,-29.22,2236.75956,-8.906256
171.85,7323.36,-30.18,2232.160128,-9.198864
172.35,7312.29,-22.14,2228.785992,-6.748272
172.85,7300.43,-23.71,2225.171064,-7.226808
173.35,7283.74,-33.37,2220.083952,-10.171176
173.85,7271.59,-24.3,2216.380632,-7.40664
174.35,7260.28,-22.64,2212.933344,-6.900672
174.85,7248.42,-23.71,2209.318416,-7.226808
175.35,7232.94,-30.97,2204.600112,-9.439656
175.85,7222.75,-20.37,2201.4942,-6.208776
176.35,7206.4,-32.7,2196.51072,-9.96696
176.85,7195.12,-22.56,2193.072576,-6.876288
177.35,7178.5,-33.25,2188.0068,-10.1346
177.85,7168.8,-19.4,2185.05024,-5.91312
178.35,7152.04,-33.52,2179.941792,-10.216896
178.85,7136.03,-32.01,2175.061944,-9.756648
179.35,7121.02,-30.01,2170.486896,-9.147048
179.85,7110.42,-21.21,2167.256016,-6.464808
180.35,7098.14,-24.57,2163.513072,-7.488936
180.85,7086.31,-23.65,2159.907288,-7.20852
181.35,7069.05,-34.52,2154.64644,-10.521696
181.85,7056.44,-25.22,2150.802912,-7.687056
182.35,7044.15,-24.58,2147.05692,-7.491984
182.85,7030.12,-28.06,2142.780576,-8.552688
183.35,7015.5,-29.25,2138.3244,-8.9154
183.85,7006.4,-18.2,2135.55072,-5.54736
184.35,6995.12,-22.56,2132.112576,-6.876288
184.85,6984.69,-20.85,2128.933512,-6.35508
185.35,6972.56,-24.28,2125.236288,-7.400544
185.85,6959.24,-26.62,2121.176352,-8.113776
186.35,6941,-36.5,2115.6168,-11.1252
186.85,6929.2,-23.6,2112.02016,-7.19328
187.35,6916.36,-25.68,2108.106528,-7.827264
187.85,6903.49,-25.74,2104.183752,-7.845552
188.35,6891.39,-24.19,2100.495672,-7.373112
188.85,6880.51,-21.75,2097.179448,-6.6294
189.35,6864.21,-32.6,2092.211208,-9.93648
189.85,6849.37,-29.68,2087.687976,-9.046464
190.35,6833.49,-31.75,2082.847752,-9.6774
190.85,6820.99,-25,2079.037752,-7.62
191.35,6806,-30,2074.4688,-9.144
191.85,6793.4,-25.2,2070.62832,-7.68096
192.35,6779.72,-27.36,2066.458656,-8.339328
192.85,6768.17,-23.09,2062.938216,-7.037832
193.35,6749.14,-38.07,2057.137872,-11.603736
193.85,6737.31,-23.66,2053.532088,-7.211568
194.35,6720.85,-32.92,2048.51508,-10.034016
194.85,6711.68,-18.34,2045.720064,-5.590032
195.35,6694.74,-33.87,2040.556752,-10.323576
195.85,6683.79,-21.9,2037.219192,-6.67512
196.35,6667.84,-31.92,2032.357632,-9.729216
196.85,6658.87,-17.93,2029.623576,-5.465064
197.35,6649.09,-19.55,2026.642632,-5.95884
197.85,6636.48,-25.24,2022.799104,-7.693152
198.35,6623.78,-25.39,2018.928144,-7.738872
198.85,6610.82,-25.91,2014.977936,-7.897368
199.35,6607.66,-6.33,2014.014768,-1.929384
199.85,6592.33,-30.66,2009.342184,-9.345168
200.35,6587.46,-9.73,2007.857808,-2.965704
200.85,6575.77,-23.38,2004.294696,-7.126224
201.35,6560.22,-31.11,1999.555056,-9.482328
201.85,6541.37,-37.69,1993.809576,-11.487912
202.35,6533.5,-15.75,1991.4108,-4.8006
202.85,6515.8,-35.4,1986.01584,-10.78992
203.35,6501.44,-28.72,1981.638912,-8.753856
203.85,6488.35,-26.18,1977.64908,-7.979664
204.35,6477.68,-21.34,1974.396864,-6.504432
204.85,6463.14,-29.07,1969.965072,-8.860536
205.35,6447.72,-30.86,1965.265056,-9.406128
205.85,6435.37,-24.69,1961.500776,-7.525512
206.35,6423.3,-24.15,1957.82184,-7.36092
206.85,6412.64,-21.32,1954.572672,-6.498336
207.35,6399.51,-26.25,1950.570648,-8.001
207.85,6383.01,-33,1945.541448,-10.0584
208.35,6370.41,-25.2,1941.700968,-7.68096
208.85,6354.73,-31.36,1936.921704,-9.558528
209.35,6344.98,-19.49,1933.949904,-5.940552
209.85,6332.38,-25.19,1930.109424,-7.677912
210.35,6320.91,-22.95,1926.613368,-6.99516
210.85,6304.53,-32.76,1921.620744,-9.985248
211.35,6292.62,-23.81,1917.990576,-7.257288
211.85,6278.9,-27.45,1913.80872,-8.36676
212.35,6266.12,-25.56,1909.913376,-7.790688
212.85,6249.89,-32.45,1904.966472,-9.89076
213.35,6236.51,-26.76,1900.888248,-8.156448
213.85,6227.41,-18.21,1898.114568,-5.550408
214.35,6217.13,-20.56,1894.981224,-6.266688
214.85,6201.1,-32.05,1890.09528,-9.76884
215.35,6190.48,-21.24,1886.858304,-6.473952
215.85,6175.59,-29.79,1882.319832,-9.079992
216.35,6161.87,-27.43,1878.137976,-8.360664
216.85,6145.9,-31.95,1873.27032,-9.73836
217.35,6129.92,-31.96,1868.399616,-9.741408
217.85,6115.13,-29.57,1863.891624,-9.012936
218.35,6106.31,-17.65,1861.203288,-5.37972
218.85,6091.65,-29.32,1856.73492,-8.936736
219.35,6080.92,-21.46,1853.464416,-6.541008
219.85,6064.93,-31.97,1848.590664,-9.744456
220.35,6055.75,-18.37,1845.7926,-5.599176
220.85,6042.8,-25.9,1841.84544,-7.89432
221.35,6031.24,-23.12,1838.321952,-7.046976
221.85,6018.39,-25.7,1834.405272,-7.83336
222.35,6006.91,-22.96,1830.906168,-6.998208
222.85,5992.53,-28.76,1826.523144,-8.766048
223.35,5976.42,-32.21,1821.612816,-9.817608
223.85,5960.74,-31.37,1816.833552,-9.561576
224.35,5950.99,-19.5,1813.861752,-5.9436
224.85,5937.39,-27.2,1809.716472,-8.29056
225.35,5922.91,-28.96,1805.302968,-8.827008
225.85,5910.13,-25.57,1801.407624,-7.793736
226.35,5898.11,-24.05,1797.743928,-7.33044
226.85,5884.28,-27.64,1793.528544,-8.424672
227.35,5872.03,-24.51,1789.794744,-7.470648
227.85,5860.22,-23.61,1786.195056,-7.196328
228.35,5850.98,-18.49,1783.378704,-5.635752
228.85,5839.38,-23.19,1779.843024,-7.068312
229.35,5826.11,-26.55,1775.798328,-8.09244
229.85,5814.08,-24.04,1772.131584,-7.327392
230.35,5802.67,-22.83,1768.653816,-6.958584
230.85,5793.33,-18.67,1765.806984,-5.690616
231.35,5778.87,-28.93,1761.399576,-8.817864
231.85,5764.89,-27.95,1757.138472,-8.51916
232.35,5751.71,-26.36,1753.121208,-8.034528
232.85,5737.37,-28.69,1748.750376,-8.744712
233.35,5725.9,-22.95,1745.25432,-6.99516
233.85,5716.72,-18.36,1742.456256,-5.596128
234.35,5701.57,-30.29,1737.838536,-9.232392
234.85,5689.66,-23.83,1734.208368,-7.263384
235.35,5677.53,-24.26,1730.511144,-7.394448
235.85,5665.82,-23.41,1726.941936,-7.135368
236.35,5654.46,-22.73,1723.479408,-6.928104
236.85,5641.57,-25.78,1719.550536,-7.857744
237.35,5630.25,-22.63,1716.1002,-6.897624
237.85,5617.8,-24.9,1712.30544,-7.58952
238.35,5606.24,-23.12,1708.781952,-7.046976
238.85,5593.19,-26.1,1704.804312,-7.95528
239.35,5580.35,-25.68,1700.89068,-7.827264
239.85,5568.08,-24.54,1697.150784,-7.479792
240.35,5557.27,-21.63,1693.855896,-6.592824
240.85,5544.21,-26.11,1689.875208,-7.958328
241.35,5530.97,-26.49,1685.839656,-8.074152
241.85,5519.38,-23.19,1682.307024,-7.068312
242.35,5503.3,-32.15,1677.40584,-9.79932
242.85,5492.84,-20.92,1674.217632,-6.376416
243.35,5479.07,-27.54,1670.020536,-8.394192
243.85,5466.26,-25.63,1666.116048,-7.812024
244.35,5449.61,-33.3,1661.041128,-10.14984
244.85,5439.29,-20.64,1657.895592,-6.291072
245.35,5427.23,-24.11,1654.219704,-7.348728
245.85,5415.98,-22.49,1650.790704,-6.854952
246.35,5402.59,-26.79,1646.709432,-8.165592
246.85,5389.67,-25.83,1642.771416,-7.872984
247.35,5378.33,-22.67,1639.314984,-6.909816
247.85,5366.67,-23.33,1635.761016,-7.110984
248.35,5356.33,-20.67,1632.609384,-6.300216
248.85,5344.47,-23.73,1628.994456,-7.232904
249.35,5330.77,-27.39,1624.818696,-8.348472
249.85,5321.42,-18.71,1621.968816,-5.702808
250.35,5309.14,-24.57,1618.225872,-7.488936
250.85,5297.51,-23.25,1614.681048,-7.0866
251.35,5286.21,-22.6,1611.236808,-6.88848
251.85,5272.57,-27.28,1607.079336,-8.314944
252.35,5260.85,-23.43,1603.50708,-7.141464
252.85,5248.08,-25.54,1599.614784,-7.784592
253.35,5236.87,-22.43,1596.197976,-6.836664
253.85,5220.09,-33.55,1591.083432,-10.22604
254.35,5208.07,-24.04,1587.419736,-7.327392
254.85,5198.26,-19.63,1584.429648,-5.983224
255.35,5185.81,-24.9,1580.634888,-7.58952
255.85,5171.45,-28.72,1576.25796,-8.753856
256.35,5161.56,-19.78,1573.243488,-6.028944
256.85,5151.25,-20.62,1570.101,-6.284976
257.35,5137.4,-27.7,1565.87952,-8.44296
257.85,5125.52,-23.76,1562.258496,-7.242048
258.35,5114.01,-23.01,1558.750248,-7.013448
258.85,5101.21,-25.61,1554.848808,-7.805928
259.35,5088.97,-24.48,1551.118056,-7.461504
259.85,5075.77,-26.39,1547.094696,-8.043672
260.35,5063.02,-25.51,1543.208496,-7.775448
260.85,5051.22,-23.61,1539.611856,-7.196328
261.35,5037.57,-27.29,1535.451336,-8.317992
261.85,5026.46,-22.23,1532.065008,-6.775704
262.35,5014.97,-22.98,1528.562856,-7.004304
262.85,5006.97,-15.99,1526.124456,-4.873752
263.35,4994.58,-24.79,1522.347984,-7.555992
263.85,4981.26,-26.63,1518.288048,-8.116824
264.35,4969.61,-23.3,1514.737128,-7.10184
264.85,4958.89,-21.44,1511.469672,-6.534912
265.35,4948.51,-20.75,1508.305848,-6.3246
265.85,4934.41,-28.2,1504.008168,-8.59536
266.35,4922.73,-23.36,1500.448104,-7.120128
266.85,4910.58,-24.29,1496.744784,-7.403592
267.35,4899.47,-22.23,1493.358456,-6.775704
267.85,4885.77,-27.39,1489.182696,-8.348472
268.35,4872.42,-26.71,1485.113616,-8.141208
268.85,4859.13,-26.57,1481.062824,-8.098536
269.35,4844.11,-30.05,1476.484728,-9.15924
269.85,4831.29,-25.64,1472.577192,-7.815072
270.35,4820.03,-22.51,1469.145144,-6.861048
270.85,4808.62,-22.81,1465.667376,-6.952488
271.35,4798.1,-21.05,1462.46088,-6.41604
271.85,4788.68,-18.84,1459.589664,-5.742432
272.35,4775.94,-25.47,1455.706512,-7.763256
272.85,4760.55,-30.78,1451.01564,-9.381744
273.35,4747.24,-26.62,1446.958752,-8.113776
273.85,4733.79,-26.9,1442.859192,-8.19912
274.35,4726.84,-13.92,1440.740832,-4.242816
274.85,4714.27,-25.13,1436.909496,-7.659624
275.35,4700.21,-28.11,1432.624008,-8.567928
275.85,4689.57,-21.29,1429.380936,-6.489192
276.35,4677.46,-24.23,1425.689808,-7.385304
276.85,4662.97,-28.98,1421.273256,-8.833104
277.35,4650.57,-24.79,1417.493736,-7.555992
277.85,4638.66,-23.83,1413.863568,-7.263384
278.35,4626.33,-24.66,1410.105384,-7.516368
278.85,4612.06,-28.53,1405.755888,-8.695944
279.35,4600.05,-24.02,1402.09524,-7.321296
279.85,4582.84,-34.42,1396.849632,-10.491216
280.35,4569.07,-27.54,1392.652536,-8.394192
280.85,4554.26,-29.63,1388.138448,-9.031224
281.35,4542.01,-24.5,1384.404648,-7.4676
281.85,4533,-18,1381.6584,-5.4864
282.35,4521.8,-22.4,1378.24464,-6.82752
282.85,4507.64,-28.32,1373.928672,-8.631936
283.35,4496.31,-22.66,1370.475288,-6.906768
283.85,4482.05,-28.53,1366.12884,-8.695944
284.35,4470.44,-23.22,1362.590112,-7.077456
284.85,4460.15,-20.58,1359.45372,-6.272784
285.35,4447.92,-24.46,1355.726016,-7.455408
285.85,4432.34,-31.17,1350.977232,-9.500616
286.35,4423.27,-18.14,1348.212696,-5.529072
286.85,4414.62,-17.31,1345.576176,-5.276088
287.35,4400.89,-27.45,1341.391272,-8.36676
287.85,4387.51,-26.76,1337.313048,-8.156448
288.35,4374.21,-26.61,1333.259208,-8.110728
288.85,4363.17,-22.08,1329.894216,-6.729984
289.35,4354.14,-18.07,1327.141872,-5.507736
289.85,4344.51,-19.25,1324.206648,-5.8674
290.35,4334.61,-19.8,1321.189128,-6.03504
290.85,4324.49,-20.24,1318.104552,-6.169152
291.35,4311.39,-26.19,1314.111672,-7.982712
291.85,4306.51,-9.75,1312.624248,-2.9718
292.35,4293.21,-26.6,1308.570408,-8.10768
292.85,4283.37,-19.68,1305.571176,-5.998464
293.35,4270.29,-26.15,1301.584392,-7.97052
293.85,4252.83,-34.92,1296.262584,-10.643616
294.35,4239.87,-25.93,1292.312376,-7.903464
294.85,4229.69,-20.35,1289.209512,-6.20268
295.35,4217.16,-25.08,1285.390368,-7.644384
295.85,4206.52,-21.26,1282.147296,-6.480048
296.35,4189.82,-33.41,1277.057136,-10.183368
296.85,4176.66,-26.33,1273.045968,-8.025384
297.35,4165.32,-22.66,1269.589536,-6.906768
297.85,4156.06,-18.53,1266.767088,-5.647944
298.35,4141.25,-29.62,1262.253,-9.028176
298.85,4124.4,-33.7,1257.11712,-10.27176
299.35,4114.52,-19.76,1254.105696,-6.022848
299.85,4107.21,-14.61,1251.877608,-4.453128
300.35,4094.97,-24.49,1248.146856,-7.464552
300.85,4084.98,-19.99,1245.101904,-6.092952
301.35,4069.58,-30.79,1240.407984,-9.384792
301.85,4059.67,-19.83,1237.387416,-6.044184
302.35,4041.93,-35.47,1231.980264,-10.811256
302.85,4029.15,-25.57,1228.08492,-7.793736
303.35,4017.92,-22.46,1224.662016,-6.845808
303.85,4006.53,-22.77,1221.190344,-6.940296
304.35,3992.63,-27.81,1216.953624,-8.476488
304.85,3980.7,-23.85,1213.31736,-7.26948
305.35,3968.56,-24.28,1209.617088,-7.400544
305.85,3954.85,-27.42,1205.43828,-8.357616
306.35,3941.88,-25.94,1201.485024,-7.906512
306.85,3931.1,-21.55,1198.19928,-6.56844
307.35,3919.48,-23.24,1194.657504,-7.083552
307.85,3903.99,-30.99,1189.936152,-9.445752
308.35,3888.79,-30.39,1185.303192,-9.262872
308.85,3876.23,-25.12,1181.474904,-7.656576
309.35,3864.58,-23.29,1177.923984,-7.098792
309.85,3852.27,-24.63,1174.171896,-7.507224
310.35,3838.81,-26.91,1170.069288,-8.202168
310.85,3827.65,-22.33,1166.66772,-6.806184
311.35,3812.52,-30.26,1162.056096,-9.223248
311.85,3802.02,-21.01,1158.855696,-6.403848
312.35,3789.61,-24.81,1155.073128,-7.562088
312.85,3778.09,-23.05,1151.561832,-7.02564
313.35,3763.67,-28.84,1147.166616,-8.790432
313.85,3748.54,-30.27,1142.554992,-9.226296
314.35,3737.83,-21.42,1139.290584,-6.528816
314.85,3726.86,-21.93,1135.946928,-6.684264
315.35,3714.49,-24.75,1132.176552,-7.5438
315.85,3703.79,-21.4,1128.915192,-6.52272
316.35,3691.63,-24.32,1125.208824,-7.412736
316.85,3678.31,-26.65,1121.148888,-8.12292
317.35,3665.45,-25.72,1117.22916,-7.839456
317.85,3652.56,-25.78,1113.300288,-7.857744
318.35,3638.05,-29.02,1108.87764,-8.845296
318.85,3628.44,-19.22,1105.948512,-5.858256
319.35,3615.15,-26.57,1101.89772,-8.098536
319.85,3604.92,-20.46,1098.779616,-6.236208
320.35,3593.14,-23.57,1095.189072,-7.184136
320.85,3583.11,-20.05,1092.131928,-6.11124
321.35,3569.69,-26.84,1088.041512,-8.180832
321.85,3559.55,-20.27,1084.95084,-6.178296
322.35,2850.24,-1418.62,868.753152,-432.395376
322.85,2277.19,-1146.1,694.087512,-349.33128
