0.010,-0.617
0.020,-0.621
0.030,-0.627
0.040,-0.630
0.050,-0.632
0.060,-0.635
0.070,-0.637
0.080,-0.639
0.090,-0.640
0.100,-0.642
0.110,-0.643
0.120,-0.645
0.130,-0.646
0.140,-0.647
0.150,-0.648
0.160,-0.649
0.170,-0.649
0.180,-0.650
0.190,-0.650
0.200,-0.651
0.210,-0.651
0.220,-0.652
0.230,-0.652
0.240,-0.652
0.250,-0.652
0.260,-0.652
0.270,-0.652
0.280,-0.652
0.290,-0.652
0.300,-0.652
0.310,-0.652
0.320,-0.652
0.330,-0.651
0.340,-0.651
0.350,-0.651
0.360,-0.651
0.370,-0.650
0.380,-0.650
0.390,-0.650
0.400,-0.649
0.410,-0.649
0.420,-0.648
0.430,-0.648
0.440,-0.647
0.450,-0.647
0.460,-0.646
0.470,-0.646
0.480,-0.645
0.490,-0.645
0.500,-0.644
0.510,-0.644
0.520,-0.643
0.530,-0.642
0.540,-0.642
0.550,-0.641
0.560,-0.641
0.570,-0.640
0.580,-0.639
0.590,-0.639
0.600,-0.638
0.610,-0.638
0.620,-0.637
0.630,-0.636
0.640,-0.636
0.650,-0.635
0.660,-0.634
0.670,-0.634
0.680,-0.633
0.690,-0.633
0.700,-0.632
0.710,-0.631
0.720,-0.631
0.730,-0.630
0.740,-0.629
0.750,-0.629
0.760,-0.628
0.770,-0.627
0.780,-0.627
0.790,-0.626
0.800,-0.625
0.810,-0.625
0.820,-0.624
0.830,-0.623
0.840,-0.623
0.850,-0.622
0.860,-0.621
0.870,-0.621
0.880,-0.620
0.890,-0.619
0.900,-0.619
0.910,-0.618
0.920,-0.617
0.930,-0.617
0.940,-0.616
0.950,-0.615
0.960,-0.615
0.970,-0.614
0.980,-0.613
0.990,-0.613
1.000,-0.612
1.010,-0.611
1.020,-0.611
1.030,-0.610
1.040,-0.609
1.050,-0.609
1.060,-0.608
1.070,-0.607
1.080,-0.607
1.090,-0.606
1.100,-0.605
1.110,-0.605
1.120,-0.604
1.130,-0.603
1.140,-0.603
1.150,-0.602
1.160,-0.601
1.170,-0.601
1.180,-0.600
1.190,-0.600
1.200,-0.599
1.210,-0.598
1.220,-0.598
1.230,-0.597
1.240,-0.596
1.250,-0.596
1.260,-0.595
1.270,-0.594
1.280,-0.594
1.290,-0.593
1.300,-0.592
1.310,-0.592
1.320,-0.591
1.330,-0.590
1.340,-0.590
1.350,-0.589
1.360,-0.589
1.370,-0.588
1.380,-0.587
1.390,-0.587
1.400,-0.586
1.410,-0.585
1.420,-0.585
1.430,-0.584
1.440,-0.583
1.450,-0.583
1.460,-0.582
1.470,-0.582
1.480,-0.581
1.490,-0.580
1.500,-0.580
1.510,-0.579
1.520,-0.578
1.530,-0.578
1.540,-0.577
1.550,-0.576
1.560,-0.576
1.570,-0.575
1.580,-0.575
1.590,-0.574
1.600,-0.573
1.610,-0.573
1.620,-0.572
1.630,-0.571
1.640,-0.571
1.650,-0.570
1.660,-0.570
1.670,-0.569
1.680,-0.568
1.690,-0.568
1.700,-0.567
1.710,-0.566
1.720,-0.566
1.730,-0.565
1.740,-0.565
1.750,-0.564
1.760,-0.563
1.770,-0.563
1.780,-0.562
1.790,-0.562
1.800,-0.561
1.810,-0.560
1.820,-0.560
1.830,-0.559
1.840,-0.559
1.850,-0.558
1.860,-0.558
1.870,-0.557
1.880,-0.556
1.890,-0.556
1.900,-0.555
1.910,-0.555
1.920,-0.554
1.930,-0.553
1.940,-0.553
1.950,-0.552
1.960,-0.551
1.970,-0.551
1.980,-0.550
1.990,-0.550
2.000,-0.549
2.010,-0.548
2.020,-0.548
2.030,-0.547
2.040,-0.547
2.050,-0.546
2.060,-0.545
2.070,-0.545
2.080,-0.544
2.090,-0.544
2.100,-0.543
2.110,-0.542
2.120,-0.542
2.130,-0.541
2.140,-0.541
2.150,-0.540
2.160,-0.539
2.170,-0.539
2.180,-0.538
2.190,-0.538
2.200,-0.537
2.210,-0.536
2.220,-0.536
2.230,-0.535
2.240,-0.535
2.250,-0.534
2.260,-0.534
2.270,-0.533
2.280,-0.532
2.290,-0.532
2.300,-0.531
2.310,-0.531
2.320,-0.530
2.330,-0.529
2.340,-0.529
2.350,-0.528
2.360,-0.528
2.370,-0.527
2.380,-0.526
2.390,-0.526
2.400,-0.525
2.410,-0.525
2.420,-0.524
2.430,-0.524
2.440,-0.523
2.450,-0.522
2.460,-0.522
2.470,-0.521
2.480,-0.521
2.490,-0.520
2.500,-0.520
2.510,-0.519
2.520,-0.518
2.530,-0.518
2.540,-0.517
2.550,-0.517
2.560,-0.516
2.570,-0.515
2.580,-0.515
2.590,-0.514
2.600,-0.514
2.610,-0.513
2.620,-0.513
2.630,-0.512
2.640,-0.511
2.650,-0.511
2.660,-0.510
2.670,-0.510
2.680,-0.509
2.690,-0.509
2.700,-0.508
2.710,-0.508
2.720,-0.507
2.730,-0.506
2.740,-0.506
2.750,-0.505
2.760,-0.505
2.770,-0.504
2.780,-0.504
2.790,-0.503
2.800,-0.502
2.810,-0.502
2.820,-0.501
2.830,-0.501
2.840,-0.500
2.850,-0.500
2.860,-0.499
2.870,-0.499
2.880,-0.498
2.890,-0.497
2.900,-0.497
2.910,-0.496
2.920,-0.496
2.930,-0.495
2.940,-0.495
2.950,-0.494
2.960,-0.493
2.970,-0.493
2.980,-0.492
2.990,-0.492
3.000,-0.491
3.010,-0.491
3.020,-0.490
3.030,-0.490
3.040,-0.489
3.050,-0.489
3.060,-0.488
3.070,-0.487
3.080,-0.487
3.090,-0.486
3.100,-0.486
3.110,-0.485
3.120,-0.485
3.130,-0.484
3.140,-0.484
3.150,-0.483
3.160,-0.483
3.170,-0.482
3.180,-0.481
3.190,-0.481
3.200,-0.480
3.210,-0.480
3.220,-0.479
3.230,-0.479
3.240,-0.478
3.250,-0.478
3.260,-0.477
3.270,-0.477
3.280,-0.476
3.290,-0.475
3.300,-0.475
3.310,-0.474
3.320,-0.474
3.330,-0.473
3.340,-0.473
3.350,-0.472
3.360,-0.472
3.370,-0.471
3.380,-0.471
3.390,-0.470
3.400,-0.470
3.410,-0.469
3.420,-0.469
3.430,-0.468
3.440,-0.467
3.450,-0.467
3.460,-0.466
3.470,-0.466
3.480,-0.465
3.490,-0.465
3.500,-0.464
3.510,-0.464
3.520,-0.463
3.530,-0.463
3.540,-0.462
3.550,-0.462
3.560,-0.461
3.570,-0.461
3.580,-0.460
3.590,-0.460
3.600,-0.459
3.610,-0.458
3.620,-0.458
3.630,-0.457
3.640,-0.457
3.650,-0.456
3.660,-0.456
3.670,-0.455
3.680,-0.455
3.690,-0.454
3.700,-0.454
3.710,-0.453
3.720,-0.453
3.730,-0.452
3.740,-0.452
3.750,-0.451
3.760,-0.451
3.770,-0.450
3.780,-0.450
3.790,-0.449
3.800,-0.449
3.810,-0.448
3.820,-0.448
3.830,-0.447
3.840,-0.447
3.850,-0.446
3.860,-0.446
3.870,-0.445
3.880,-0.445
3.890,-0.444
3.900,-0.443
3.910,-0.443
3.920,-0.442
3.930,-0.442
3.940,-0.441
3.950,-0.441
3.960,-0.440
3.970,-0.440
3.980,-0.439
3.990,-0.439
4.000,-0.438
4.010,-0.438
4.020,-0.437
4.030,-0.437
4.040,-0.436
4.050,-0.436
4.060,-0.435
4.070,-0.435
4.080,-0.434
4.090,-0.434
4.100,-0.433
4.110,-0.433
4.120,-0.432
4.130,-0.432
4.140,-0.431
4.150,-0.431
4.160,-0.430
4.170,-0.430
4.180,-0.429
4.190,-0.429
4.200,-0.428
4.210,-0.428
4.220,-0.427
4.230,-0.427
4.240,-0.426
4.250,-0.426
4.260,-0.425
4.270,-0.425
4.280,-0.426
4.290,-0.425
4.300,-0.425
4.310,-0.424
4.320,-0.424
4.330,-0.423
4.340,-0.423
4.350,-0.422
4.360,-0.422
4.370,-0.421
4.380,-0.421
4.390,-0.420
4.400,-0.420
4.410,-0.419
4.420,-0.419
4.430,-0.418
4.440,-0.418
4.450,-0.417
4.460,-0.417
4.470,-0.417
4.480,-0.417
4.490,-0.416
4.500,-0.416
4.510,-0.415
4.520,-0.415
4.530,-0.414
4.540,-0.414
4.550,-0.413
4.560,-0.413
4.570,-0.412
4.580,-0.412
4.590,-0.411
4.600,-0.411
4.610,-0.410
4.620,-0.410
4.630,-0.409
4.640,-0.409
4.650,-0.408
4.660,-0.408
4.670,-0.407
4.680,-0.407
4.690,-0.406
4.700,-0.406
4.710,-0.405
4.720,-0.405
4.730,-0.404
4.740,-0.404
4.750,-0.403
4.760,-0.403
4.770,-0.402
4.780,-0.402
4.790,-0.402
4.800,-0.401
4.810,-0.401
4.820,-0.400
4.830,-0.400
4.840,-0.399
4.850,-0.399
4.860,-0.398
4.870,-0.398
4.880,-0.397
4.890,-0.397
4.900,-0.396
4.910,-0.396
4.920,-0.395
4.930,-0.395
4.940,-0.394
4.950,-0.394
4.960,-0.393
4.970,-0.393
4.980,-0.392
4.990,-0.392
5.000,-0.392
5.010,-0.391
5.020,-0.391
5.030,-0.390
5.040,-0.390
5.050,-0.389
5.060,-0.389
5.070,-0.388
5.080,-0.388
5.090,-0.387
5.100,-0.387
5.110,-0.386
5.120,-0.386
5.130,-0.385
5.140,-0.385
5.150,-0.384
5.160,-0.384
5.170,-0.384
5.180,-0.383
5.190,-0.383
5.200,-0.382
5.210,-0.382
5.220,-0.381
5.230,-0.381
5.240,-0.380
5.250,-0.380
5.260,-0.379
5.270,-0.379
5.280,-0.378
5.290,-0.378
5.300,-0.378
5.310,-0.377
5.320,-0.377
5.330,-0.376
5.340,-0.376
5.350,-0.375
5.360,-0.375
5.370,-0.374
5.380,-0.374
5.390,-0.373
5.400,-0.373
5.410,-0.372
5.420,-0.372
5.430,-0.372
5.440,-0.371
5.450,-0.371
5.460,-0.370
5.470,-0.370
5.480,-0.369
5.490,-0.369
5.500,-0.368
5.510,-0.368
5.520,-0.367
5.530,-0.367
5.540,-0.367
5.550,-0.366
5.560,-0.366
5.570,-0.365
5.580,-0.365
5.590,-0.364
5.600,-0.364
5.610,-0.363
5.620,-0.363
5.630,-0.363
5.640,-0.362
5.650,-0.362
5.660,-0.361
5.670,-0.361
5.680,-0.360
5.690,-0.360
5.700,-0.359
5.710,-0.359
5.720,-0.359
5.730,-0.358
5.740,-0.358
5.750,-0.357
5.760,-0.357
5.770,-0.356
5.780,-0.356
5.790,-0.355
5.800,-0.355
5.810,-0.354
5.820,-0.354
5.830,-0.354
5.840,-0.353
5.850,-0.353
5.860,-0.352
5.870,-0.352
5.880,-0.351
5.890,-0.351
5.900,-0.351
5.910,-0.350
5.920,-0.350
5.930,-0.349
5.940,-0.349
5.950,-0.348
5.960,-0.348
5.970,-0.348
5.980,-0.347
5.990,-0.347
6.000,-0.346
6.010,-0.346
6.020,-0.345
6.030,-0.345
6.040,-0.345
6.050,-0.344
6.060,-0.344
6.070,-0.343
6.080,-0.343
6.090,-0.342
6.100,-0.342
6.110,-0.342
6.120,-0.341
6.130,-0.341
6.140,-0.340
6.150,-0.340
6.160,-0.339
6.170,-0.339
6.180,-0.338
6.190,-0.338
6.200,-0.338
6.210,-0.337
6.220,-0.337
6.230,-0.336
6.240,-0.336
6.250,-0.335
6.260,-0.335
6.270,-0.335
6.280,-0.334
6.290,-0.334
6.300,-0.333
6.310,-0.333
6.320,-0.332
6.330,-0.332
6.340,-0.332
6.350,-0.331
6.360,-0.331
6.370,-0.330
6.380,-0.330
6.390,-0.329
6.400,-0.329
6.410,-0.329
6.420,-0.328
6.430,-0.328
6.440,-0.327
6.450,-0.327
6.460,-0.326
6.470,-0.326
6.480,-0.326
6.490,-0.325
6.500,-0.325
6.510,-0.324
6.520,-0.324
6.530,-0.324
6.540,-0.323
6.550,-0.323
6.560,-0.322
6.570,-0.322
6.580,-0.321
6.590,-0.321
6.600,-0.321
6.610,-0.320
6.620,-0.320
6.630,-0.319
6.640,-0.319
6.650,-0.319
6.660,-0.318
6.670,-0.318
6.680,-0.317
6.690,-0.317
6.700,-0.316
6.710,-0.316
6.720,-0.316
6.730,-0.315
6.740,-0.315
6.750,-0.314
6.760,-0.314
6.770,-0.314
6.780,-0.313
6.790,-0.313
6.800,-0.312
6.810,-0.312
6.820,-0.311
6.830,-0.311
6.840,-0.311
6.850,-0.310
6.860,-0.310
6.870,-0.309
6.880,-0.309
6.890,-0.309
6.900,-0.308
6.910,-0.308
6.920,-0.307
6.930,-0.307
6.940,-0.307
6.950,-0.306
6.960,-0.306
6.970,-0.305
6.980,-0.305
6.990,-0.304
7.000,-0.304
7.010,-0.304
7.020,-0.303
7.030,-0.303
7.040,-0.302
7.050,-0.302
7.060,-0.302
7.070,-0.301
7.080,-0.301
7.090,-0.300
7.100,-0.300
7.110,-0.300
7.120,-0.299
7.130,-0.299
7.140,-0.298
7.150,-0.298
7.160,-0.298
7.170,-0.297
7.180,-0.297
7.190,-0.296
7.200,-0.296
7.210,-0.296
7.220,-0.295
7.230,-0.295
7.240,-0.294
7.250,-0.294
7.260,-0.294
7.270,-0.293
7.280,-0.293
7.290,-0.292
7.300,-0.292
7.310,-0.292
7.320,-0.291
7.330,-0.291
7.340,-0.290
7.350,-0.290
7.360,-0.290
7.370,-0.289
7.380,-0.289
7.390,-0.288
7.400,-0.288
7.410,-0.288
7.420,-0.287
7.430,-0.287
7.440,-0.286
7.450,-0.286
7.460,-0.286
7.470,-0.285
7.480,-0.285
7.490,-0.284
7.500,-0.284
7.510,-0.284
7.520,-0.283
7.530,-0.283
7.540,-0.282
7.550,-0.282
7.560,-0.282
7.570,-0.281
7.580,-0.281
7.590,-0.281
7.600,-0.280
7.610,-0.280
7.620,-0.279
7.630,-0.279
7.640,-0.279
7.650,-0.278
7.660,-0.278
7.670,-0.277
7.680,-0.277
7.690,-0.277
7.700,-0.276
7.710,-0.276
7.720,-0.275
7.730,-0.275
7.740,-0.275
7.750,-0.274
7.760,-0.274
7.770,-0.274
7.780,-0.273
7.790,-0.273
7.800,-0.272
7.810,-0.272
7.820,-0.272
7.830,-0.271
7.840,-0.271
7.850,-0.270
7.860,-0.270
7.870,-0.270
7.880,-0.269
7.890,-0.269
7.900,-0.269
7.910,-0.268
7.920,-0.268
7.930,-0.267
7.940,-0.267
7.950,-0.267
7.960,-0.266
7.970,-0.266
7.980,-0.265
7.990,-0.265
8.000,-0.265
8.010,-0.264
8.020,-0.264
8.030,-0.264
8.040,-0.263
8.050,-0.263
8.060,-0.262
8.070,-0.262
8.080,-0.262
8.090,-0.261
8.100,-0.261
8.110,-0.261
8.120,-0.260
8.130,-0.260
8.140,-0.259
8.150,-0.259
8.160,-0.259
8.170,-0.258
8.180,-0.258
8.190,-0.257
8.200,-0.257
8.210,-0.257
8.220,-0.256
8.230,-0.256
8.240,-0.256
8.250,-0.255
8.260,-0.255
8.270,-0.254
8.280,-0.254
8.290,-0.254
8.300,-0.253
8.310,-0.253
8.320,-0.253
8.330,-0.252
8.340,-0.252
8.350,-0.251
8.360,-0.251
8.370,-0.251
8.380,-0.250
8.390,-0.250
8.400,-0.250
8.410,-0.249
8.420,-0.249
8.430,-0.249
8.440,-0.248
8.450,-0.248
8.460,-0.247
8.470,-0.247
8.480,-0.247
8.490,-0.246
8.500,-0.246
8.510,-0.246
8.520,-0.245
8.530,-0.245
8.540,-0.244
8.550,-0.244
8.560,-0.244
8.570,-0.243
8.580,-0.243
8.590,-0.243
8.600,-0.242
8.610,-0.242
8.620,-0.242
8.630,-0.241
8.640,-0.241
8.650,-0.240
8.660,-0.240
8.670,-0.240
8.680,-0.239
8.690,-0.239
8.700,-0.239
8.710,-0.238
8.720,-0.238
8.730,-0.237
8.740,-0.237
8.750,-0.237
8.760,-0.236
8.770,-0.236
8.780,-0.236
8.790,-0.235
8.800,-0.235
8.810,-0.235
8.820,-0.234
8.830,-0.234
8.840,-0.234
8.850,-0.233
8.860,-0.233
8.870,-0.232
8.880,-0.232
8.890,-0.232
8.900,-0.231
8.910,-0.231
8.920,-0.231
8.930,-0.230
8.940,-0.230
8.950,-0.230
8.960,-0.229
8.970,-0.229
8.980,-0.228
8.990,-0.228
9.000,-0.228
9.010,-0.227
9.020,-0.227
9.030,-0.227
9.040,-0.226
9.050,-0.226
9.060,-0.226
9.070,-0.225
9.080,-0.225
9.090,-0.225
9.100,-0.224
9.110,-0.224
9.120,-0.223
9.130,-0.223
9.140,-0.223
9.150,-0.222
9.160,-0.222
9.170,-0.222
9.180,-0.221
9.190,-0.221
9.200,-0.221
9.210,-0.220
9.220,-0.220
9.230,-0.220
9.240,-0.219
9.250,-0.219
9.260,-0.219
9.270,-0.218
9.280,-0.218
9.290,-0.217
9.300,-0.217
9.310,-0.217
9.320,-0.216
9.330,-0.216
9.340,-0.216
9.350,-0.215
9.360,-0.215
9.370,-0.215
9.380,-0.214
9.390,-0.214
9.400,-0.214
9.410,-0.213
9.420,-0.213
9.430,-0.213
9.440,-0.212
9.450,-0.212
9.460,-0.211
9.470,-0.211
9.480,-0.211
9.490,-0.210
9.500,-0.210
9.510,-0.210
9.520,-0.209
9.530,-0.209
9.540,-0.209
9.550,-0.208
9.560,-0.208
9.570,-0.208
9.580,-0.207
9.590,-0.207
9.600,-0.207
9.610,-0.206
9.620,-0.206
9.630,-0.206
9.640,-0.205
9.650,-0.205
9.660,-0.205
9.670,-0.204
9.680,-0.204
9.690,-0.204
9.700,-0.203
9.710,-0.203
9.720,-0.203
9.730,-0.202
9.740,-0.202
9.750,-0.202
9.760,-0.201
9.770,-0.201
9.780,-0.200
9.790,-0.200
9.800,-0.200
9.810,-0.199
9.820,-0.199
9.830,-0.199
9.840,-0.198
9.850,-0.198
9.860,-0.198
9.870,-0.197
9.880,-0.197
9.890,-0.197
9.900,-0.196
9.910,-0.196
9.920,-0.196
9.930,-0.195
9.940,-0.195
9.950,-0.195
9.960,-0.194
9.970,-0.194
9.980,-0.194
9.990,-0.193
10.000,-0.193
10.010,-0.193
10.020,-0.192
10.030,-0.192
10.040,-0.192
10.050,-0.191
10.060,-0.191
10.070,-0.191
10.080,-0.190
10.090,-0.190
10.100,-0.190
10.110,-0.189
10.120,-0.189
10.130,-0.189
10.140,-0.188
10.150,-0.188
10.160,-0.188
10.170,-0.187
10.180,-0.187
10.190,-0.187
10.200,-0.186
10.210,-0.186
10.220,-0.186
10.230,-0.185
10.240,-0.185
10.250,-0.185
10.260,-0.184
10.270,-0.184
10.280,-0.184
10.290,-0.183
10.300,-0.183
10.310,-0.183
10.320,-0.182
10.330,-0.182
10.340,-0.182
10.350,-0.181
10.360,-0.181
10.370,-0.181
10.380,-0.180
10.390,-0.180
10.400,-0.180
10.410,-0.179
10.420,-0.179
10.430,-0.179
10.440,-0.178
10.450,-0.178
10.460,-0.178
10.470,-0.177
10.480,-0.177
10.490,-0.177
10.500,-0.176
10.510,-0.176
10.520,-0.176
10.530,-0.175
10.540,-0.175
10.550,-0.175
10.560,-0.174
10.570,-0.174
10.580,-0.174
10.590,-0.173
10.600,-0.173
10.610,-0.173
10.620,-0.172
10.630,-0.172
10.640,-0.172
10.650,-0.171
10.660,-0.171
10.670,-0.171
10.680,-0.170
10.690,-0.170
10.700,-0.170
10.710,-0.169
10.720,-0.169
10.730,-0.169
10.740,-0.168
10.750,-0.168
10.760,-0.168
10.770,-0.167
10.780,-0.167
10.790,-0.167
10.800,-0.166
10.810,-0.166
10.820,-0.166
10.830,-0.166
10.840,-0.165
10.850,-0.165
10.860,-0.165
10.870,-0.164
10.880,-0.164
10.890,-0.164
10.900,-0.163
10.910,-0.163
10.920,-0.163
10.930,-0.162
10.940,-0.162
10.950,-0.162
10.960,-0.161
10.970,-0.161
10.980,-0.161
10.990,-0.160
11.000,-0.160
11.010,-0.160
11.020,-0.159
11.030,-0.159
11.040,-0.159
11.050,-0.158
11.060,-0.158
11.070,-0.158
11.080,-0.157
11.090,-0.157
11.100,-0.157
11.110,-0.157
11.120,-0.156
11.130,-0.156
11.140,-0.156
11.150,-0.155
11.160,-0.155
11.170,-0.155
11.180,-0.154
11.190,-0.154
11.200,-0.154
11.210,-0.153
11.220,-0.153
11.230,-0.153
11.240,-0.152
11.250,-0.152
11.260,-0.152
11.270,-0.151
11.280,-0.151
11.290,-0.151
11.300,-0.150
11.310,-0.150
11.320,-0.150
11.330,-0.150
11.340,-0.149
11.350,-0.149
11.360,-0.149
11.370,-0.148
11.380,-0.148
11.390,-0.148
11.400,-0.147
11.410,-0.147
11.420,-0.147
11.430,-0.146
11.440,-0.146
11.450,-0.146
11.460,-0.145
11.470,-0.145
11.480,-0.145
11.490,-0.144
11.500,-0.144
11.510,-0.144
11.520,-0.144
11.530,-0.143
11.540,-0.143
11.550,-0.143
11.560,-0.142
11.570,-0.142
11.580,-0.142
11.590,-0.141
11.600,-0.141
11.610,-0.141
11.620,-0.140
11.630,-0.140
11.640,-0.140
11.650,-0.139
11.660,-0.139
11.670,-0.139
11.680,-0.139
11.690,-0.138
11.700,-0.138
11.710,-0.138
11.720,-0.137
11.730,-0.137
11.740,-0.137
11.750,-0.136
11.760,-0.136
11.770,-0.136
11.780,-0.135
11.790,-0.135
11.800,-0.135
11.810,-0.135
11.820,-0.134
11.830,-0.134
11.840,-0.134
11.850,-0.133
11.860,-0.133
11.870,-0.133
11.880,-0.132
11.890,-0.132
11.900,-0.132
11.910,-0.131
11.920,-0.131
11.930,-0.131
11.940,-0.131
11.950,-0.130
11.960,-0.130
11.970,-0.130
11.980,-0.129
11.990,-0.129
12.000,-0.129
12.010,-0.128
12.020,-0.128
12.030,-0.128
12.040,-0.127
12.050,-0.127
12.060,-0.127
12.070,-0.127
12.080,-0.126
12.090,-0.126
12.100,-0.126
12.110,-0.125
12.120,-0.125
12.130,-0.125
12.140,-0.124
12.150,-0.124
12.160,-0.124
12.170,-0.123
12.180,-0.123
12.190,-0.123
12.200,-0.123
12.210,-0.122
12.220,-0.122
12.230,-0.122
12.240,-0.121
12.250,-0.121
12.260,-0.121
12.270,-0.120
12.280,-0.120
12.290,-0.120
12.300,-0.120
12.310,-0.119
12.320,-0.119
12.330,-0.119
12.340,-0.118
12.350,-0.118
12.360,-0.118
12.370,-0.117
12.380,-0.117
12.390,-0.117
12.400,-0.117
12.410,-0.116
12.420,-0.116
12.430,-0.116
12.440,-0.115
12.450,-0.115
12.460,-0.115
12.470,-0.114
12.480,-0.114
12.490,-0.114
12.500,-0.114
12.510,-0.113
12.520,-0.113
12.530,-0.113
12.540,-0.112
12.550,-0.112
12.560,-0.112
12.570,-0.111
12.580,-0.111
12.590,-0.111
12.600,-0.111
12.610,-0.110
12.620,-0.110
12.630,-0.110
12.640,-0.109
12.650,-0.109
12.660,-0.109
12.670,-0.108
12.680,-0.108
12.690,-0.108
12.700,-0.108
12.710,-0.107
12.720,-0.107
12.730,-0.107
12.740,-0.106
12.750,-0.106
12.760,-0.106
12.770,-0.105
12.780,-0.105
12.790,-0.105
12.800,-0.105
12.810,-0.104
12.820,-0.104
12.830,-0.104
12.840,-0.103
12.850,-0.103
12.860,-0.103
12.870,-0.103
12.880,-0.102
12.890,-0.102
12.900,-0.102
12.910,-0.101
12.920,-0.101
12.930,-0.101
12.940,-0.100
12.950,-0.100
12.960,-0.100
12.970,-0.100
12.980,-0.099
12.990,-0.099
13.000,-0.099
13.010,-0.098
13.020,-0.098
13.030,-0.098
13.040,-0.097
13.050,-0.097
13.060,-0.097
13.070,-0.097
13.080,-0.096
13.090,-0.096
13.100,-0.096
13.110,-0.095
13.120,-0.095
13.130,-0.095
13.140,-0.095
13.150,-0.094
13.160,-0.094
13.170,-0.094
13.180,-0.093
13.190,-0.093
13.200,-0.093
13.210,-0.093
13.220,-0.092
13.230,-0.092
13.240,-0.092
13.250,-0.091
13.260,-0.091
13.270,-0.091
13.280,-0.090
13.290,-0.090
13.300,-0.090
13.310,-0.090
13.320,-0.089
13.330,-0.089
13.340,-0.089
13.350,-0.088
13.360,-0.088
13.370,-0.088
13.380,-0.088
13.390,-0.087
13.400,-0.087
13.410,-0.087
13.420,-0.086
13.430,-0.086
13.440,-0.086
13.450,-0.086
13.460,-0.085
13.470,-0.085
13.480,-0.085
13.490,-0.084
13.500,-0.084
13.510,-0.084
13.520,-0.084
13.530,-0.083
13.540,-0.083
13.550,-0.083
13.560,-0.082
13.570,-0.082
13.580,-0.082
13.590,-0.081
13.600,-0.081
13.610,-0.081
13.620,-0.081
13.630,-0.080
13.640,-0.080
13.650,-0.080
13.660,-0.079
13.670,-0.079
13.680,-0.079
13.690,-0.079
13.700,-0.078
13.710,-0.078
13.720,-0.078
13.730,-0.077
13.740,-0.077
13.750,-0.077
13.760,-0.077
13.770,-0.076
13.780,-0.076
13.790,-0.076
13.800,-0.075
13.810,-0.075
13.820,-0.075
13.830,-0.075
13.840,-0.074
13.850,-0.074
13.860,-0.074
13.870,-0.073
13.880,-0.073
13.890,-0.073
13.900,-0.073
13.910,-0.072
13.920,-0.072
13.930,-0.072
13.940,-0.071
13.950,-0.071
13.960,-0.071
13.970,-0.071
13.980,-0.070
13.990,-0.070
14.000,-0.070
14.010,-0.069
14.020,-0.069
14.030,-0.069
14.040,-0.069
14.050,-0.068
14.060,-0.068
14.070,-0.068
14.080,-0.067
14.090,-0.067
14.100,-0.067
14.110,-0.067
14.120,-0.066
14.130,-0.066
14.140,-0.066
14.150,-0.065
14.160,-0.065
14.170,-0.065
14.180,-0.065
14.190,-0.064
14.200,-0.064
14.210,-0.064
14.220,-0.064
14.230,-0.063
14.240,-0.063
14.250,-0.063
14.260,-0.062
14.270,-0.062
14.280,-0.062
14.290,-0.062
14.300,-0.061
14.310,-0.061
14.320,-0.061
14.330,-0.060
14.340,-0.060
14.350,-0.060
14.360,-0.060
14.370,-0.059
14.380,-0.059
14.390,-0.059
14.400,-0.058
14.410,-0.058
14.420,-0.058
14.430,-0.058
14.440,-0.057
14.450,-0.057
14.460,-0.057
14.470,-0.056
14.480,-0.056
14.490,-0.056
14.500,-0.056
14.510,-0.055
14.520,-0.055
14.530,-0.055
14.540,-0.055
14.550,-0.054
14.560,-0.054
14.570,-0.054
14.580,-0.053
14.590,-0.053
14.600,-0.053
14.610,-0.053
14.620,-0.052
14.630,-0.052
14.640,-0.052
14.650,-0.051
14.660,-0.051
14.670,-0.051
14.680,-0.051
14.690,-0.050
14.700,-0.050
14.710,-0.050
14.720,-0.049
14.730,-0.049
14.740,-0.049
14.750,-0.049
14.760,-0.048
14.770,-0.048
14.780,-0.048
14.790,-0.048
14.800,-0.047
14.810,-0.047
14.820,-0.047
14.830,-0.046
14.840,-0.046
14.850,-0.046
14.860,-0.046
14.870,-0.045
14.880,-0.045
14.890,-0.045
14.900,-0.044
14.910,-0.044
14.920,-0.044
14.930,-0.044
14.940,-0.043
14.950,-0.043
14.960,-0.043
14.970,-0.043
14.980,-0.042
14.990,-0.042
15.000,-0.042
15.010,-0.041
15.020,-0.041
15.030,-0.041
15.040,-0.041
15.050,-0.040
15.060,-0.040
15.070,-0.040
15.080,-0.039
15.090,-0.039
15.100,-0.039
15.110,-0.039
15.120,-0.038
15.130,-0.038
15.140,-0.038
15.150,-0.038
15.160,-0.037
15.170,-0.037
15.180,-0.037
15.190,-0.036
15.200,-0.036
15.210,-0.036
15.220,-0.036
15.230,-0.035
15.240,-0.035
15.250,-0.035
15.260,-0.035
15.270,-0.034
15.280,-0.034
15.290,-0.034
15.300,-0.033
15.310,-0.033
15.320,-0.033
15.330,-0.033
15.340,-0.032
15.350,-0.032
15.360,-0.032
15.370,-0.031
15.380,-0.031
15.390,-0.031
15.400,-0.031
15.410,-0.030
15.420,-0.030
15.430,-0.030
15.440,-0.030
15.450,-0.029
15.460,-0.029
15.470,-0.029
15.480,-0.028
15.490,-0.028
15.500,-0.028
15.510,-0.028
15.520,-0.027
15.530,-0.027
15.540,-0.027
15.550,-0.027
15.560,-0.026
15.570,-0.026
15.580,-0.026
15.590,-0.025
15.600,-0.025
15.610,-0.025
15.620,-0.025
15.630,-0.024
15.640,-0.024
15.650,-0.024
15.660,-0.024
15.670,-0.023
15.680,-0.023
15.690,-0.023
15.700,-0.022
15.710,-0.022
15.720,-0.022
15.730,-0.022
15.740,-0.021
15.750,-0.021
15.760,-0.021
15.770,-0.021
15.780,-0.020
15.790,-0.020
15.800,-0.020
15.810,-0.019
15.820,-0.019
15.830,-0.019
15.840,-0.019
15.850,-0.018
15.860,-0.018
15.870,-0.018
15.880,-0.018
15.890,-0.017
15.900,-0.017
15.910,-0.017
15.920,-0.016
15.930,-0.016
15.940,-0.016
15.950,-0.016
15.960,-0.015
15.970,-0.015
15.980,-0.015
15.990,-0.015
16.000,-0.014
16.010,-0.014
16.020,-0.014
16.030,-0.013
16.040,-0.013
16.050,-0.013
16.060,-0.013
16.070,-0.012
16.080,-0.012
16.090,-0.012
16.100,-0.012
16.110,-0.011
16.120,-0.011
16.130,-0.011
16.140,-0.010
16.150,-0.010
16.160,-0.010
16.170,-0.010
16.180,-0.009
16.190,-0.009
16.200,-0.009
16.210,-0.009
16.220,-0.008
16.230,-0.008
16.240,-0.008
16.250,-0.007
16.260,-0.007
16.270,-0.007
16.280,-0.007
16.290,-0.006
16.300,-0.006
16.310,-0.006
16.320,-0.006
16.330,-0.005
16.340,-0.005
16.350,-0.005
16.360,-0.004
16.370,-0.004
16.380,-0.004
16.390,-0.004
16.400,-0.003
16.410,-0.003
16.420,-0.003
16.430,-0.003
16.440,-0.002
16.450,-0.002
16.460,-0.002
16.470,-0.001
16.480,-0.001
16.490,-0.001
16.500,-0.001
16.510,-0.000
16.580,1.038
16.590,1.038
16.600,1.036
16.610,1.035
16.620,1.033
16.630,1.032
16.640,1.030
16.650,1.029
16.660,1.028
16.670,1.026
16.680,1.025
16.690,1.024
16.700,1.022
16.710,1.022
16.720,1.021
16.730,1.019
16.740,1.018
16.750,1.017
16.760,1.015
16.770,1.014
16.780,1.012
16.790,1.011
16.800,1.010
16.810,1.008
16.820,1.007
16.830,1.005
16.840,1.004
16.850,1.003
16.860,1.001
16.870,1.000
16.880,0.999
16.890,0.997
16.900,0.996
16.910,0.994
16.920,0.993
16.930,0.992
16.940,0.990
16.950,0.989
16.960,0.987
16.970,0.986
16.980,0.985
16.990,0.983
17.000,0.982
17.010,0.980
17.020,0.979
17.030,0.978
17.040,0.976
17.050,0.975
17.060,0.974
17.070,0.973
17.080,0.972
17.090,0.970
17.100,0.969
17.110,0.968
17.120,0.966
17.130,0.965
17.140,0.963
17.150,0.962
17.160,0.960
17.170,0.959
17.180,0.958
17.190,0.956
17.200,0.955
17.210,0.953
17.220,0.952
17.230,0.951
17.240,0.949
17.250,0.948
17.260,0.946
17.270,0.945
17.280,0.943
17.290,0.942
17.300,0.941
17.310,0.939
17.320,0.938
17.330,0.936
17.340,0.935
17.350,0.933
17.360,0.932
17.370,0.931
17.380,0.930
17.390,0.928
17.400,0.927
17.410,0.927
17.420,0.925
17.430,0.924
17.440,0.922
17.450,0.921
17.460,0.919
17.470,0.918
17.480,0.917
17.490,0.915
17.500,0.914
17.510,0.912
17.520,0.911
17.530,0.909
17.540,0.908
17.550,0.907
17.560,0.905
17.570,0.904
17.580,0.902
17.590,0.901
17.600,0.899
17.610,0.898
17.620,0.897
17.630,0.895
17.640,0.894
17.650,0.892
17.660,0.891
17.670,0.890
17.680,0.888
17.690,0.888
17.700,0.887
17.710,0.885
17.720,0.884
17.730,0.882
17.740,0.881
17.750,0.880
17.760,0.878
17.770,0.877
17.780,0.875
17.790,0.874
17.800,0.872
17.810,0.871
17.820,0.869
17.830,0.868
17.840,0.867
17.850,0.865
17.860,0.864
17.870,0.862
17.880,0.861
17.890,0.859
17.900,0.858
17.910,0.857
17.920,0.855
17.930,0.854
17.940,0.852
17.950,0.851
17.960,0.849
17.970,0.849
17.980,0.847
17.990,0.846
18.000,0.845
18.010,0.844
18.020,0.842
18.030,0.841
18.040,0.840
18.050,0.838
18.060,0.837
18.070,0.835
18.080,0.834
18.090,0.832
18.100,0.831
18.110,0.830
18.120,0.828
18.130,0.827
18.140,0.825
18.150,0.824
18.160,0.822
18.170,0.821
18.180,0.820
18.190,0.818
18.200,0.817
18.210,0.815
18.220,0.814
18.230,0.813
18.240,0.812
18.250,0.810
18.260,0.809
18.270,0.809
18.280,0.807
18.290,0.806
18.300,0.804
18.310,0.803
18.320,0.801
18.330,0.800
18.340,0.799
18.350,0.797
18.360,0.796
18.370,0.794
18.380,0.793
18.390,0.792
18.400,0.790
18.410,0.789
18.420,0.787
18.430,0.786
18.440,0.785
18.450,0.783
18.460,0.782
18.470,0.780
18.480,0.779
18.490,0.778
18.500,0.777
18.510,0.776
18.520,0.774
18.530,0.774
18.540,0.772
18.550,0.771
18.560,0.769
18.570,0.768
18.580,0.767
18.590,0.765
18.600,0.764
18.610,0.762
18.620,0.761
18.630,0.760
18.640,0.758
18.650,0.757
18.660,0.755
18.670,0.754
18.680,0.753
18.690,0.751
18.700,0.750
18.710,0.749
18.720,0.747
18.730,0.746
18.740,0.744
18.750,0.744
18.760,0.744
18.770,0.742
18.780,0.741
18.790,0.739
18.800,0.738
18.810,0.736
18.820,0.735
18.830,0.734
18.840,0.732
18.850,0.731
18.860,0.730
18.870,0.728
18.880,0.727
18.890,0.726
18.900,0.724
18.910,0.723
18.920,0.721
18.930,0.720
18.940,0.719
18.950,0.717
18.960,0.716
18.970,0.715
18.980,0.713
18.990,0.713
19.000,0.713
19.010,0.711
19.020,0.710
19.030,0.708
19.040,0.707
19.050,0.706
19.060,0.704
19.070,0.703
19.080,0.702
19.090,0.700
19.100,0.699
19.110,0.698
19.120,0.696
19.130,0.695
19.140,0.694
19.150,0.692
19.160,0.691
19.170,0.690
19.180,0.688
19.190,0.687
19.200,0.686
19.210,0.684
19.220,0.684
19.230,0.684
19.240,0.682
19.250,0.681
19.260,0.679
19.270,0.678
19.280,0.677
19.290,0.675
19.300,0.674
19.310,0.673
19.320,0.672
19.330,0.670
19.340,0.669
19.350,0.668
19.360,0.666
19.370,0.665
19.380,0.664
19.390,0.662
19.400,0.661
19.410,0.660
19.420,0.658
19.430,0.657
19.440,0.657
19.450,0.655
19.460,0.654
19.470,0.654
19.480,0.652
19.490,0.651
19.500,0.650
19.510,0.649
19.520,0.647
19.530,0.646
19.540,0.645
19.550,0.643
19.560,0.642
19.570,0.641
19.580,0.639
19.590,0.638
19.600,0.637
19.610,0.635
19.620,0.634
19.630,0.633
19.640,0.632
19.650,0.630
19.660,0.630
19.670,0.630
19.680,0.628
19.690,0.627
19.700,0.626
19.710,0.625
19.720,0.623
19.730,0.622
19.740,0.621
19.750,0.620
19.760,0.618
19.770,0.617
19.780,0.616
19.790,0.615
19.800,0.613
19.810,0.612
19.820,0.611
19.830,0.610
19.840,0.608
19.850,0.607
19.860,0.606
19.870,0.606
19.880,0.605
19.890,0.604
19.900,0.603
19.910,0.601
19.920,0.600
19.930,0.599
19.940,0.598
19.950,0.596
19.960,0.595
19.970,0.594
19.980,0.593
19.990,0.592
20.000,0.590
20.010,0.589
20.020,0.588
20.030,0.587
20.040,0.585
20.050,0.584
20.060,0.583
20.070,0.582
20.080,0.581
20.090,0.580
20.100,0.579
20.110,0.578
20.120,0.577
20.130,0.575
20.140,0.574
20.150,0.573
20.160,0.572
20.170,0.571
20.180,0.569
20.190,0.568
20.200,0.567
20.210,0.566
20.220,0.565
20.230,0.564
20.240,0.562
20.250,0.561
20.260,0.560
20.270,0.559
20.280,0.559
20.290,0.557
20.300,0.556
20.310,0.555
20.320,0.554
20.330,0.553
20.340,0.551
20.350,0.550
20.360,0.549
20.370,0.548
20.380,0.547
20.390,0.546
20.400,0.545
20.410,0.543
20.420,0.542
20.430,0.541
20.440,0.540
20.450,0.539
20.460,0.538
20.470,0.537
20.480,0.536
20.490,0.535
20.500,0.534
20.510,0.533
20.520,0.532
20.530,0.531
20.540,0.529
20.550,0.528
20.560,0.527
20.570,0.526
20.580,0.525
20.590,0.524
20.600,0.523
20.610,0.522
20.620,0.521
20.630,0.520
20.640,0.519
20.650,0.518
20.660,0.517
20.670,0.516
20.680,0.515
20.690,0.514
20.700,0.513
20.710,0.511
20.720,0.510
20.730,0.509
20.740,0.508
20.750,0.507
20.760,0.506
20.770,0.505
20.780,0.504
20.790,0.503
20.800,0.502
20.810,0.501
20.820,0.500
20.830,0.499
20.840,0.498
20.850,0.497
20.860,0.496
20.870,0.495
20.880,0.494
20.890,0.493
20.900,0.492
20.910,0.491
20.920,0.490
20.930,0.489
20.940,0.488
20.950,0.486
20.960,0.485
20.970,0.484
20.980,0.483
20.990,0.482
21.000,0.481
21.010,0.481
21.020,0.480
21.030,0.479
21.040,0.478
21.050,0.477
21.060,0.476
21.070,0.475
21.080,0.474
21.090,0.473
21.100,0.472
21.110,0.471
21.120,0.470
21.130,0.469
21.140,0.468
21.150,0.467
21.160,0.466
21.170,0.465
21.180,0.464
21.190,0.463
21.200,0.462
21.210,0.461
21.220,0.460
21.230,0.459
21.240,0.458
21.250,0.457
21.260,0.456
21.270,0.455
21.280,0.454
21.290,0.453
21.300,0.452
21.310,0.451
21.320,0.450
21.330,0.449
21.340,0.448
21.350,0.447
21.360,0.447
21.370,0.446
21.380,0.445
21.390,0.444
21.400,0.443
21.410,0.442
21.420,0.441
21.430,0.440
21.440,0.440
21.450,0.439
21.460,0.438
21.470,0.437
21.480,0.436
21.490,0.435
21.500,0.434
21.510,0.433
21.520,0.432
21.530,0.431
21.540,0.431
21.550,0.430
21.560,0.429
21.570,0.428
21.580,0.427
21.590,0.426
21.600,0.425
21.610,0.424
21.620,0.423
21.630,0.423
21.640,0.422
21.650,0.421
21.660,0.420
21.670,0.419
21.680,0.418
21.690,0.417
21.700,0.417
21.710,0.416
21.720,0.415
21.730,0.414
21.740,0.413
21.750,0.412
21.760,0.411
21.770,0.411
21.780,0.410
21.790,0.409
21.800,0.408
21.810,0.407
21.820,0.406
21.830,0.405
21.840,0.404
21.850,0.403
21.860,0.403
21.870,0.402
21.880,0.402
21.890,0.401
21.900,0.400
21.910,0.399
21.920,0.398
21.930,0.397
21.940,0.396
21.950,0.395
21.960,0.395
21.970,0.394
21.980,0.393
21.990,0.392
22.000,0.391
22.010,0.390
22.020,0.389
22.030,0.389
22.040,0.388
22.050,0.388
22.060,0.387
22.070,0.386
22.080,0.385
22.090,0.384
22.100,0.383
22.110,0.382
22.120,0.382
22.130,0.381
22.140,0.380
22.150,0.379
22.160,0.378
22.170,0.378
22.180,0.377
22.190,0.376
22.200,0.375
22.210,0.375
22.220,0.374
22.230,0.373
22.240,0.372
22.250,0.372
22.260,0.371
22.270,0.370
22.280,0.369
22.290,0.368
22.300,0.368
22.310,0.367
22.320,0.366
22.330,0.365
22.340,0.364
22.350,0.364
22.360,0.363
22.370,0.362
22.380,0.362
22.390,0.361
22.400,0.360
22.410,0.359
22.420,0.359
22.430,0.358
22.440,0.357
22.450,0.356
22.460,0.355
22.470,0.355
22.480,0.354
22.490,0.353
22.500,0.352
22.510,0.352
22.520,0.351
22.530,0.350
22.540,0.350
22.550,0.349
22.560,0.348
22.570,0.347
22.580,0.347
22.590,0.346
22.600,0.345
22.610,0.344
22.620,0.344
22.630,0.343
22.640,0.342
22.650,0.341
22.660,0.341
22.670,0.340
22.680,0.339
22.690,0.338
22.700,0.338
22.710,0.338
22.720,0.337
22.730,0.336
22.740,0.335
22.750,0.335
22.760,0.334
22.770,0.333
22.780,0.332
22.790,0.332
22.800,0.331
22.810,0.330
22.820,0.329
22.830,0.329
22.840,0.328
22.850,0.327
22.860,0.327
22.870,0.326
22.880,0.326
22.890,0.325
22.900,0.324
22.910,0.324
22.920,0.323
22.930,0.322
22.940,0.321
22.950,0.321
22.960,0.320
22.970,0.319
22.980,0.319
22.990,0.318
23.000,0.317
23.010,0.317
23.020,0.316
23.030,0.316
23.040,0.315
23.050,0.314
23.060,0.314
23.070,0.313
23.080,0.312
23.090,0.311
23.100,0.311
23.110,0.310
23.120,0.309
23.130,0.309
23.140,0.308
23.150,0.307
23.160,0.307
23.170,0.306
23.180,0.306
23.190,0.305
23.200,0.304
23.210,0.304
23.220,0.303
23.230,0.302
23.240,0.302
23.250,0.301
23.260,0.300
23.270,0.300
23.280,0.299
23.290,0.299
23.300,0.298
23.310,0.297
23.320,0.297
23.330,0.296
23.340,0.296
23.350,0.295
23.360,0.294
23.370,0.294
23.380,0.293
23.390,0.292
23.400,0.292
23.410,0.291
23.420,0.291
23.430,0.290
23.440,0.289
23.450,0.289
23.460,0.288
23.470,0.287
23.480,0.287
23.490,0.287
23.500,0.286
23.510,0.285
23.520,0.285
23.530,0.284
23.540,0.283
23.550,0.283
23.560,0.282
23.570,0.282
23.580,0.281
23.590,0.280
23.600,0.280
23.610,0.279
23.620,0.279
23.630,0.278
23.640,0.278
23.650,0.277
23.660,0.276
23.670,0.276
23.680,0.275
23.690,0.275
23.700,0.274
23.710,0.273
23.720,0.273
23.730,0.272
23.740,0.272
23.750,0.271
23.760,0.270
23.770,0.270
23.780,0.269
23.790,0.269
23.800,0.269
23.810,0.268
23.820,0.267
23.830,0.267
23.840,0.266
23.850,0.266
23.860,0.265
23.870,0.264
23.880,0.264
23.890,0.263
23.900,0.263
23.910,0.262
23.920,0.262
23.930,0.261
23.940,0.261
23.950,0.260
23.960,0.260
23.970,0.259
23.980,0.259
23.990,0.258
24.000,0.257
24.010,0.257
24.020,0.256
24.030,0.256
24.040,0.255
24.050,0.255
24.060,0.254
24.070,0.253
24.080,0.253
24.090,0.253
24.100,0.252
24.110,0.252
24.120,0.251
24.130,0.251
24.140,0.250
24.150,0.249
24.160,0.249
24.170,0.248
24.180,0.248
24.190,0.247
24.200,0.247
24.210,0.246
24.220,0.246
24.230,0.245
24.240,0.245
24.250,0.244
24.260,0.244
24.270,0.243
24.280,0.243
24.290,0.242
24.300,0.242
24.310,0.241
24.320,0.241
24.330,0.240
24.340,0.240
24.350,0.239
24.360,0.239
24.370,0.238
24.380,0.238
24.390,0.237
24.400,0.237
24.410,0.236
24.420,0.236
24.430,0.235
24.440,0.235
24.450,0.234
24.460,0.234
24.470,0.233
24.480,0.233
24.490,0.232
24.500,0.232
24.510,0.231
24.520,0.231
24.530,0.230
24.540,0.230
24.550,0.229
24.560,0.229
24.570,0.229
24.580,0.228
24.590,0.228
24.600,0.227
24.610,0.227
24.620,0.226
24.630,0.226
24.640,0.225
24.650,0.225
24.660,0.224
24.670,0.224
24.680,0.223
24.690,0.223
24.700,0.222
24.710,0.222
24.720,0.222
24.730,0.221
24.740,0.221
24.750,0.220
