Time-Axial Accel (Gs), Axial Accel (Gs), bILBA, Time (s), Altitude (Ft-AGL), bILBA
0,0.87,b0000,0.04375,1.10175,b0000
0.0025,0.78,b0000,0.09375,2.2287,b0000
0.005,0.78,b0000,0.14375,2.2287,b1000
0.0075,0.87,b0000,0.19375,1.10175,b1000
0.01,0.95,b0000,0.24375,-0.0252075,b1000
0.0125,0.87,b0000,0.295,-0.0252075,b1100
0.015,0.87,b0000,0.345,3.35565,b1100
0.0175,0.87,b0000,0.395,4.4826,b1100
0.02,0.87,b0000,0.445,6.73651,b1100
0.0225,0.95,b0000,0.495,8.98181,b1100
0.025,0.87,b0000,0.545,10.1088,b1100
0.0275,0.87,b0000,0.595,12.3627,b1100
0.03,0.78,b0000,0.645,15.7349,b1100
0.0325,0.78,b0000,0.695,19.1158,b1100
0.035,0.87,b0000,0.745,22.4967,b1100
0.0375,0.95,b0000,0.795,26.9958,b1100
0.04,0.78,b0000,0.845,31.5037,b1100
0.0425,0.87,b0000,0.895,36.0115,b1100
0.045,0.95,b0000,0.945,42.7733,b1100
0.0475,0.95,b0000,0.995,49.5351,b1100
0.05,0.87,b0000,1.045,56.2969,b1100
0.0525,0.87,b0000,1.095,64.1856,b1100
0.055,0.87,b0000,1.145,70.9561,b1100
0.0575,0.69,b0000,1.195,78.8535,b1100
0.06,0.78,b0000,1.245,85.6152,b1100
0.0625,1.03,b0000,1.295,92.3857,b1100
0.065,0.95,b0000,1.345,99.1648,b1100
0.0675,0.87,b0000,1.395,108.189,b1100
0.07,0.78,b0000,1.445,118.358,b1100
0.0725,0.69,b0000,1.495,127.391,b1100
0.075,0.95,b0000,1.545,137.56,b1100
0.0775,0.69,b0000,1.595,148.864,b1100
0.08,0.16,b0000,1.645,160.168,b1100
0.0825,0.78,b0000,1.695,172.608,b1100
0.085,0.69,b0000,1.745,183.921,b1100
0.0875,1.12,b0000,1.795,197.505,b1100
0.09,0.78,b0000,1.845,209.954,b1100
0.0925,0.51,b0000,1.895,223.547,b1100
0.095,0.78,b0000,1.945,238.275,b1100
0.0975,0.95,b0000,1.995,253.013,b1100
0.1,0.51,b0000,2.045,267.758,b1100
0.1025,0.69,b0000,2.095,283.64,b1100
0.105,1.12,b0000,2.145,299.53,b1100
0.1075,1.21,b0000,2.195,316.565,b1100
0.11,0.78,b0000,2.245,333.608,b1100
0.1125,0.78,b0000,2.295,351.804,b1100
0.115,1.03,b0000,2.345,368.864,b1100
0.1175,1.21,b0000,2.395,388.205,b1100
0.12,1.74,b0000,2.445,406.427,b1100
0.1225,1.92,b0000,2.495,426.937,b1100
0.125,2.37,b0000,2.545,446.313,b1100
0.1275,3.43,b0000,2.595,466.849,b1100
0.13,2.01,b0000,2.645,486.25,b1100
0.1325,0.24,b0000,2.695,506.804,b1100
0.135,-0.73,b1000,2.745,528.52,b1100
0.1375,2.19,b1000,2.795,550.245,b1100
0.14,4.85,b1000,2.845,571.986,b1100
0.1425,3.34,b1000,2.895,593.737,b1100
0.145,4.32,b1000,2.945,615.504,b1100
0.1475,3.61,b1000,2.995,639.578,b1100
0.15,3.96,b1000,3.045,662.525,b1100
0.1525,4.5,b1000,3.095,686.633,b1100
0.155,4.67,b1000,3.145,709.606,b1100
0.1575,5.03,b1000,3.195,734.893,b1100
0.16,5.29,b1000,3.245,760.206,b1100
0.1625,4.67,b1000,3.295,785.537,b1100
0.165,4.58,b1000,3.345,808.579,b1100
0.1675,4.5,b1000,3.395,835.097,b1100
0.17,4.94,b1000,3.445,862.794,b1100
0.1725,5.21,b1000,3.495,890.509,b1100
0.175,5.65,b1000,3.545,917.097,b1100
0.1775,5.29,b1000,3.595,943.702,b1100
0.18,5.21,b1000,3.645,970.324,b1100
0.1825,5.38,b1000,3.695,996.972,b1110
0.185,5.38,b1000,3.745,1022.48,b1110
0.1875,5.83,b1000,3.795,1048.01,b1110
0.19,5.56,b1000,3.845,1072.39,b1110
0.1925,5.65,b1000,3.895,1099.12,b1110
0.195,5.56,b1000,3.945,1125.87,b1110
0.1975,5.83,b1000,3.995,1152.64,b1110
0.2,5.74,b1000,4.045,1178.27,b1110
0.2025,5.92,b1000,4.095,1203.91,b1110
0.205,5.92,b1000,4.145,1229.57,b1110
0.2075,5.92,b1000,4.195,1256.43,b1110
0.21,6.18,b1000,4.245,1282.13,b1110
0.2125,6,b1000,4.295,1307.85,b1110
0.215,6,b1000,4.345,1332.43,b1110
0.2175,6.18,b1000,4.395,1358.19,b1110
0.22,6,b1000,4.445,1382.8,b1110
0.2225,6,b1000,4.495,1408.6,b1110
0.225,6.45,b1000,4.545,1433.25,b1110
0.2275,6.45,b1000,4.595,1457.91,b1110
0.23,6.36,b1000,4.645,1483.77,b1110
0.2325,6.18,b1000,4.695,1506.12,b1110
0.235,6,b1000,4.745,1516.71,b1110
0.2375,6.09,b1000,4.795,1523.77,b1110
0.24,6.27,b1000,4.845,1533.19,b1110
0.2425,6.09,b1000,4.895,1561.46,b1110
0.245,6.18,b1000,4.945,1593.3,b1110
0.2475,6.27,b1000,4.995,1623.99,b1110
0.25125,6.45,b1000,5.045,1653.51,b1110
0.25375,6.27,b1000,5.095,1681.89,b1110
0.25625,6.45,b1000,5.145,1707.92,b1110
0.25875,6.18,b1000,5.195,1733.97,b1110
0.26125,6,b1000,5.245,1760.05,b1110
0.26375,6.18,b1000,5.295,1784.95,b1110
0.26625,6.45,b1000,5.345,1807.5,b1110
0.26875,6.54,b1000,5.395,1818.18,b1110
0.27125,6.45,b1000,5.445,1824.13,b1110
0.27375,6.27,b1000,5.495,1833.63,b1110
0.27625,6.63,b1000,5.545,1855.02,b1110
0.27875,6.36,b1000,5.595,1887.13,b1110
0.28125,6.27,b1100,5.645,1918.09,b1110
0.28375,7.07,b1100,5.695,1946.69,b1110
0.28625,6,b1100,5.745,1972.93,b1110
0.28875,5.92,b1100,5.795,1997.99,b1110
0.29125,7.16,b1100,5.845,2023.07,b1110
0.29375,6,b1100,5.895,2046.98,b1110
0.29625,6,b1100,5.945,2061.33,b1110
0.29875,6.54,b1100,5.995,2068.51,b1110
0.30125,6.71,b1100,6.045,2073.29,b1110
0.30375,6.71,b1100,6.095,2082.87,b1110
0.30625,6.45,b1100,6.145,2098.43,b1110
0.30875,6.36,b1100,6.195,2130.78,b1110
0.31125,6.36,b1100,6.245,2161.97,b1110
0.31375,6.45,b1100,6.295,2191.97,b1110
0.31625,6.54,b1100,6.345,2219.61,b1110
0.31875,6.18,b1100,6.395,2244.85,b1110
0.32125,6.8,b1100,6.445,2268.91,b1110
0.32375,6.63,b1100,6.495,2290.59,b1110
0.32625,6.45,b1100,6.545,2300.23,b1110
0.32875,6.71,b1100,6.595,2307.46,b1110
0.33125,6.71,b1100,6.645,2314.69,b1110
0.33375,6.54,b1100,6.695,2325.53,b1110
0.33625,6.27,b1100,6.745,2340.01,b1110
0.33875,6.8,b1100,6.795,2366.55,b1110
0.34125,6.63,b1100,6.845,2397.95,b1110
0.34375,6.63,b1100,6.895,2426.97,b1110
0.34625,6.8,b1100,6.945,2452.37,b1110
0.34875,6.27,b1100,6.995,2476.59,b1110
0.35125,6.18,b1100,7.045,2499.6,b1110
0.35375,6.18,b1100,7.095,2512.94,b1110
0.35625,6.71,b1100,7.145,2521.42,b1110
0.35875,6.36,b1100,7.195,2528.7,b1110
0.36125,6.63,b1100,7.245,2537.19,b1110
0.36375,6.54,b1100,7.295,2546.9,b1110
0.36625,6.89,b1100,7.345,2560.25,b1110
0.36875,6.18,b1100,7.395,2579.69,b1110
0.37125,6.27,b1100,7.445,2607.64,b1110
0.37375,6.54,b1100,7.495,2638.05,b1110
0.37625,6.36,b1100,7.545,2663.62,b1110
0.37875,6.8,b1100,7.595,2689.2,b1110
0.38125,6.89,b1100,7.645,2711.15,b1110
0.38375,6.98,b1100,7.695,2730.67,b1110
0.38625,6.54,b1100,7.745,2741.66,b1110
0.38875,6.8,b1100,7.795,2751.43,b1110
0.39125,6.27,b1100,7.845,2758.75,b1110
0.39375,6.71,b1100,7.895,2767.3,b1110
0.39625,6.54,b1100,7.945,2778.3,b1110
0.39875,6.71,b1100,7.995,2791.75,b1110
0.40125,6.98,b1100,8.045,2810.09,b1110
0.40375,6.71,b1100,8.095,2838.24,b1110
0.40625,6.8,b1100,8.145,2863.96,b1110
0.40875,6.71,b1100,8.195,2888.47,b1110
0.41125,6.63,b1100,8.245,2910.55,b1110
0.41375,7.07,b1100,8.295,2930.19,b1110
0.41625,6.8,b1100,8.345,2941.23,b1110
0.41875,7.42,b1100,8.395,2949.83,b1110
0.42125,7.25,b1100,8.445,2958.43,b1110
0.42375,10.8,b1100,8.495,2967.04,b1110
0.42625,6.27,b1100,8.545,2978.1,b1110
0.42875,6.09,b1100,8.595,2990.4,b1110
0.43125,6.09,b1100,8.645,3006.39,b1110
0.43375,5.65,b1100,8.695,3027.32,b1110
0.43625,6.36,b1100,8.745,3051.95,b1110
0.43875,6.27,b1100,8.795,3075.37,b1110
0.44125,7.16,b1100,8.845,3096.34,b1110
0.44375,7.07,b1100,8.895,3114.85,b1110
0.44625,6.8,b1100,8.945,3133.37,b1110
0.44875,6.45,b1100,8.995,3144.49,b1110
0.45125,6.54,b1100,9.045,3153.14,b1110
0.45375,6.45,b1100,9.095,3160.56,b1110
0.45625,6.71,b1100,9.145,3169.21,b1110
0.45875,6.71,b1100,9.195,3179.11,b1110
0.46125,6.27,b1100,9.245,3189,b1110
0.46375,6.36,b1100,9.295,3201.38,b1110
0.46625,6.45,b1100,9.345,3215,b1110
0.46875,6.98,b1100,9.395,3231.1,b1110
0.47125,6.63,b1100,9.445,3253.4,b1110
0.47375,6.8,b1100,9.495,3275.72,b1110
0.47625,6.89,b1100,9.545,3294.34,b1110
0.47875,6.63,b1100,9.595,3312.96,b1110
0.48125,6.8,b1100,9.645,3329.11,b1110
0.48375,6.71,b1100,9.695,3340.29,b1110
0.48625,6.63,b1100,9.745,3347.75,b1110
0.48875,6.71,b1100,9.795,3355.21,b1110
0.49125,6.98,b1100,9.845,3363.91,b1110
0.49375,7.07,b1100,9.895,3373.87,b1110
0.49625,5.92,b1100,9.945,3383.82,b1110
0.49875,6.36,b1100,9.995,3395.03,b1110
0.50125,6.71,b1100,10.045,3407.48,b1110
0.50375,6.63,b1100,10.095,3422.42,b1110
0.50625,6.63,b1100,10.145,3441.12,b1110
0.50875,6.45,b1100,10.195,3459.83,b1110
0.51125,6.45,b1100,10.245,3477.3,b1110
0.51375,6.54,b1100,10.295,3493.52,b1110
0.51625,6.8,b1100,10.345,3507.26,b1110
0.51875,6.63,b1100,10.395,3518.5,b1110
0.52125,6.71,b1100,10.445,3526,b1110
0.52375,6.63,b1100,10.495,3534.75,b1110
0.52625,6.63,b1100,10.545,3542.25,b1110
0.52875,6.63,b1100,10.595,3551.01,b1110
0.53125,6.63,b1100,10.645,3559.76,b1110
0.53375,6.63,b1100,10.695,3569.78,b1110
0.53625,6.71,b1100,10.745,3581.04,b1110
0.53875,6.71,b1100,10.795,3593.56,b1110
0.54125,6.63,b1100,10.845,3607.34,b1110
0.54375,6.71,b1100,10.895,3624.88,b1110
0.54625,6.63,b1100,10.945,3639.93,b1110
0.54875,6.63,b1100,10.995,3654.98,b1110
0.55125,6.63,b1100,11.045,3667.54,b1110
0.55375,6.8,b1100,11.095,3678.84,b1110
0.55625,6.71,b1100,11.145,3686.37,b1110
0.55875,6.71,b1100,11.195,3693.91,b1110
0.56125,6.63,b1100,11.245,3700.19,b1110
0.56375,6.63,b1100,11.295,3707.72,b1110
0.56625,6.8,b1100,11.345,3715.27,b1110
0.56875,6.71,b1100,11.395,3725.32,b1110
0.57125,6.71,b1100,11.445,3734.13,b1110
0.57375,6.63,b1100,11.495,3746.71,b1110
0.57625,6.8,b1100,11.545,3760.55,b1110
0.57875,6.63,b1100,11.595,3774.4,b1110
0.58125,6.8,b1100,11.645,3786.99,b1110
0.58375,6.71,b1100,11.695,3798.33,b1110
0.58625,6.63,b1100,11.745,3809.68,b1110
0.58875,6.71,b1100,11.795,3818.5,b1110
0.59125,6.71,b1100,11.845,3824.81,b1110
0.59375,6.63,b1100,11.895,3831.12,b1110
0.59625,6.71,b1100,11.945,3837.42,b1110
0.59875,6.71,b1100,11.995,3845,b1110
0.60125,6.8,b1100,12.045,3852.56,b1110
0.60375,6.8,b1100,12.095,3860.14,b1110
0.60625,6.71,b1100,12.145,3867.72,b1110
0.60875,6.63,b1100,12.195,3877.82,b1110
0.61125,6.71,b1100,12.245,3889.19,b1110
0.61375,6.71,b1100,12.295,3901.83,b1110
0.61625,6.71,b1100,12.345,3913.2,b1110
0.61875,6.71,b1100,12.395,3923.33,b1110
0.62125,6.71,b1100,12.445,3932.18,b1110
0.62375,6.63,b1100,12.495,3938.51,b1110
0.62625,6.63,b1100,12.545,3944.84,b1110
0.62875,6.63,b1100,12.595,3951.17,b1110
0.63125,6.63,b1100,12.645,3957.49,b1110
0.63375,6.71,b1100,12.695,3963.83,b1110
0.63625,6.8,b1100,12.745,3971.42,b1110
0.63875,6.71,b1100,12.795,3979.03,b1110
0.64125,6.63,b1100,12.845,3987.9,b1110
0.64375,6.8,b1100,12.895,3998.04,b1110
0.64625,6.71,b1100,12.945,4008.18,b1110
0.64875,6.63,b1100,12.995,4017.06,b1110
0.65125,6.63,b1100,13.045,4024.68,b1110
0.65375,6.8,b1100,13.095,4031.02,b1110
0.65625,6.63,b1100,13.145,4036.1,b1110
0.65875,6.8,b1100,13.195,4042.44,b1110
0.66125,6.8,b1100,13.245,4047.52,b1110
0.66375,6.71,b1100,13.295,4052.6,b1110
0.66625,6.63,b1100,13.345,4058.95,b1110
0.66875,6.8,b1100,13.395,4065.3,b1110
0.67125,6.71,b1100,13.445,4072.92,b1110
0.67375,6.71,b1100,13.495,4080.55,b1110
0.67625,6.63,b1100,13.545,4089.44,b1110
0.67875,6.63,b1100,13.595,4097.07,b1110
0.68125,6.8,b1100,13.645,4104.7,b1110
0.68375,6.71,b1100,13.695,4111.06,b1110
0.68625,6.63,b1100,13.745,4116.15,b1110
0.68875,6.8,b1100,13.795,4121.24,b1110
0.69125,6.8,b1100,13.845,4125.06,b1110
0.69375,6.8,b1100,13.895,4130.15,b1110
0.69625,6.89,b1100,13.945,4135.24,b1110
0.69875,6.89,b1100,13.995,4140.34,b1110
0.70125,6.71,b1100,14.045,4146.7,b1110
0.70375,6.8,b1100,14.095,4153.07,b1110
0.70625,6.63,b1100,14.145,4159.45,b1110
0.70875,6.71,b1100,14.195,4165.81,b1110
0.71125,6.8,b1100,14.245,4172.18,b1110
0.71375,6.71,b1100,14.295,4177.28,b1110
0.71625,6.63,b1100,14.345,4182.38,b1110
0.71875,6.8,b1100,14.395,4187.48,b1110
0.72125,6.71,b1100,14.445,4192.59,b1110
0.72375,6.89,b1100,14.495,4195.14,b1110
0.72625,6.89,b1100,14.545,4198.96,b1110
0.72875,6.63,b1100,14.595,4202.78,b1110
0.73125,6.63,b1100,14.645,4206.61,b1110
0.73375,6.71,b1100,14.695,4211.72,b1110
0.73625,6.8,b1100,14.745,4215.54,b1110
0.73875,6.71,b1100,14.795,4221.92,b1110
0.74125,6.71,b1100,14.845,4227.03,b1110
0.74375,6.89,b1100,14.895,4230.86,b1110
0.74625,6.63,b1100,14.945,4234.69,b1110
0.74875,6.8,b1100,14.995,4239.8,b1110
0.75125,6.71,b1100,15.045,4243.63,b1110
0.75375,6.71,b1100,15.095,4247.46,b1110
0.75625,6.71,b1100,15.145,4251.29,b1110
0.75875,6.8,b1100,15.195,4255.12,b1110
0.76125,6.71,b1100,15.245,4257.68,b1110
0.76375,6.71,b1100,15.295,4260.24,b1110
0.76625,6.8,b1100,15.345,4264.07,b1110
0.76875,6.89,b1100,15.395,4266.63,b1110
0.77125,6.71,b1100,15.445,4269.19,b1110
0.77375,6.89,b1100,15.495,4273.02,b1110
0.77625,6.8,b1100,15.545,4276.86,b1110
0.77875,6.8,b1100,15.595,4280.69,b1110
0.78125,6.8,b1100,15.645,4283.25,b1110
0.78375,6.8,b1100,15.695,4287.09,b1110
0.78625,6.8,b1100,15.745,4288.36,b1110
0.78875,6.98,b1100,15.795,4290.92,b1110
0.79125,6.71,b1100,15.845,4293.48,b1110
0.79375,6.98,b1100,15.895,4296.04,b1110
0.79625,6.8,b1100,15.945,4298.6,b1110
0.79875,6.8,b1100,15.995,4299.87,b1110
0.80125,6.71,b1100,16.045,4302.44,b1110
0.80375,6.89,b1100,16.095,4305,b1110
0.80625,6.8,b1100,16.145,4306.27,b1110
0.80875,6.8,b1100,16.195,4308.84,b1110
0.81125,6.71,b1100,16.245,4310.11,b1110
0.81375,6.8,b1100,16.295,4312.68,b1110
0.81625,6.8,b1100,16.345,4313.95,b1110
0.81875,6.71,b1100,16.395,4316.52,b1110
0.82125,6.89,b1100,16.445,4317.79,b1110
0.82375,6.89,b1100,16.495,4319.08,b1110
0.82625,6.8,b1100,16.545,4321.63,b1110
0.82875,6.89,b1100,16.595,4322.92,b1110
0.83125,6.98,b1100,16.645,4324.2,b1110
0.83375,6.8,b1100,16.695,4324.2,b1110
0.83625,6.8,b1100,16.745,4325.47,b1110
0.83875,6.8,b1100,16.795,4326.76,b1110
0.84125,6.71,b1100,16.845,4326.76,b1110
0.84375,6.8,b1100,16.895,4328.04,b1110
0.84625,6.89,b1100,16.945,4328.04,b1110
0.84875,6.8,b1100,16.995,4329.31,b1110
0.85125,6.8,b1100,17.045,4330.6,b1110
0.85375,6.8,b1100,17.095,4331.88,b1110
0.85625,6.98,b1100,17.145,4331.88,b1110
0.85875,6.8,b1100,17.195,4331.88,b1110
0.86125,6.8,b1100,17.245,4330.6,b1110
0.86375,6.8,b1100,17.295,4331.88,b1110
0.86625,6.8,b1100,17.345,4331.88,b1110
0.86875,6.8,b1100,17.395,4331.88,b1110
0.87125,6.8,b1100,17.445,4330.6,b1110
0.87375,6.89,b1100,17.495,4330.6,b1110
0.87625,6.8,b1100,17.545,4330.6,b1111
0.87875,6.8,b1100,17.595,4329.31,b1111
0.88125,6.8,b1100,17.645,4329.31,b1111
0.88375,6.8,b1100,17.695,4328.04,b1111
0.88625,6.8,b1100,17.745,4328.04,b1111
0.88875,6.89,b1100,17.795,4328.04,b1111
0.89125,6.89,b1100,17.845,4328.04,b1111
0.89375,6.8,b1100,17.895,4326.76,b1111
0.89625,6.8,b1100,17.945,4326.76,b1111
0.89875,6.8,b1100,17.995,4325.47,b1111
0.90125,6.8,b1100,18.045,4324.2,b1111
0.90375,6.71,b1100,18.095,4322.92,b1111
0.90625,6.8,b1100,18.145,4321.63,b1111
0.90875,6.89,b1100,18.195,4320.35,b1111
0.91125,6.8,b1100,18.245,4319.08,b1111
0.91375,6.8,b1100,18.295,4317.79,b1111
0.91625,6.8,b1100,18.345,4316.52,b1111
0.91875,6.89,b1100,18.395,4315.23,b1111
0.92125,6.89,b1100,18.445,4312.68,b1111
0.92375,6.8,b1100,18.495,4311.39,b1111
0.92625,6.8,b1100,18.545,4308.84,b1111
0.92875,6.98,b1100,18.595,4307.55,b1111
0.93125,6.8,b1100,18.645,4306.27,b1111
0.93375,6.8,b1100,18.695,4302.44,b1111
0.93625,6.8,b1100,18.745,4301.16,b1111
0.93875,6.98,b1100,18.795,4299.87,b1111
0.94125,6.89,b1100,18.845,4297.32,b1111
0.94375,6.8,b1100,18.895,4294.76,b1111
0.94625,6.98,b1100,18.945,4292.2,b1111
0.94875,6.89,b1100,18.995,4289.64,b1111
0.95125,6.71,b1100,19.045,4287.09,b1111
0.95375,6.8,b1100,19.095,4256.41,b1111
0.95625,6.71,b1100,19.145,4271.74,b1111
0.95875,6.71,b1100,19.195,4271.74,b1111
0.96125,6.8,b1100,19.245,4270.47,b1111
0.96375,6.8,b1100,19.295,4270.47,b1111
0.96625,6.71,b1100,19.345,4267.91,b1111
0.96875,6.8,b1100,19.395,4264.07,b1111
0.97125,6.8,b1100,19.445,4261.51,b1111
0.97375,6.89,b1100,19.495,4257.68,b1111
0.97625,6.71,b1100,19.545,4255.12,b1111
0.97875,6.8,b1100,19.595,4251.29,b1111
0.98125,6.89,b1100,19.645,4247.46,b1111
0.98375,6.8,b1100,19.695,4243.63,b1111
0.98625,6.89,b1100,19.745,4238.52,b1111
0.98875,6.8,b1100,19.795,4234.69,b1111
0.99125,6.89,b1100,19.845,4230.86,b1111
0.99375,6.8,b1100,19.895,4227.03,b1111
0.99625,6.89,b1100,19.945,4224.48,b1111
0.99875,6.98,b1100,19.995,4218.1,b1111
1.00125,6.8,b1100,20.045,4212.99,b1111
1.00375,6.89,b1100,20.095,4211.72,b1111
1.00625,6.98,b1100,20.145,4210.44,b1111
1.00875,6.98,b1100,20.195,4210.44,b1111
1.01125,6.8,b1100,20.245,4212.99,b1111
1.01375,6.8,b1100,20.295,4218.1,b1111
1.01625,6.8,b1100,20.345,4227.03,b1111
1.01875,6.8,b1100,20.395,4227.03,b1111
1.02125,6.8,b1100,20.445,4224.48,b1111
1.02375,6.8,b1100,20.495,4220.65,b1111
1.02625,6.8,b1100,20.545,4218.1,b1111
1.02875,6.8,b1100,20.595,4215.54,b1111
1.03125,6.98,b1100,20.645,4212.99,b1111
1.03375,6.89,b1100,20.695,4205.34,b1111
1.03625,6.89,b1100,20.745,4196.41,b1111
1.03875,6.89,b1100,20.795,4187.48,b1111
1.04125,6.98,b1100,20.845,4179.83,b1111
1.04375,6.8,b1100,20.895,4170.91,b1111
1.04625,6.89,b1100,20.945,4163.26,b1111
1.04875,6.8,b1100,20.995,4159.45,b1111
1.05125,6.89,b1100,21.045,4161.99,b1111
1.05375,6.8,b1100,21.095,4169.63,b1111
1.05625,6.98,b1100,21.145,4176,b1111
1.05875,6.89,b1100,21.195,4179.83,b1111
1.06125,6.98,b1100,21.245,4181.11,b1111
1.06375,6.8,b1100,21.295,4177.28,b1111
1.06625,6.98,b1100,21.345,4173.45,b1111
1.06875,7.07,b1100,21.395,4170.91,b1111
1.07125,6.8,b1100,21.445,4167.08,b1111
1.07375,7.07,b1100,21.495,4158.17,b1111
1.07625,6.8,b1100,21.545,4146.7,b1111
1.07875,6.71,b1100,21.595,4132.7,b1111
1.08125,6.8,b1100,21.645,4118.7,b1111
1.08375,6.8,b1100,21.695,4108.52,b1111
1.08625,6.8,b1100,21.745,4103.44,b1111
1.08875,6.89,b1100,21.795,4102.16,b1111
1.09125,6.8,b1100,21.845,4102.16,b1111
1.09375,6.89,b1100,21.895,4097.07,b1111
1.09625,6.71,b1100,21.945,4093.26,b1111
1.09875,6.89,b1100,21.995,4089.44,b1111
1.10125,6.8,b1100,22.045,4089.44,b1111
1.10375,6.89,b1100,22.095,4085.63,b1111
1.10625,6.71,b1100,22.145,4081.82,b1111
1.10875,7.07,b1100,22.195,4076.74,b1111
1.11125,6.98,b1100,22.245,4075.46,b1111
1.11375,7.07,b1100,22.295,4072.92,b1111
1.11625,6.8,b1100,22.345,4069.12,b1111
1.11875,6.89,b1100,22.395,4069.12,b1111
1.12125,6.98,b1100,22.445,4067.84,b1111
1.12375,6.98,b1100,22.495,4062.76,b1111
1.12625,6.98,b1100,22.545,4057.68,b1111
1.12875,6.89,b1100,22.595,4051.33,b1111
1.13125,6.89,b1100,22.645,4043.72,b1111
1.13375,6.8,b1100,22.695,4036.1,b1111
1.13625,6.89,b1100,22.745,4029.75,b1111
1.13875,6.8,b1100,22.795,4024.68,b1111
1.14125,6.89,b1100,22.845,4020.87,b1111
1.14375,6.8,b1100,22.895,4017.06,b1111
1.14625,6.89,b1100,22.945,4015.79,b1111
1.14875,6.98,b1100,22.995,4013.26,b1111
1.15125,6.98,b1100,23.045,4009.46,b1111
1.15375,6.98,b1100,23.095,4004.38,b1111
1.15625,6.71,b1100,23.145,3998.04,b1111
1.15875,6.8,b1100,23.195,3991.7,b1111
1.16125,6.89,b1100,23.245,3985.36,b1111
1.16375,6.8,b1100,23.295,3981.57,b1111
1.16625,6.8,b1100,23.345,3979.03,b1111
1.16875,6.8,b1100,23.395,3972.69,b1111
1.17125,6.8,b1100,23.445,3970.16,b1111
1.17375,6.89,b1100,23.495,3968.89,b1111
1.17625,6.89,b1100,23.545,3965.1,b1111
1.17875,6.8,b1100,23.595,3960.03,b1111
1.18125,6.89,b1100,23.645,3957.49,b1111
1.18375,6.89,b1100,23.695,3953.7,b1111
1.18625,6.98,b1100,23.745,3949.9,b1111
1.18875,6.89,b1100,23.795,3946.1,b1111
1.19125,6.71,b1100,23.845,3938.51,b1111
1.19375,6.98,b1100,23.895,3932.18,b1111
1.19625,6.89,b1100,23.945,3927.12,b1111
1.19875,6.89,b1100,23.995,3923.33,b1111
1.20125,6.8,b1100,24.045,3920.8,b1111
1.20375,6.89,b1100,24.095,3918.27,b1111
1.20625,6.8,b1100,24.145,3917,b1111
1.20875,6.89,b1100,24.195,3917,b1111
1.21125,6.71,b1100,24.245,3915.74,b1111
1.21375,6.89,b1100,24.295,3915.74,b1111
1.21625,6.89,b1100,24.345,3913.2,b1111
1.21875,6.98,b1100,24.395,3910.68,b1111
1.22125,6.8,b1100,24.445,3906.88,b1111
1.22375,6.8,b1100,24.495,3901.83,b1111
1.22625,6.89,b1100,24.545,3894.25,b1111
1.22875,6.89,b1100,24.595,3884.14,b1111
1.23125,6.8,b1100,24.645,3874.03,b1111
1.23375,6.71,b1100,24.695,3865.19,b1111
1.23625,6.8,b1100,24.745,3858.88,b1111
1.23875,6.98,b1100,24.795,3853.83,b1111
1.24125,6.71,b1100,24.845,3855.09,b1111
1.24375,6.89,b1100,24.895,3858.88,b1111
1.24625,6.98,b1100,24.945,3860.14,b1111
1.24875,6.98,b1100,24.995,3860.14,b1111
1.25125,6.8,b1100,25.045,3857.62,b1111
1.25375,6.89,b1100,25.095,3852.56,b1111
1.25625,7.07,b1100,25.145,3847.52,b1111
1.25875,6.89,b1100,25.195,3841.21,b1111
1.26125,6.8,b1100,25.245,3838.69,b1111
1.26375,6.8,b1100,25.295,3836.16,b1111
1.26625,6.89,b1100,25.345,3833.64,b1111
1.26875,6.8,b1100,25.395,3829.85,b1111
1.27125,6.89,b1100,25.445,3826.07,b1111
1.27375,6.8,b1100,25.495,3822.28,b1111
1.27625,6.89,b1100,25.545,3821.03,b1111
1.27875,6.8,b1100,25.595,3818.5,b1111
1.28125,6.89,b1100,25.645,3815.98,b1111
1.28375,6.89,b1100,25.695,3813.46,b1111
1.28625,6.89,b1100,25.745,3809.68,b1111
1.28875,6.8,b1100,25.795,3804.63,b1111
1.29125,6.98,b1100,25.845,3797.08,b1111
1.29375,6.8,b1100,25.895,3788.25,b1111
1.29625,6.89,b1100,25.945,3778.18,b1111
1.29875,6.8,b1100,25.995,3768.1,b1111
1.30125,6.71,b1100,26.045,3759.3,b1111
1.30375,6.89,b1100,26.095,3751.75,b1111
1.30625,6.8,b1100,26.145,3745.45,b1111
1.30875,6.98,b1100,26.195,3739.16,b1111
1.31125,6.89,b1100,26.245,3735.39,b1111
1.31375,7.07,b1100,26.295,3730.36,b1111
1.31625,6.89,b1100,26.345,3724.07,b1111
1.31875,6.89,b1100,26.395,3719.04,b1111
1.32125,6.89,b1100,26.445,3712.75,b1111
1.32375,6.8,b1100,26.495,3707.72,b1111
1.32625,6.71,b1100,26.545,3703.95,b1111
1.32875,6.89,b1100,26.595,3701.44,b1111
1.33125,6.98,b1100,26.645,3700.19,b1111
1.33375,6.98,b1100,26.695,3700.19,b1111
1.33625,6.8,b1100,26.745,3698.93,b1111
1.33875,6.89,b1100,26.795,3698.93,b1111
1.34125,6.89,b1100,26.845,3696.42,b1111
1.34375,6.89,b1100,26.895,3692.65,b1111
1.34625,6.8,b1100,26.945,3688.88,b1111
1.34875,6.8,b1100,26.995,3685.12,b1111
1.35125,6.8,b1100,27.045,3678.84,b1111
1.35375,6.98,b1100,27.095,3671.31,b1111
1.35625,6.89,b1100,27.145,3662.52,b1111
1.35875,6.89,b1100,27.195,3657.5,b1111
1.36125,6.71,b1100,27.245,3656.24,b1111
1.36375,6.98,b1100,27.295,3652.48,b1111
1.36625,6.8,b1100,27.345,3652.48,b1111
1.36875,6.8,b1100,27.395,3651.22,b1111
1.37125,6.89,b1100,27.445,3649.97,b1111
1.37375,6.89,b1100,27.495,3648.71,b1111
1.37625,6.8,b1100,27.545,3646.2,b1111
1.37875,6.8,b1100,27.595,3642.44,b1111
1.38125,6.89,b1100,27.645,3639.93,b1111
1.38375,6.8,b1100,27.695,3633.67,b1111
1.38625,6.98,b1100,27.745,3628.65,b1111
1.38875,6.98,b1100,27.795,3624.88,b1111
1.39125,6.8,b1100,27.845,3619.87,b1111
1.39375,6.8,b1100,27.895,3614.86,b1111
1.39625,6.8,b1100,27.945,3611.1,b1111
1.39875,6.8,b1100,27.995,3607.34,b1111
1.40125,6.8,b1100,28.045,3603.58,b1111
1.40375,6.89,b1100,28.095,3597.32,b1111
1.40625,6.98,b1100,28.145,3592.31,b1111
1.40875,6.8,b1100,28.195,3584.8,b1111
1.41125,6.8,b1100,28.245,3578.53,b1111
1.41375,6.89,b1100,28.295,3573.53,b1111
1.41625,6.89,b1100,28.345,3569.78,b1111
1.41875,6.98,b1100,28.395,3566.02,b1111
1.42125,6.8,b1100,28.445,3563.52,b1111
1.42375,6.8,b1100,28.495,3561.01,b1111
1.42625,6.89,b1100,28.545,3557.27,b1111
1.42875,6.8,b1100,28.595,3554.76,b1111
1.43125,6.89,b1100,28.645,3552.26,b1111
1.43375,6.63,b1100,28.695,3549.76,b1111
1.43625,6.8,b1100,28.745,3544.76,b1111
1.43875,6.71,b1100,28.795,3541,b1111
1.44125,6.8,b1100,28.845,3534.75,b1111
1.44375,6.98,b1100,28.895,3528.5,b1111
1.44625,6.8,b1100,28.945,3523.5,b1111
1.44875,6.89,b1100,28.995,3519.75,b1111
1.45125,6.8,b1100,29.045,3516,b1111
1.45375,6.89,b1100,29.095,3511.01,b1111
1.45625,6.8,b1100,29.145,3506.01,b1111
1.45875,6.71,b1100,29.195,3503.51,b1111
1.46125,6.63,b1100,29.245,3502.26,b1111
1.46375,6.8,b1100,29.295,3496.02,b1111
1.46625,6.89,b1100,29.345,3494.77,b1111
1.46875,6.71,b1100,29.395,3489.77,b1111
1.47125,6.8,b1100,29.445,3488.52,b1111
1.47375,6.89,b1100,29.495,3486.03,b1111
1.47625,6.71,b1100,29.545,3482.29,b1111
1.47875,6.8,b1100,29.595,3477.3,b1111
1.48125,6.8,b1100,29.645,3473.55,b1111
1.48375,6.8,b1100,29.695,3469.81,b1111
1.48625,6.8,b1100,29.745,3463.56,b1111
1.48875,6.89,b1100,29.795,3454.83,b1111
1.49125,6.89,b1100,29.845,3449.85,b1111
1.49375,6.8,b1100,29.895,3443.62,b1111
1.49625,6.71,b1100,29.945,3439.87,b1111
1.49875,6.71,b1100,29.995,3436.14,b1111
1.50125,6.8,b1100,30.045,3433.64,b1111
1.50375,6.8,b1100,30.095,3431.15,b1111
1.50625,6.71,b1100,30.145,3428.65,b1111
1.50875,6.89,b1100,30.195,3426.17,b1111
1.51125,6.8,b1100,30.245,3424.92,b1111
1.51375,6.71,b1100,30.295,3426.17,b1111
1.51625,6.63,b1100,30.345,3423.67,b1111
1.51875,6.71,b1100,30.395,3414.95,b1111
1.52125,6.89,b1100,30.445,3409.96,b1111
1.52375,6.89,b1100,30.495,3401.25,b1111
1.52625,6.8,b1100,30.545,3393.78,b1111
1.52875,6.8,b1100,30.595,3387.55,b1111
1.53125,6.71,b1100,30.645,3378.84,b1111
1.53375,6.71,b1100,30.695,3371.38,b1111
1.53625,6.71,b1100,30.745,3365.15,b1111
1.53875,6.71,b1100,30.795,3357.7,b1111
1.54125,6.63,b1100,30.845,3352.72,b1111
1.54375,6.71,b1100,30.895,3347.75,b1111
1.54625,6.8,b1100,30.945,3344.02,b1111
1.54875,6.8,b1100,30.995,3344.02,b1111
1.55125,6.71,b1100,31.045,3340.29,b1111
1.55375,6.8,b1100,31.095,3334.08,b1111
1.55625,6.71,b1100,31.145,3329.11,b1111
1.55875,6.8,b1100,31.195,3325.38,b1111
1.56125,6.89,b1100,31.245,3317.93,b1111
1.56375,6.71,b1100,31.295,3315.45,b1111
1.56625,6.63,b1100,31.345,3312.96,b1111
1.56875,6.98,b1100,31.395,3312.96,b1111
1.57125,6.8,b1100,31.445,3310.48,b1111
1.57375,6.8,b1100,31.495,3307.99,b1111
1.57625,6.8,b1100,31.545,3301.78,b1111
1.57875,6.8,b1100,31.595,3295.58,b1111
1.58125,6.71,b1100,31.645,3286.89,b1111
1.58375,6.71,b1100,31.695,3278.2,b1111
1.58625,6.63,b1100,31.745,3272.01,b1111
1.58875,6.89,b1100,31.795,3267.04,b1111
1.59125,6.71,b1100,31.845,3265.8,b1111
1.59375,6.71,b1100,31.895,3264.56,b1111
1.59625,6.71,b1100,31.945,3264.56,b1111
1.59875,6.8,b1100,31.995,3267.04,b1111
1.60125,6.8,b1100,32.045,3267.04,b1111
1.60375,6.8,b1100,32.095,3263.32,b1111
1.60625,6.89,b1100,32.145,3260.84,b1111
1.60875,6.71,b1100,32.195,3259.6,b1111
1.61125,6.63,b1100,32.245,3259.6,b1111
1.61375,6.8,b1100,32.295,3258.36,b1111
1.61625,6.8,b1100,32.345,3255.88,b1111
1.61875,6.63,b1100,32.395,3252.16,b1111
1.62125,6.71,b1100,32.445,3248.44,b1111
1.62375,6.63,b1100,32.495,3242.25,b1111
1.62625,6.71,b1100,32.545,3238.53,b1111
1.62875,6.8,b1100,32.595,3229.86,b1111
1.63125,6.71,b1100,32.645,3221.19,b1111
1.63375,6.63,b1100,32.695,3213.76,b1111
1.63625,6.71,b1100,32.745,3208.8,b1111
1.63875,6.63,b1100,32.795,3205.09,b1111
1.64125,6.8,b1100,32.845,3201.38,b1111
1.64375,6.71,b1100,32.895,3197.66,b1111
1.64625,6.71,b1100,32.945,3192.71,b1111
1.64875,6.8,b1100,32.995,3186.53,b1111
1.65125,6.71,b1100,33.045,3180.34,b1111
1.65375,6.8,b1100,33.095,3171.69,b1111
1.65625,6.63,b1100,33.145,3165.5,b1111
1.65875,6.8,b1100,33.195,3158.09,b1111
1.66125,6.63,b1100,33.245,3153.14,b1111
1.66375,6.71,b1100,33.295,3148.2,b1111
1.66625,6.71,b1100,33.345,3144.49,b1111
1.66875,6.8,b1100,33.395,3140.78,b1111
1.67125,6.71,b1100,33.445,3137.08,b1111
1.67375,6.63,b1100,33.495,3133.37,b1111
1.67625,6.63,b1100,33.545,3129.67,b1111
1.67875,6.54,b1100,33.595,3124.73,b1111
1.68125,6.63,b1100,33.645,3123.49,b1111
1.68375,6.71,b1100,33.695,3125.96,b1111
1.68625,6.71,b1100,33.745,3128.43,b1111
1.68875,6.8,b1100,33.795,3130.9,b1111
1.69125,6.71,b1100,33.845,3132.14,b1111
1.69375,6.63,b1100,33.895,3129.67,b1111
1.69625,6.71,b1100,33.945,3125.96,b1111
1.69875,6.63,b1100,33.995,3123.49,b1111
1.70125,6.63,b1100,34.045,3119.79,b1111
1.70375,6.8,b1100,34.095,3116.09,b1111
1.70625,6.71,b1100,34.145,3111.15,b1111
1.70875,6.71,b1100,34.195,3104.97,b1111
1.71125,6.71,b1100,34.245,3101.27,b1111
1.71375,6.71,b1100,34.295,3095.11,b1111
1.71625,6.63,b1100,34.345,3090.17,b1111
1.71875,6.8,b1100,34.395,3081.53,b1111
1.72125,6.71,b1100,34.445,3071.67,b1111
1.72375,6.63,b1100,34.495,3063.04,b1111
1.72625,6.71,b1100,34.545,3055.65,b1111
1.72875,6.89,b1100,34.595,3051.95,b1111
1.73125,6.8,b1100,34.645,3049.48,b1111
1.73375,6.8,b1100,34.695,3047.02,b1111
1.73625,6.71,b1100,34.745,3045.79,b1111
1.73875,6.63,b1100,34.795,3043.33,b1111
1.74125,6.63,b1100,34.845,3042.1,b1111
1.74375,6.63,b1100,34.895,3040.86,b1111
1.74625,6.63,b1100,34.945,3037.16,b1111
1.74875,6.54,b1100,34.995,3033.47,b1111
1.75125,6.63,b1100,35.045,3029.78,b1111
1.75375,6.63,b1100,35.095,3028.55,b1111
1.75625,6.63,b1100,35.145,3024.85,b1111
1.75875,6.71,b1100,35.195,3019.93,b1111
1.76125,6.63,b1100,35.245,3016.24,b1111
1.76375,6.45,b1100,35.295,3011.31,b1111
1.76625,6.54,b1100,35.345,3007.62,b1111
1.76875,6.63,b1100,35.395,3001.47,b1111
1.77125,6.63,b1100,35.445,2996.55,b1111
1.77375,6.63,b1100,35.495,2989.16,b1111
1.77625,6.71,b1100,35.545,2983.02,b1111
1.77875,6.54,b1100,35.595,2976.87,b1111
1.78125,6.63,b1100,35.645,2971.96,b1111
1.78375,6.63,b1100,35.695,2965.81,b1111
1.78625,6.54,b1100,35.745,2959.66,b1111
1.78875,6.63,b1100,35.795,2952.3,b1111
1.79125,6.54,b1100,35.845,2946.15,b1111
1.79375,6.54,b1100,35.895,2942.46,b1111
1.79625,6.54,b1100,35.945,2941.23,b1111
1.79875,6.63,b1100,35.995,2936.33,b1111
1.80125,6.54,b1100,36.045,2930.19,b1111
1.80375,6.71,b1100,36.095,2922.82,b1111
1.80625,6.63,b1100,36.145,2919.14,b1111
1.80875,6.54,b1100,36.195,2915.46,b1111
1.81125,6.63,b1100,36.245,2911.78,b1111
1.81375,6.54,b1100,36.295,2909.32,b1111
1.81625,6.63,b1100,36.345,2905.64,b1111
1.81875,6.63,b1100,36.395,2900.73,b1111
1.82125,6.63,b1100,36.445,2897.06,b1111
1.82375,6.63,b1100,36.495,2892.15,b1111
1.82625,6.63,b1100,36.545,2887.24,b1111
1.82875,6.63,b1100,36.595,2881.11,b1111
1.83125,6.63,b1100,36.645,2874.99,b1111
1.83375,6.63,b1100,36.695,2868.86,b1111
1.83625,6.54,b1100,36.745,2865.18,b1111
1.83875,6.63,b1100,36.795,2863.96,b1111
1.84125,6.45,b1100,36.845,2865.18,b1111
1.84375,6.54,b1100,36.895,2867.63,b1111
1.84625,6.45,b1100,36.945,2871.31,b1111
1.84875,6.63,b1100,36.995,2872.53,b1111
1.85125,6.54,b1100,37.045,2876.21,b1111
1.85375,6.54,b1100,37.095,2876.21,b1111
1.85625,6.45,b1100,37.145,2872.53,b1111
1.85875,6.54,b1100,37.195,2867.63,b1111
1.86125,6.54,b1100,37.245,2865.18,b1111
1.86375,6.63,b1100,37.295,2862.73,b1111
1.86625,6.63,b1100,37.345,2859.06,b1111
1.86875,6.54,b1100,37.395,2854.15,b1111
1.87125,6.54,b1100,37.445,2850.48,b1111
1.87375,6.45,b1100,37.495,2844.36,b1111
1.87625,6.45,b1100,37.545,2841.91,b1111
1.87875,6.45,b1100,37.595,2838.24,b1111
1.88125,6.54,b1100,37.645,2835.78,b1111
1.88375,6.63,b1100,37.695,2830.9,b1111
1.88625,6.63,b1100,37.745,2823.54,b1111
1.88875,6.54,b1100,37.795,2818.66,b1111
1.89125,6.36,b1100,37.845,2811.31,b1111
1.89375,6.36,b1100,37.895,2807.65,b1111
1.89625,6.54,b1100,37.945,2801.53,b1111
1.89875,6.45,b1100,37.995,2796.64,b1111
1.90125,6.45,b1100,38.045,2791.75,b1111
1.90375,6.54,b1100,38.095,2786.86,b1111
1.90625,6.45,b1100,38.145,2781.97,b1111
1.90875,6.45,b1100,38.195,2777.08,b1111
1.91125,6.36,b1100,38.245,2775.86,b1111
1.91375,6.45,b1100,38.295,2772.19,b1111
1.91625,6.54,b1100,38.345,2769.74,b1111
1.91875,6.54,b1100,38.395,2764.86,b1111
1.92125,6.54,b1100,38.445,2762.42,b1111
1.92375,6.54,b1100,38.495,2758.75,b1111
1.92625,6.45,b1100,38.545,2751.43,b1111
1.92875,6.45,b1100,38.595,2745.32,b1111
1.93125,6.36,b1100,38.645,2739.21,b1111
1.93375,6.45,b1100,38.695,2735.55,b1111
1.93625,6.45,b1100,38.745,2730.67,b1111
1.93875,6.45,b1100,38.795,2727.01,b1111
1.94125,6.54,b1100,38.845,2724.57,b1111
1.94375,6.45,b1100,38.895,2720.91,b1111
1.94625,6.36,b1100,38.945,2713.59,b1111
1.94875,6.54,b1100,38.995,2705.06,b1111
1.95125,6.36,b1100,39.045,2695.3,b1111
1.95375,6.54,b1100,39.095,2685.55,b1111
1.95625,6.45,b1100,39.145,2675.8,b1111
1.95875,6.36,b1100,39.195,2664.83,b1111
1.96125,6.45,b1100,39.245,2656.31,b1111
1.96375,6.45,b1100,39.295,2647.79,b1111
1.96625,6.45,b1100,39.345,2641.7,b1111
1.96875,6.36,b1100,39.395,2634.41,b1111
1.97125,6.27,b1100,39.445,2629.53,b1111
1.97375,6.36,b1100,39.495,2625.88,b1111
1.97625,6.54,b1100,39.545,2622.23,b1111
1.97875,6.45,b1100,39.595,2621.02,b1111
1.98125,6.45,b1100,39.645,2618.58,b1111
1.98375,6.27,b1100,39.695,2614.93,b1111
1.98625,6.36,b1100,39.745,2612.51,b1111
1.98875,6.45,b1100,39.795,2608.86,b1111
1.99125,6.54,b1100,39.845,2603.99,b1111
1.99375,6.27,b1100,39.895,2597.92,b1111
1.99625,6.45,b1100,39.945,2591.84,b1111
1.99875,6.27,b1100,39.995,2586.98,b1111
2.00125,6.36,b1100,40.045,2579.69,b1111
2.00375,6.27,b1100,40.095,2573.61,b1111
2.00625,6.36,b1100,40.145,2568.76,b1111
2.00875,6.36,b1100,40.195,2562.69,b1111
2.01125,6.27,b1100,40.245,2559.04,b1111
2.01375,6.36,b1100,40.295,2555.4,b1111
2.01625,6.36,b1100,40.345,2552.97,b1111
2.01875,6.54,b1100,40.395,2550.54,b1111
2.02125,6.36,b1100,40.445,2546.9,b1111
2.02375,6.27,b1100,40.495,2544.47,b1111
2.02625,6.27,b1100,40.545,2543.26,b1111
2.02875,6.36,b1100,40.595,2540.83,b1111
2.03125,6.54,b1100,40.645,2537.19,b1111
2.03375,6.27,b1100,40.695,2533.55,b1111
2.03625,6.27,b1100,40.745,2528.7,b1111
2.03875,6.36,b1100,40.795,2525.06,b1111
2.04125,6.27,b1100,40.845,2520.21,b1111
2.04375,6.27,b1100,40.895,2515.36,b1111
2.04625,6.27,b1100,40.945,2511.72,b1111
2.04875,6.45,b1100,40.995,2508.09,b1111
2.05125,6.45,b1100,41.045,2504.45,b1111
2.05375,6.36,b1100,41.095,2500.82,b1111
2.05625,6.27,b1100,41.145,2495.97,b1111
2.05875,6.54,b1100,41.195,2489.91,b1111
2.06125,6.45,b1100,41.245,2482.64,b1111
2.06375,6.27,b1100,41.295,2476.59,b1111
2.06625,6.27,b1100,41.345,2471.74,b1111
2.06875,6.27,b1100,41.395,2468.11,b1111
2.07125,6.27,b1100,41.445,2464.48,b1111
2.07375,6.36,b1100,41.495,2462.05,b1111
2.07625,6.36,b1100,41.545,2457.21,b1111
2.07875,6.27,b1100,41.595,2453.58,b1111
2.08125,6.27,b1100,41.645,2451.16,b1111
2.08375,6.27,b1100,41.695,2447.53,b1111
2.08625,6.27,b1100,41.745,2443.9,b1111
2.08875,6.27,b1100,41.795,2440.26,b1111
2.09125,6.36,b1100,41.845,2434.22,b1111
2.09375,6.27,b1100,41.895,2426.97,b1111
2.09625,6.27,b1100,41.945,2420.92,b1111
2.09875,6.27,b1100,41.995,2412.45,b1111
2.10125,6.27,b1100,42.045,2406.41,b1111
2.10375,6.27,b1100,42.095,2401.57,b1111
2.10625,6.27,b1100,42.145,2399.16,b1111
2.10875,6.36,b1100,42.195,2399.16,b1111
2.11125,6.27,b1100,42.245,2400.37,b1111
2.11375,6.27,b1100,42.295,2397.95,b1111
2.11625,6.27,b1100,42.345,2395.53,b1111
2.11875,6.18,b1100,42.395,2391.91,b1111
2.12125,6.18,b1100,42.445,2387.08,b1111
2.12375,6.27,b1100,42.495,2379.83,b1111
2.12625,6.27,b1100,42.545,2372.59,b1111
2.12875,6.18,b1100,42.595,2365.35,b1111
2.13125,6.18,b1100,42.645,2359.31,b1111
2.13375,6.27,b1100,42.695,2353.27,b1111
2.13625,6.27,b1100,42.745,2348.45,b1111
2.13875,6.27,b1100,42.795,2346.04,b1111
2.14125,6.27,b1100,42.845,2343.62,b1111
2.14375,6.27,b1100,42.895,2341.21,b1111
2.14625,6.09,b1100,42.945,2338.8,b1111
2.14875,6.27,b1100,42.995,2337.59,b1111
2.15125,6.27,b1100,43.045,2336.38,b1111
2.15375,6.27,b1100,43.095,2333.97,b1111
2.15625,6.27,b1100,43.145,2327.94,b1111
2.15875,6.27,b1100,43.195,2320.71,b1111
2.16125,6.27,b1100,43.245,2314.69,b1111
2.16375,6.18,b1100,43.295,2312.28,b1111
2.16625,6.18,b1100,43.345,2307.46,b1111
2.16875,6.18,b1100,43.395,2305.05,b1111
2.17125,6.27,b1100,43.445,2302.64,b1111
2.17375,6.27,b1100,43.495,2299.02,b1111
2.17625,6.27,b1100,43.545,2294.2,b1111
2.17875,6.27,b1100,43.595,2289.38,b1111
2.18125,6.18,b1100,43.645,2285.77,b1111
2.18375,6.27,b1100,43.695,2280.96,b1111
2.18625,6.18,b1100,43.745,2274.93,b1111
2.18875,6.18,b1100,43.795,2268.91,b1111
2.19125,6.27,b1100,43.845,2264.1,b1111
2.19375,6.18,b1100,43.895,2262.9,b1111
2.19625,6.27,b1100,43.945,2264.1,b1111
2.19875,6.27,b1100,43.995,2266.51,b1111
2.20125,6.18,b1100,44.045,2267.71,b1111
2.20375,6.18,b1100,44.095,2265.31,b1111
2.20625,6.09,b1100,44.145,2260.49,b1111
2.20875,6.18,b1100,44.195,2254.47,b1111
2.21125,6.27,b1100,44.245,2248.46,b1111
2.21375,6.27,b1100,44.295,2243.64,b1111
2.21625,6,b1100,44.345,2237.64,b1111
2.21875,6.27,b1100,44.395,2232.83,b1111
2.22125,6.09,b1100,44.445,2228.01,b1111
2.22375,6,b1100,44.495,2225.61,b1111
2.22625,6.18,b1100,44.545,2218.4,b1111
2.22875,6,b1100,44.595,2213.6,b1111
2.23125,6.18,b1100,44.645,2208.79,b1111
2.23375,6,b1100,44.695,2205.18,b1111
2.23625,6.27,b1100,44.745,2200.38,b1111
2.23875,6,b1100,44.795,2195.57,b1111
2.24125,6,b1100,44.845,2189.57,b1111
2.24375,6,b1100,44.895,2183.57,b1111
2.24625,6.18,b1100,44.945,2177.56,b1111
2.24875,6.18,b1100,44.995,2172.76,b1111
2.25125,6.18,b1100,45.045,2167.96,b1111
2.25375,6.18,b1100,45.095,2163.16,b1111
2.25625,6.18,b1100,45.145,2159.56,b1111
2.25875,6.09,b1100,45.195,2157.16,b1111
2.26125,6,b1100,45.245,2152.37,b1111
2.26375,6.09,b1100,45.295,2151.16,b1111
2.26625,6.18,b1100,45.345,2149.97,b1111
2.26875,6,b1100,45.395,2147.57,b1111
2.27125,6,b1100,45.445,2143.97,b1111
2.27375,6.18,b1100,45.495,2140.37,b1111
2.27625,6.09,b1100,45.545,2135.58,b1111
2.27875,6.18,b1100,45.595,2133.18,b1111
2.28125,6.18,b1100,45.645,2128.38,b1111
2.28375,6.09,b1100,45.695,2123.59,b1111
2.28625,5.92,b1100,45.745,2117.6,b1111
2.28875,6,b1100,45.795,2111.61,b1111
2.29125,6.09,b1100,45.845,2106.81,b1111
2.29375,5.92,b1100,45.895,2102.03,b1111
2.29625,6,b1100,45.945,2099.63,b1111
2.29875,6,b1100,45.995,2098.43,b1111
2.30125,6.18,b1100,46.045,2096.04,b1111
2.30375,5.92,b1100,46.095,2091.25,b1111
2.30625,6.09,b1100,46.145,2087.66,b1111
2.30875,6.09,b1100,46.195,2082.87,b1111
2.31125,6.09,b1100,46.245,2079.28,b1111
2.31375,6.09,b1100,46.295,2074.5,b1111
2.31625,5.92,b1100,46.345,2068.51,b1111
2.31875,5.92,b1100,46.395,2063.72,b1111
2.32125,5.83,b1100,46.445,2058.94,b1111
2.32375,6,b1100,46.495,2055.35,b1111
2.32625,5.92,b1100,46.545,2052.95,b1111
2.32875,5.92,b1100,46.595,2049.37,b1111
2.33125,5.83,b1100,46.645,2043.39,b1111
2.33375,5.92,b1100,46.695,2042.2,b1111
2.33625,5.92,b1100,46.745,2039.8,b1111
2.33875,6.18,b1100,46.795,2041,b1111
2.34125,6,b1100,46.845,2043.39,b1111
2.34375,5.92,b1100,46.895,2044.59,b1111
2.34625,5.92,b1100,46.945,2041,b1111
2.34875,6,b1100,46.995,2037.42,b1111
2.35125,6,b1100,47.045,2031.44,b1111
2.35375,5.92,b1100,47.095,2025.46,b1111
2.35625,6.09,b1100,47.145,2015.9,b1111
2.35875,6.09,b1100,47.195,2006.35,b1111
2.36125,6,b1100,47.245,1997.99,b1111
2.36375,5.92,b1100,47.295,1992.02,b1111
2.36625,5.83,b1100,47.345,1987.24,b1111
2.36875,6.09,b1100,47.395,1983.66,b1111
2.37125,5.92,b1100,47.445,1980.09,b1111
2.37375,5.92,b1100,47.495,1976.5,b1111
2.37625,6,b1100,47.545,1972.93,b1111
2.37875,5.92,b1100,47.595,1968.15,b1111
2.38125,5.92,b1100,47.645,1964.57,b1111
2.38375,5.74,b1100,47.695,1963.39,b1111
2.38625,5.83,b1100,47.745,1964.57,b1111
2.38875,5.92,b1100,47.795,1964.57,b1111
2.39125,5.92,b1100,47.845,1966.97,b1111
2.39375,5.74,b1100,47.895,1966.97,b1111
2.39625,5.83,b1100,47.945,1965.77,b1111
2.39875,5.92,b1100,47.995,1959.81,b1111
2.40125,5.92,b1100,48.045,1952.65,b1111
2.40375,5.92,b1100,48.095,1944.31,b1111
2.40625,5.83,b1100,48.145,1938.34,b1111
2.40875,5.83,b1100,48.195,1931.2,b1111
2.41125,5.83,b1100,48.245,1925.23,b1111
2.41375,5.74,b1100,48.295,1921.66,b1111
2.41625,5.74,b1100,48.345,1918.09,b1111
2.41875,5.92,b1100,48.395,1914.52,b1111
2.42125,5.83,b1100,48.445,1910.95,b1111
2.42375,5.83,b1100,48.495,1904.99,b1111
2.42625,5.83,b1100,48.545,1896.66,b1111
2.42875,5.74,b1100,48.595,1888.33,b1111
2.43125,5.83,b1100,48.645,1883.56,b1111
2.43375,5.83,b1100,48.695,1882.37,b1111
2.43625,5.74,b1100,48.745,1882.37,b1111
2.43875,5.74,b1100,48.795,1882.37,b1111
2.44125,5.83,b1100,48.845,1881.19,b1111
2.44375,5.92,b1100,48.895,1878.8,b1111
2.44625,5.92,b1100,48.945,1875.24,b1111
2.44875,5.92,b1100,48.995,1872.86,b1111
2.45125,5.92,b1100,49.045,1868.1,b1111
2.45375,5.83,b1100,49.095,1863.35,b1111
2.45625,5.65,b1100,49.145,1855.02,b1111
2.45875,5.56,b1100,49.195,1847.89,b1111
2.46125,5.92,b1100,49.245,1840.76,b1111
2.46375,5.74,b1100,49.295,1833.63,b1111
2.46625,5.83,b1100,49.345,1827.69,b1111
2.46875,5.74,b1100,49.395,1822.94,b1111
2.47125,5.74,b1100,49.445,1816.99,b1111
2.47375,5.83,b1100,49.495,1812.25,b1111
2.47625,5.83,b1100,49.545,1808.69,b1111
2.47875,5.65,b1100,49.595,1805.13,b1111
2.48125,5.74,b1100,49.645,1802.75,b1111
2.48375,5.74,b1100,49.695,1801.56,b1111
2.48625,5.74,b1100,49.745,1801.56,b1111
2.48875,5.83,b1100,49.795,1800.38,b1111
2.49125,5.74,b1100,49.845,1796.81,b1111
2.49375,5.83,b1100,49.895,1790.88,b1111
2.49625,5.65,b1100,49.945,1782.58,b1111
2.49875,5.56,b1100,49.995,1775.46,b1111
2.50125,5.56,b1100,50.045,1770.72,b1111
2.50375,5.83,b1100,50.095,1767.16,b1111
2.50625,5.65,b1100,50.145,1767.16,b1111
2.50875,5.65,b1100,50.195,1767.16,b1111
2.51125,5.56,b1100,50.245,1767.16,b1111
2.51375,5.56,b1100,50.295,1764.79,b1111
2.51625,5.56,b1100,50.345,1758.86,b1111
2.51875,5.65,b1100,50.395,1751.74,b1111
2.52125,5.65,b1100,50.445,1741.08,b1111
2.52375,5.74,b1100,50.495,1731.6,b1111
2.52625,5.65,b1100,50.545,1723.31,b1111
2.52875,5.56,b1100,50.595,1716.21,b1111
2.53125,5.56,b1100,50.645,1712.65,b1111
2.53375,5.74,b1100,50.695,1706.73,b1111
2.53625,5.65,b1100,50.745,1702,b1111
2.53875,5.74,b1100,50.795,1700.82,b1111
2.54125,5.74,b1100,50.845,1702,b1111
2.54375,5.56,b1100,50.895,1703.19,b1111
2.54625,5.56,b1100,50.945,1704.37,b1111
2.54875,5.47,b1100,50.995,1702,b1111
2.55125,5.56,b1100,51.045,1697.27,b1111
2.55375,5.47,b1100,51.095,1688.99,b1111
2.55625,5.47,b1100,51.145,1677.16,b1111
2.55875,5.47,b1100,51.195,1666.52,b1111
2.56125,5.65,b1100,51.245,1659.43,b1111
2.56375,5.56,b1100,51.295,1657.06,b1111
2.56625,5.56,b1100,51.345,1654.69,b1111
2.56875,5.56,b1100,51.395,1654.69,b1111
2.57125,5.56,b1100,51.445,1654.69,b1111
2.57375,5.38,b1100,51.495,1651.15,b1111
2.57625,5.56,b1100,51.545,1645.24,b1111
2.57875,5.47,b1100,51.595,1639.34,b1111
2.58125,5.56,b1100,51.645,1634.62,b1111
2.58375,5.65,b1100,51.695,1626.35,b1111
2.58625,5.56,b1100,51.745,1621.62,b1111
2.58875,5.56,b1100,51.795,1615.72,b1111
2.59125,5.47,b1100,51.845,1611,b1111
2.59375,5.56,b1100,51.895,1607.46,b1111
2.59625,5.56,b1100,51.945,1603.92,b1111
2.59875,5.47,b1100,51.995,1598.02,b1111
2.60125,5.38,b1100,52.045,1594.48,b1111
2.60375,5.47,b1100,52.095,1588.58,b1111
2.60625,5.56,b1100,52.145,1581.5,b1111
2.60875,5.56,b1100,52.195,1575.61,b1111
2.61125,5.65,b1100,52.245,1574.43,b1111
2.61375,5.38,b1100,52.295,1574.43,b1111
2.61625,5.47,b1100,52.345,1574.43,b1111
2.61875,5.38,b1100,52.395,1572.07,b1111
2.62125,5.38,b1100,52.445,1566.18,b1111
2.62375,5.47,b1100,52.495,1561.46,b1111
2.62625,5.56,b1100,52.545,1556.75,b1111
2.62875,5.65,b1100,52.595,1554.39,b1111
2.63125,5.56,b1100,52.645,1548.5,b1111
2.63375,5.38,b1100,52.695,1543.79,b1111
2.63625,5.38,b1100,52.745,1536.72,b1111
2.63875,5.38,b1100,52.795,1532.01,b1111
2.64125,5.29,b1100,52.845,1526.12,b1111
2.64375,5.29,b1100,52.895,1521.42,b1111
2.64625,5.29,b1100,52.945,1519.06,b1111
2.64875,5.29,b1100,52.995,1515.53,b1111
2.65125,5.29,b1100,53.045,1510.82,b1111
2.65375,5.21,b1100,53.095,1504.94,b1111
2.65625,5.38,b1100,53.145,1500.23,b1111
2.65875,5.56,b1100,53.195,1493.17,b1111
2.66125,5.29,b1100,53.245,1488.48,b1111
2.66375,5.29,b1100,53.295,1484.95,b1111
2.66625,5.38,b1100,53.345,1482.59,b1111
2.66875,5.29,b1100,53.395,1481.42,b1111
2.67125,5.29,b1100,53.445,1479.06,b1111
2.67375,5.38,b1100,53.495,1477.89,b1111
2.67625,5.47,b1100,53.545,1475.54,b1111
2.67875,5.21,b1100,53.595,1474.36,b1111
2.68125,5.38,b1100,53.645,1473.18,b1111
2.68375,5.29,b1100,53.695,1472.01,b1111
2.68625,5.21,b1100,53.745,1470.83,b1111
2.68875,5.21,b1100,53.795,1468.48,b1111
2.69125,5.21,b1100,53.845,1467.31,b1111
2.69375,5.21,b1100,53.895,1463.79,b1111
2.69625,5.29,b1100,53.945,1457.91,b1111
2.69875,5.38,b1100,53.995,1449.68,b1111
2.70125,5.21,b1100,54.045,1442.63,b1111
2.70375,5.21,b1100,54.095,1433.25,b1111
2.70625,5.21,b1100,54.145,1427.38,b1111
2.70875,5.47,b1100,54.195,1421.51,b1111
2.71125,5.29,b1100,54.245,1415.64,b1111
2.71375,5.29,b1100,54.295,1408.6,b1111
2.71625,5.21,b1100,54.345,1401.56,b1111
2.71875,5.29,b1100,54.395,1394.52,b1111
2.72125,5.12,b1100,54.445,1389.83,b1111
2.72375,5.21,b1100,54.495,1386.31,b1111
2.72625,5.21,b1100,54.545,1382.8,b1111
2.72875,5.03,b1100,54.595,1380.45,b1111
2.73125,5.21,b1100,54.645,1375.76,b1111
2.73375,5.03,b1100,54.695,1369.9,b1111
2.73625,5.12,b1100,54.745,1365.22,b1111
2.73875,5.21,b1100,54.795,1360.53,b1111
2.74125,5.29,b1100,54.845,1357.02,b1111
2.74375,5.29,b1100,54.895,1353.5,b1111
2.74625,5.12,b1100,54.945,1351.16,b1111
2.74875,5.12,b1100,54.995,1348.82,b1111
2.75125,5.21,b1100,55.045,1346.48,b1111
2.75375,5.21,b1100,55.095,1344.13,b1111
2.75625,5.21,b1100,55.145,1340.62,b1111
2.75875,5.29,b1100,55.195,1337.11,b1111
2.76125,5.29,b1100,55.245,1331.26,b1111
2.76375,5.12,b1100,55.295,1325.4,b1111
2.76625,4.94,b1100,55.345,1320.72,b1111
2.76875,5.12,b1100,55.395,1316.04,b1111
2.77125,5.21,b1100,55.445,1312.53,b1111
2.77375,5.12,b1100,55.495,1309.02,b1111
2.77625,5.21,b1100,55.545,1305.51,b1111
2.77875,5.12,b1100,55.595,1302.01,b1111
2.78125,5.03,b1100,55.645,1296.15,b1111
2.78375,5.21,b1100,55.695,1290.31,b1111
2.78625,5.03,b1100,55.745,1287.97,b1111
2.78875,5.21,b1100,55.795,1286.8,b1111
2.79125,5.21,b1100,55.845,1286.8,b1111
2.79375,5.21,b1100,55.895,1286.8,b1111
2.79625,4.94,b1100,55.945,1285.63,b1111
2.79875,4.94,b1100,55.995,1283.3,b1111
2.80125,4.85,b1100,56.045,1280.96,b1111
2.80375,5.03,b1100,56.095,1278.62,b1111
2.80625,5.03,b1100,56.145,1273.95,b1111
2.80875,5.03,b1100,56.195,1268.1,b1111
2.81125,4.94,b1100,56.245,1262.27,b1111
2.81375,4.94,b1100,56.295,1255.25,b1111
2.81625,4.85,b1100,56.345,1249.42,b1111
2.81875,5.12,b1100,56.395,1243.58,b1111
2.82125,5.12,b1100,56.445,1238.91,b1111
2.82375,5.12,b1100,56.495,1237.74,b1111
2.82625,5.12,b1100,56.545,1235.41,b1111
2.82875,4.94,b1100,56.595,1230.74,b1111
2.83125,5.03,b1100,56.645,1231.91,b1111
2.83375,5.03,b1100,56.695,1227.24,b1111
2.83625,4.94,b1100,56.745,1221.4,b1111
2.83875,5.12,b1100,56.795,1214.41,b1111
2.84125,4.85,b1100,56.845,1210.9,b1111
2.84375,5.03,b1100,56.895,1203.91,b1111
2.84625,5.12,b1100,56.945,1195.74,b1111
2.84875,5.12,b1100,56.995,1189.92,b1111
2.85125,5.03,b1100,57.045,1184.09,b1111
2.85375,4.94,b1100,57.095,1179.43,b1111
2.85625,5.03,b1100,57.145,1174.76,b1111
2.85875,4.94,b1100,57.195,1171.27,b1111
2.86125,4.94,b1100,57.245,1167.78,b1111
2.86375,4.94,b1100,57.295,1165.44,b1111
2.86625,4.94,b1100,57.345,1161.95,b1111
2.86875,4.85,b1100,57.395,1159.63,b1111
2.87125,4.85,b1100,57.445,1158.46,b1111
2.87375,5.03,b1100,57.495,1157.3,b1111
2.87625,5.03,b1100,57.545,1154.96,b1111
2.87875,5.03,b1100,57.595,1153.8,b1111
2.88125,4.85,b1100,57.645,1152.64,b1111
2.88375,4.67,b1100,57.695,1150.31,b1111
2.88625,4.94,b1100,57.745,1147.98,b1111
2.88875,4.76,b1100,57.795,1147.98,b1111
2.89125,4.85,b1100,57.845,1144.49,b1111
2.89375,4.85,b1100,57.895,1144.49,b1111
2.89625,4.85,b1100,57.945,1143.32,b1111
2.89875,4.85,b1100,57.995,1142.16,b1111
2.90125,5.03,b1100,58.045,1136.34,b1111
2.90375,4.94,b1100,58.095,1129.36,b1111
2.90625,4.76,b1100,58.145,1122.38,b1111
2.90875,4.85,b1100,58.195,1114.24,b1111
2.91125,4.85,b1100,58.245,1108.42,b1111
2.91375,4.85,b1100,58.295,1103.77,b1111
2.91625,4.85,b1100,58.345,1100.28,b1111
2.91875,4.85,b1100,58.395,1096.8,b1111
2.92125,4.85,b1100,58.445,1093.31,b1111
2.92375,4.85,b1100,58.495,1089.83,b1111
2.92625,4.85,b1100,58.545,1086.33,b1111
2.92875,4.85,b1100,58.595,1080.52,b1111
2.93125,4.85,b1100,58.645,1072.39,b1111
2.93375,4.85,b1100,58.695,1064.26,b1111
2.93625,4.58,b1100,58.745,1056.14,b1111
2.93875,4.76,b1100,58.795,1048.01,b1111
2.94125,4.76,b1100,58.845,1042.21,b1111
2.94375,4.76,b1100,58.895,1039.88,b1111
2.94625,4.85,b1100,58.945,1037.56,b1111
2.94875,4.67,b1100,58.995,1036.4,b1111
2.95125,4.85,b1100,59.045,1037.56,b1111
2.95375,4.67,b1100,59.095,1036.4,b1111
2.95625,4.85,b1100,59.145,1032.92,b1111
2.95875,4.85,b1100,59.195,1027.12,b1111
2.96125,4.76,b1100,59.245,1017.84,b1111
2.96375,4.58,b1100,59.295,1012.05,b1111
2.96625,4.85,b1100,59.345,1008.56,b1111
2.96875,5.03,b1100,59.395,1003.92,b1111
2.97125,4.76,b1100,59.445,1001.61,b1111
2.97375,4.58,b1100,59.495,994.658,b1111
2.97625,4.85,b1100,59.545,990.02,b1111
2.97875,4.76,b1100,59.595,985.382,b1111
2.98125,4.76,b1100,59.645,979.591,b1111
2.98375,4.58,b1100,59.695,973.8,b1111
2.98625,4.58,b1100,59.745,969.171,b1111
2.98875,4.67,b1100,59.795,964.533,b1111
2.99125,4.58,b1100,59.845,959.904,b1111
2.99375,4.58,b1100,59.895,958.742,b1111
2.99625,4.58,b1100,59.945,956.428,b1111
2.99875,4.5,b1100,59.995,955.275,b1111
3.00125,4.58,b1100,60.045,952.96,b1111
3.00375,4.5,b1100,60.095,951.798,b1111
3.00625,4.58,b1100,60.145,948.331,b1111
3.00875,4.5,b1100,60.195,942.54,b1111
3.01125,4.5,b1100,60.245,935.605,b1111
3.01375,4.67,b1100,60.295,927.508,b1111
3.01625,4.41,b1100,60.345,921.726,b1111
3.01875,4.41,b1100,60.395,915.944,b1111
3.02125,4.5,b1100,60.445,910.162,b1111
3.02375,4.5,b1100,60.495,906.694,b1111
3.02625,4.41,b1100,60.545,902.065,b1111
3.02875,4.32,b1100,60.595,897.444,b1111
3.03125,4.5,b1100,60.645,893.977,b1111
3.03375,4.32,b1100,60.695,891.671,b1111
3.03625,4.14,b1100,60.745,891.671,b1111
3.03875,4.23,b1100,60.795,893.977,b1111
3.04125,4.41,b1100,60.845,892.824,b1111
3.04375,4.23,b1100,60.895,891.671,b1111
3.04625,4.23,b1100,60.945,887.05,b1111
3.04875,4.05,b1100,60.995,881.268,b1111
3.05125,4.05,b1100,61.045,875.495,b1111
3.05375,4.14,b1100,61.095,868.568,b1111
3.05625,3.96,b1100,61.145,860.489,b1111
3.05875,4.05,b1100,61.195,854.715,b1111
3.06125,3.7,b1100,61.245,850.103,b1111
3.06375,3.87,b1100,61.295,846.636,b1111
3.06625,3.87,b1100,61.345,843.177,b1111
3.06875,3.79,b1100,61.395,837.412,b1111
3.07125,3.79,b1100,61.445,832.791,b1111
3.07375,3.87,b1100,61.495,828.179,b1111
3.07625,3.79,b1100,61.545,824.72,b1111
3.07875,3.61,b1100,61.595,818.956,b1111
3.08125,3.7,b1100,61.645,813.191,b1111
3.08375,3.7,b1100,61.695,808.579,b1111
3.08625,3.61,b1100,61.745,803.976,b1111
3.08875,3.61,b1100,61.795,800.517,b1111
3.09125,3.7,b1100,61.845,799.364,b1111
3.09375,3.61,b1100,61.895,797.058,b1111
3.09625,3.61,b1100,61.945,793.599,b1111
3.09875,3.43,b1100,61.995,788.996,b1111
3.10125,3.43,b1100,62.045,785.537,b1111
3.10375,3.43,b1100,62.095,780.934,b1111
3.10625,3.43,b1100,62.145,777.475,b1111
3.10875,3.34,b1100,62.195,776.322,b1111
3.11125,3.43,b1100,62.245,776.322,b1111
3.11375,3.43,b1100,62.295,775.169,b1111
3.11625,3.34,b1100,62.345,775.169,b1111
3.11875,3.08,b1100,62.395,774.025,b1111
3.12125,2.99,b1100,62.445,774.025,b1111
3.12375,3.08,b1100,62.495,770.566,b1111
3.12625,3.25,b1100,62.545,767.115,b1111
3.12875,3.25,b1100,62.595,760.206,b1111
3.13125,3.08,b1100,62.645,752.153,b1111
3.13375,3.25,b1100,62.695,741.802,b1111
3.13625,2.81,b1100,62.745,733.749,b1111
3.13875,3.16,b1100,62.795,726.848,b1111
3.14125,2.72,b1100,62.845,721.101,b1111
3.14375,2.9,b1100,62.895,719.948,b1111
3.14625,2.72,b1100,62.945,717.65,b1111
3.14875,2.81,b1100,62.995,717.65,b1111
3.15125,2.81,b1100,63.045,714.2,b1111
3.15375,2.81,b1100,63.095,709.606,b1111
3.15625,2.72,b1100,63.145,703.858,b1111
3.15875,2.81,b1100,63.195,695.822,b1111
3.16125,2.81,b1100,63.245,688.93,b1111
3.16375,2.9,b1100,63.295,682.038,b1111
3.16625,2.81,b1100,63.345,675.147,b1111
3.16875,2.81,b1100,63.395,670.552,b1111
3.17125,2.81,b1100,63.445,664.813,b1111
3.17375,2.63,b1100,63.495,660.227,b1111
3.17625,2.63,b1100,63.545,654.489,b1111
3.17875,2.63,b1100,63.595,649.903,b1111
3.18125,2.72,b1100,63.645,644.164,b1111
3.18375,2.45,b1100,63.695,638.434,b1111
3.18625,2.54,b1100,63.745,636.136,b1111
3.18875,2.63,b1100,63.795,633.839,b1111
3.19125,2.45,b1100,63.845,632.695,b1111
3.19375,2.81,b1100,63.895,633.839,b1111
3.19625,2.54,b1100,63.945,637.281,b1111
3.19875,2.54,b1100,63.995,638.434,b1111
3.20125,2.72,b1100,64.045,639.578,b1111
3.20375,2.72,b1100,64.095,637.281,b1111
3.20625,2.72,b1100,64.145,633.839,b1111
3.20875,2.54,b1100,64.195,629.253,b1111
3.21125,2.45,b1100,64.245,624.676,b1111
3.21375,2.45,b1100,64.295,620.09,b1111
3.21625,2.45,b1100,64.345,614.36,b1111
3.21875,2.45,b1100,64.395,608.63,b1111
3.22125,2.37,b1100,64.445,601.755,b1111
3.22375,2.37,b1100,64.495,593.737,b1111
3.22625,2.37,b1100,64.545,585.718,b1111
3.22875,2.19,b1100,64.595,577.708,b1111
3.23125,2.45,b1100,64.645,568.545,b1111
3.23375,2.28,b1100,64.695,562.823,b1111
3.23625,2.63,b1100,64.745,557.11,b1111
3.23875,2.81,b1100,64.795,555.957,b1111
3.24125,2.63,b1100,64.845,555.957,b1111
3.24375,2.37,b1100,64.895,558.255,b1111
3.24625,2.63,b1100,64.945,559.399,b1111
3.24875,2.72,b1100,64.995,559.399,b1111
3.25125,2.54,b1100,65.045,557.11,b1111
3.25375,2.37,b1100,65.095,554.822,b1111
3.25625,2.28,b1100,65.145,552.533,b1111
3.25875,2.28,b1100,65.195,544.523,b1111
3.26125,2.45,b1100,65.245,538.81,b1111
3.26375,2.37,b1100,65.295,531.944,b1111
3.26625,2.45,b1100,65.345,526.232,b1111
3.26875,2.28,b1100,65.395,522.799,b1111
3.27125,2.28,b1100,65.445,319.98,b1111
3.27375,2.45,b1100,65.495,291.589,b1111
3.27625,2.63,b1100,65.545,292.725,b1111
3.27875,2.37,b1100,65.595,342.701,b1111
3.28125,2.28,b1100,65.645,376.831,b1111
3.28375,1.83,b1100,65.695,398.451,b1111
3.28625,2.1,b1100,65.745,414.402,b1111
3.28875,2.1,b1100,65.795,425.793,b1111
3.29125,2.1,b1100,65.845,433.777,b1111
3.29375,2.19,b1100,65.895,439.473,b1111
3.29625,2.01,b1100,65.945,442.897,b1111
3.29875,2.19,b1100,65.995,445.177,b1111
3.30125,2.37,b1100,66.045,446.313,b1111
3.30375,2.1,b1100,66.095,446.313,b1111
3.30625,2.1,b1100,66.145,447.457,b1111
3.30875,2.1,b1100,66.195,444.033,b1111
3.31125,2.1,b1100,66.245,438.337,b1111
3.31375,2.01,b1100,66.295,431.497,b1111
3.31625,2.1,b1100,66.345,428.073,b1111
3.31875,2.01,b1100,66.395,424.658,b1111
3.32125,2.01,b1100,66.445,420.098,b1111
3.32375,2.19,b1100,66.495,415.538,b1111
3.32625,1.83,b1100,66.545,409.842,b1111
3.32875,2.01,b1100,66.595,405.291,b1111
3.33125,1.92,b1100,66.645,400.731,b1111
3.33375,1.92,b1100,66.695,395.044,b1111
3.33625,1.92,b1100,66.745,390.485,b1111
3.33875,1.92,b1100,66.795,385.933,b1111
3.34125,1.92,b1100,66.845,382.518,b1111
3.34375,2.01,b1100,66.895,380.238,b1111
3.34625,1.74,b1100,66.945,376.831,b1111
3.34875,1.57,b1100,66.995,380.238,b1111
3.35125,1.92,b1100,67.045,385.933,b1111
3.35375,1.48,b1100,67.095,391.629,b1111
3.35625,1.74,b1100,67.145,393.9,b1111
3.35875,1.92,b1100,67.195,393.9,b1111
3.36125,1.83,b1100,67.245,393.9,b1111
3.36375,1.39,b1100,67.295,390.485,b1111
3.36625,1.57,b1100,67.345,388.205,b1111
3.36875,1.39,b1100,67.395,383.653,b1111
3.37125,1.3,b1100,67.445,380.238,b1111
3.37375,1.48,b1100,67.495,375.687,b1111
3.37625,1.21,b1100,67.545,371.135,b1111
3.37875,1.12,b1100,67.595,363.177,b1111
3.38125,1.12,b1100,67.645,356.346,b1111
3.38375,1.12,b1100,67.695,347.253,b1111
3.38625,1.21,b1100,67.745,338.159,b1111
3.38875,1.12,b1100,67.795,331.336,b1111
3.39125,1.3,b1100,67.845,324.523,b1111
3.39375,1.03,b1100,67.895,319.98,b1111
3.39625,0.87,b1100,67.945,316.565,b1111
3.39875,0.78,b1100,67.995,312.022,b1111
3.40125,0.51,b1100,68.045,309.751,b1111
3.40375,0.69,b1100,68.095,307.479,b1111
3.40625,0.6,b1100,68.145,304.073,b1111
3.40875,0.78,b1100,68.195,300.666,b1111
3.41125,0.6,b1100,68.245,297.259,b1111
3.41375,0.78,b1100,68.295,292.725,b1111
3.41625,0.6,b1100,68.345,291.589,b1111
3.41875,0.6,b1100,68.395,288.182,b1111
3.42125,0.51,b1100,68.445,285.911,b1111
3.42375,0.6,b1100,68.495,283.64,b1111
3.42625,0.51,b1100,68.545,281.369,b1111
3.42875,0.6,b1100,68.595,280.233,b1111
3.43125,0.42,b1100,68.645,280.233,b1111
3.43375,0.51,b1100,68.695,276.835,b1111
3.43625,0.33,b1100,68.745,274.563,b1111
3.43875,0.16,b1100,68.795,273.428,b1111
3.44125,0.51,b1100,68.845,272.292,b1111
3.44375,0.24,b1100,68.895,270.03,b1111
3.44625,0.33,b1100,68.945,267.758,b1111
3.44875,0.42,b1100,68.995,264.351,b1111
3.45125,0.07,b1100,69.045,262.089,b1111
3.45375,0.07,b1100,69.095,259.818,b1111
3.45625,-0.02,b1100,69.145,257.546,b1111
3.45875,0.16,b1100,69.195,255.284,b1111
3.46125,-0.02,b1100,69.245,251.877,b1111
3.46375,0.16,b1100,69.295,249.614,b1111
3.46625,0.07,b1100,69.345,247.343,b1111
3.46875,-0.02,b1100,69.395,245.08,b1111
3.47125,0.07,b1100,69.445,243.945,b1111
3.47375,-0.11,b1100,69.495,241.674,b1111
3.47625,-0.29,b1100,69.545,240.547,b1111
3.47875,-0.11,b1100,69.595,239.411,b1111
3.48125,0.16,b1100,69.645,237.148,b1111
3.48375,-0.02,b1100,69.695,236.013,b1111
3.48625,-0.02,b1100,69.745,233.741,b1111
3.48875,0.07,b1100,69.795,231.479,b1111
3.49125,-0.02,b1100,69.845,229.208,b1111
3.49375,0.16,b1100,69.895,228.081,b1111
3.49625,0.16,b1100,69.945,225.809,b1111
3.49875,0.16,b1100,69.995,224.682,b1111
3.50125,-0.02,b1100,70.045,223.547,b1111
3.50375,0.16,b1100,70.095,222.411,b1111
3.50625,-0.11,b1100,70.145,221.284,b1111
3.50875,-0.2,b1100,70.195,220.149,b1111
3.51125,-0.29,b1100,70.245,219.013,b1111
3.51375,-0.38,b1100,70.295,217.886,b1111
3.51625,-0.29,b1100,70.345,216.75,b1111
3.51875,-0.29,b1100,70.395,215.615,b1111
3.52125,-0.29,b1100,70.445,214.488,b1111
3.52375,-0.11,b1100,70.495,214.488,b1111
3.52625,-0.38,b1100,70.545,213.352,b1111
3.52875,-0.11,b1100,70.595,212.216,b1111
3.53125,-0.29,b1100,70.645,213.352,b1111
3.53375,-0.2,b1100,70.695,213.352,b1111
3.53625,-0.2,b1100,70.745,213.352,b1111
3.53875,-0.2,b1100,70.795,212.216,b1111
3.54125,-0.38,b1100,70.845,213.352,b1111
3.54375,-0.11,b1100,70.895,213.352,b1111
3.54625,-0.29,b1100,70.945,214.488,b1111
3.54875,-0.55,b1100,70.995,213.352,b1111
3.55125,0.24,b1100,71.045,213.352,b1111
3.55375,-0.02,b1100,71.095,213.352,b1111
3.55625,-0.47,b1100,71.145,212.216,b1111
3.55875,-0.29,b1100,71.195,211.089,b1111
3.56125,-0.38,b1100,71.245,209.954,b1111
3.56375,-0.29,b1100,71.295,207.691,b1111
3.56625,-0.11,b1100,71.345,205.429,b1111
3.56875,-0.2,b1100,71.395,202.03,b1111
3.57125,-0.38,b1100,71.445,200.895,b1111
3.57375,-0.47,b1100,71.495,199.768,b1111
3.57625,-0.47,b1100,71.545,196.37,b1111
3.57875,-0.64,b1100,71.595,192.971,b1111
3.58125,-0.29,b1100,71.645,191.844,b1111
3.58375,-0.29,b1100,71.695,190.709,b1111
3.58625,-0.29,b1100,71.745,191.844,b1111
3.58875,-0.29,b1100,71.795,190.709,b1111
3.59125,-0.47,b1100,71.845,191.844,b1111
3.59375,-0.47,b1100,71.895,190.709,b1111
3.59625,-0.29,b1100,71.945,190.709,b1111
3.59875,-0.38,b1100,71.995,189.582,b1111
3.60125,-0.82,b1100,72.045,188.446,b1111
3.60375,-0.82,b1100,72.095,187.319,b1111
3.60625,-0.29,b1100,72.145,186.184,b1111
3.60875,-0.47,b1100,72.195,185.057,b1111
3.61125,-0.47,b1100,72.245,183.921,b1111
3.61375,-0.38,b1100,72.295,183.921,b1111
3.61625,-0.47,b1100,72.345,181.658,b1111
3.61875,-0.47,b1100,72.395,180.523,b1111
3.62125,-0.47,b1100,72.445,178.26,b1111
3.62375,-0.47,b1100,72.495,177.133,b1111
3.62625,-0.38,b1100,72.545,174.871,b1111
3.62875,-1.26,b1100,72.595,173.735,b1111
3.63125,-0.64,b1100,72.645,171.472,b1111
3.63375,-1.26,b1100,72.695,170.345,b1111
3.63625,-0.73,b1100,72.745,169.21,b1111
3.63875,-0.73,b1100,72.795,166.947,b1111
3.64125,-0.82,b1100,72.845,166.947,b1111
3.64375,-0.47,b1100,72.895,164.693,b1111
3.64625,-0.38,b1100,72.945,163.558,b1111
3.64875,-0.64,b1100,72.995,162.431,b1111
3.65125,-0.38,b1100,73.045,162.431,b1111
3.65375,-0.29,b1100,73.095,161.295,b1111
3.65625,-0.29,b1100,73.145,160.168,b1111
3.65875,-0.64,b1100,73.195,159.032,b1111
3.66125,-0.38,b1100,73.245,157.906,b1111
3.66375,-0.29,b1100,73.295,156.77,b1111
3.66625,-0.38,b1100,73.345,155.643,b1111
3.66875,-0.47,b1100,73.395,154.516,b1111
3.67125,-0.38,b1100,73.445,153.38,b1111
3.67375,-0.38,b1100,73.495,152.253,b1111
3.67625,-0.47,b1100,73.545,151.118,b1111
3.67875,-0.29,b1100,73.595,149.991,b1111
3.68125,-0.38,b1110,73.645,147.728,b1111
3.68375,-0.38,b1110,73.695,146.601,b1111
3.68625,-0.2,b1110,73.745,145.466,b1111
3.68875,-0.47,b1110,73.795,144.339,b1111
3.69125,-0.29,b1110,73.845,143.212,b1111
3.69375,-0.38,b1110,73.895,142.076,b1111
3.69625,-0.38,b1110,73.945,140.949,b1111
3.69875,-0.47,b1110,73.995,139.822,b1111
3.70125,-0.38,b1110,74.045,138.687,b1111
3.70375,-0.47,b1110,74.095,137.56,b1111
3.70625,-0.47,b1110,74.145,136.433,b1111
3.70875,-0.47,b1110,74.195,135.297,b1111
3.71125,-0.55,b1110,74.245,135.297,b1111
3.71375,-0.38,b1110,74.295,133.034,b1111
3.71625,-0.47,b1110,74.345,133.034,b1111
3.71875,-0.47,b1110,74.395,130.78,b1111
3.72125,-0.55,b1110,74.445,129.653,b1111
3.72375,-0.55,b1110,74.495,128.518,b1111
3.72625,-0.47,b1110,74.545,128.518,b1111
3.72875,-0.47,b1110,74.595,127.391,b1111
3.73125,-0.47,b1110,74.645,127.391,b1111
3.73375,-0.38,b1110,74.695,125.128,b1111
3.73625,-0.47,b1110,74.745,125.128,b1111
3.73875,-0.38,b1110,74.795,125.128,b1111
3.74125,-0.47,b1110,74.845,125.128,b1111
3.74375,-0.47,b1110,74.895,124.001,b1111
3.74625,-0.47,b1110,74.945,122.874,b1111
3.74875,-0.47,b1110,74.995,122.874,b1111
3.75125,-0.38,b1110,75.045,122.874,b1111
3.75375,-0.47,b1110,75.095,121.747,b1111
3.75625,-0.38,b1110,75.145,121.747,b1111
3.75875,-0.47,b1110,75.195,120.612,b1111
3.76125,-0.55,b1110,75.245,120.612,b1111
3.76375,-0.55,b1110,75.295,119.485,b1111
3.76625,-0.38,b1110,75.345,118.358,b1111
3.76875,-0.55,b1110,75.395,118.358,b1111
3.77125,-0.47,b1110,75.445,118.358,b1111
3.77375,-0.55,b1110,75.495,116.095,b1111
3.77625,-0.55,b1110,75.545,116.095,b1111
3.77875,-0.47,b1110,75.595,114.968,b1111
3.78125,-0.47,b1110,75.645,113.841,b1111
3.78375,-0.38,b1110,75.695,113.841,b1111
3.78625,-0.47,b1110,75.745,112.706,b1111
3.78875,-0.64,b1110,75.795,110.452,b1111
3.79125,-0.47,b1110,75.845,110.452,b1111
3.79375,-0.55,b1110,75.895,109.325,b1111
3.79625,-0.73,b1110,75.945,108.189,b1111
3.79875,-0.47,b1110,75.995,108.189,b1111
3.80125,-0.64,b1110,76.045,107.062,b1111
3.80375,-0.55,b1110,76.095,105.935,b1111
3.80625,-0.55,b1110,76.145,105.935,b1111
3.80875,-0.55,b1110,76.195,104.808,b1111
3.81125,-0.64,b1110,76.245,104.808,b1111
3.81375,-0.55,b1110,76.295,103.673,b1111
3.81625,-0.55,b1110,76.345,103.673,b1111
3.81875,-0.64,b1110,76.395,102.546,b1111
3.82125,-0.73,b1110,76.445,102.546,b1111
3.82375,-0.64,b1110,76.495,101.419,b1111
3.82625,-0.47,b1110,76.545,100.292,b1111
3.82875,-0.47,b1110,76.595,99.1648,b1111
3.83125,-0.55,b1110,76.645,99.1648,b1111
3.83375,-0.55,b1110,76.695,98.0292,b1111
3.83625,-0.55,b1110,76.745,98.0292,b1111
3.83875,-0.55,b1110,76.795,98.0292,b1111
3.84125,-0.73,b1110,76.845,96.9022,b1111
3.84375,-0.47,b1110,76.895,95.7752,b1111
3.84625,-0.64,b1110,76.945,94.6483,b1111
3.84875,-0.64,b1110,76.995,94.6483,b1111
3.85125,-0.73,b1110,77.045,93.5126,b1111
3.85375,-0.47,b1110,77.095,93.5126,b1111
3.85625,-0.55,b1110,77.145,92.3857,b1111
3.85875,-0.55,b1110,77.195,91.2587,b1111
3.86125,-0.55,b1110,77.245,90.1318,b1111
3.86375,-0.55,b1110,77.295,89.0048,b1111
3.86625,-0.55,b1110,77.345,89.0048,b1111
3.86875,-0.55,b1110,77.395,87.8778,b1111
3.87125,-0.73,b1110,77.445,86.7509,b1111
3.87375,-0.73,b1110,77.495,86.7509,b1111
3.87625,-0.73,b1110,77.545,85.6152,b1111
3.87875,-0.73,b1110,77.595,84.4883,b1111
3.88125,-0.55,b1110,77.645,84.4883,b1111
3.88375,-0.55,b1110,77.695,84.4883,b1111
3.88625,-0.55,b1110,77.745,83.3613,b1111
3.88875,-0.47,b1110,77.795,82.2344,b1111
3.89125,-0.55,b1110,77.845,82.2344,b1111
3.89375,-0.55,b1110,77.895,82.2344,b1111
3.89625,-0.82,b1110,77.945,81.1074,b1111
3.89875,-0.73,b1110,77.995,81.1074,b1111
3.90125,-0.91,b1110,78.045,79.9804,b1111
3.90375,-0.91,b1110,78.095,79.9804,b1111
3.90625,-0.82,b1110,78.145,79.9804,b1111
3.90875,-0.73,b1110,78.195,78.8535,b1111
3.91125,-0.82,b1110,78.245,78.8535,b1111
3.91375,-1,b1110,78.295,78.8535,b1111
3.91625,-0.73,b1110,78.345,78.8535,b1111
3.91875,-0.64,b1110,78.395,77.7178,b1111
3.92125,-0.64,b1110,78.445,76.5909,b1111
3.92375,-0.82,b1110,78.495,75.4639,b1111
3.92625,-0.82,b1110,78.545,75.4639,b1111
3.92875,-0.73,b1110,78.595,74.3369,b1111
3.93125,-0.82,b1110,78.645,74.3369,b1111
3.93375,-0.73,b1110,78.695,73.21,b1111
3.93625,-0.73,b1110,78.745,73.21,b1111
3.93875,-0.64,b1110,78.795,73.21,b1111
3.94125,-0.73,b1110,78.845,72.083,b1111
3.94375,-0.73,b1110,78.895,72.083,b1111
3.94625,-0.64,b1110,78.945,70.9561,b1111
3.94875,-0.73,b1110,78.995,69.8291,b1111
3.95125,-0.82,b1110,79.045,69.8291,b1111
3.95375,-0.64,b1110,79.095,69.8291,b1111
3.95625,-0.91,b1110,79.145,68.7021,b1111
3.95875,-0.91,b1110,79.195,67.5665,b1111
3.96125,-0.82,b1110,79.245,67.5665,b1111
3.96375,-0.82,b1110,79.295,67.5665,b1111
3.96625,-0.82,b1110,79.345,66.4395,b1111
3.96875,-0.82,b1110,79.395,66.4395,b1111
3.97125,-0.82,b1110,79.445,65.3126,b1111
3.97375,-0.73,b1110,79.495,65.3126,b1111
3.97625,-0.73,b1110,79.545,65.3126,b1111
3.97875,-0.73,b1110,79.595,65.3126,b1111
3.98125,-0.82,b1110,79.645,64.1856,b1111
3.98375,-0.73,b1110,79.695,64.1856,b1111
3.98625,-0.73,b1110,79.745,64.1856,b1111
3.98875,-0.82,b1110,79.795,63.0587,b1111
3.99125,-0.82,b1110,79.845,63.0587,b1111
3.99375,-0.64,b1110,79.895,61.9317,b1111
3.99625,-0.47,b1110,79.945,61.9317,b1111
3.99875,-0.73,b1110,79.995,61.9317,b1111
4.00125,-0.82,b1110,80.045,61.9317,b1111
4.00375,-0.64,b1110,80.095,60.8047,b1111
4.00625,-0.64,b1110,80.145,60.8047,b1111
4.00875,-0.82,b1110,80.195,60.8047,b1111
4.01125,-0.82,b1110,80.245,59.6777,b1111
4.01375,-0.73,b1110,80.295,58.5508,b1111
4.01625,-0.64,b1110,80.345,58.5508,b1111
4.01875,-0.73,b1110,80.395,58.5508,b1111
4.02125,-0.91,b1110,80.445,58.5508,b1111
4.02375,-0.82,b1110,80.495,57.4238,b1111
4.02625,-0.73,b1110,80.545,57.4238,b1111
4.02875,-0.82,b1110,80.595,56.2969,b1111
4.03125,-0.64,b1110,80.645,55.1699,b1111
4.03375,-0.64,b1110,80.695,55.1699,b1111
4.03625,-0.82,b1110,80.745,54.043,b1111
4.03875,-0.73,b1110,80.795,54.043,b1111
4.04125,-0.82,b1110,80.845,54.043,b1111
4.04375,-0.73,b1110,80.895,52.916,b1111
4.04625,-0.82,b1110,80.945,52.916,b1111
4.04875,-0.82,b1110,80.995,52.916,b1111
4.05125,-0.82,b1110,81.045,51.789,b1111
4.05375,-0.73,b1110,81.095,50.662,b1111
4.05625,-0.73,b1110,81.145,49.5351,b1111
4.05875,-0.73,b1110,81.195,48.4081,b1111
4.06125,-0.82,b1110,81.245,48.4081,b1111
4.06375,-0.82,b1110,81.295,47.2812,b1111
4.06625,-0.73,b1110,81.345,47.2812,b1111
4.06875,-0.64,b1110,81.395,46.1542,b1111
4.07125,-0.64,b1110,81.445,45.0273,b1111
4.07375,-0.73,b1110,81.495,43.9003,b1111
4.07625,-0.82,b1110,81.545,43.9003,b1111
4.07875,-0.73,b1110,81.595,43.9003,b1111
4.08125,-0.64,b1110,81.645,43.9003,b1111
4.08375,-0.82,b1110,81.695,42.7733,b1111
4.08625,-0.73,b1110,81.745,42.7733,b1111
4.08875,-0.55,b1110,81.795,41.6464,b1111
4.09125,-0.55,b1110,81.845,40.5194,b1111
4.09375,-0.82,b1110,81.895,40.5194,b1111
4.09625,-0.82,b1110,81.945,40.5194,b1111
4.09875,-0.55,b1110,81.995,39.3925,b1111
4.10125,-0.55,b1110,82.045,39.3925,b1111
4.10375,-0.64,b1110,82.095,38.2655,b1111
4.10625,-0.73,b1110,82.145,37.1385,b1111
4.10875,-0.82,b1110,82.195,37.1385,b1111
4.11125,-0.64,b1110,82.245,36.0115,b1111
4.11375,-0.73,b1110,82.295,36.0115,b1111
4.11625,-0.73,b1110,82.345,34.8846,b1111
4.11875,-0.73,b1110,82.395,33.7576,b1111
4.12125,-0.73,b1110,82.445,33.7576,b1111
4.12375,-0.73,b1110,82.495,33.7576,b1111
4.12625,-0.64,b1110,82.545,32.6307,b1111
4.12875,-0.82,b1110,82.595,31.5037,b1111
4.13125,-0.73,b1110,82.645,30.3768,b1111
4.13375,-0.73,b1110,82.695,29.2498,b1111
4.13625,-0.82,b1110,82.745,28.1228,b1111
4.13875,-0.73,b1110,82.795,28.1228,b1111
4.14125,-0.73,b1110,82.845,26.9958,b1111
4.14375,-0.55,b1110,82.895,26.9958,b1111
4.14625,-0.73,b1110,82.945,28.1228,b1111
4.14875,-0.73,b1110,82.995,26.9958,b1111
4.15125,-0.82,b1110,83.045,26.9958,b1111
4.15375,-0.73,b1110,83.095,25.8689,b1111
4.15625,-0.82,b1110,83.145,25.8689,b1111
4.15875,-0.64,b1110,83.195,25.8689,b1111
4.16125,-0.73,b1110,83.245,25.8689,b1111
4.16375,-0.64,b1110,83.295,24.7506,b1111
4.16625,-0.73,b1110,83.345,24.7506,b1111
4.16875,-0.82,b1110,83.395,23.6237,b1111
4.17125,-0.73,b1110,83.445,23.6237,b1111
4.17375,-0.73,b1110,83.495,22.4967,b1111
4.17625,-0.82,b1110,83.545,22.4967,b1111
4.17875,-0.73,b1110,83.595,21.3697,b1111
4.18125,-0.73,b1110,83.645,21.3697,b1111
4.18375,-0.64,b1110,83.695,20.2427,b1111
4.18625,-0.55,b1110,83.745,20.2427,b1111
4.18875,-0.55,b1110,83.795,19.1158,b1111
4.19125,-0.64,b1110,83.845,19.1158,b1111
4.19375,-0.73,b1110,83.895,19.1158,b1111
4.19625,-0.73,b1110,83.945,17.9888,b1111
4.19875,-0.82,b1110,83.995,16.8619,b1111
4.20125,-0.82,b1110,84.045,16.8619,b1111
4.20375,-0.73,b1110,84.095,15.7349,b1111
4.20625,-0.64,b1110,84.145,15.7349,b1111
4.20875,-0.82,b1110,84.195,14.6079,b1111
4.21125,-0.73,b1110,84.245,14.6079,b1111
4.21375,-0.64,b1110,84.295,13.4896,b1111
4.21625,-0.64,b1110,84.345,12.3627,b1111
4.21875,-0.73,b1110,84.395,11.2357,b1111
4.22125,-0.73,b1110,84.445,11.2357,b1111
4.22375,-0.82,b1110,84.495,11.2357,b1111
4.22625,-0.55,b1110,84.545,11.2357,b1111
4.22875,-0.64,b1110,84.595,11.2357,b1111
4.23125,-0.82,b1110,84.645,10.1088,b1111
4.23375,-0.64,b1110,84.695,10.1088,b1111
4.23625,-0.64,b1110,84.745,10.1088,b1111
4.23875,-0.55,b1110,84.795,8.98181,b1111
4.24125,-0.64,b1110,84.845,8.98181,b1111
4.24375,-0.73,b1110,84.895,7.85486,b1111
4.24625,-0.82,b1110,84.945,7.85486,b1111
4.24875,-0.73,b1110,84.995,6.73651,b1111
4.25125,-0.82,b1110,85.045,6.73651,b1111
4.25375,-0.64,b1110,85.095,6.73651,b1111
4.25625,-0.73,b1110,85.145,5.60089,b1111
4.25875,-0.73,b1110,85.195,5.60089,b1111
4.26125,-0.73,b1110,85.245,5.60089,b1111
4.26375,-0.64,b1110,85.295,4.4826,b1111
4.26625,-0.82,b1110,85.345,4.4826,b1111
4.26875,-0.55,b1110,85.395,3.35565,b1111
4.27125,-0.64,b1110,85.445,3.35565,b1111
4.27375,-0.82,b1110,85.495,3.35565,b1111
4.27625,-0.64,b1110,85.545,2.2287,b1111
4.27875,-0.64,b1110,85.595,1.10175,b1111
4.28125,-0.73,b1110,85.645,-0.0252075,b1111
4.28375,-0.64,b1110,85.695,-0.0252075,b1111
4.28625,-0.55,b1110,85.745,-0.0252075,b1111
4.28875,-0.73,b1110,85.795,-1.14355,b1111
4.29125,-0.64,b1110,85.845,-2.27051,b1111
4.29375,-0.82,b1110,85.895,-2.27051,b1111
4.29625,-0.82,b1110,85.945,-2.27051,b1111
4.29875,-0.82,b1110,85.995,-2.27051,b1111
4.30125,-0.82,b1110,86.045,-3.39746,b1111
4.30375,-0.55,b1110,86.095,-3.39746,b1111
4.30625,-0.82,b1110,86.145,-3.39746,b1111
4.30875,-0.64,b1110,86.195,-4.52441,b1111
4.31125,-0.55,b1110,86.245,-4.52441,b1111
4.31375,-0.55,b1110,86.295,-4.52441,b1111
4.31625,-0.73,b1110,86.345,-4.52441,b1111
4.31875,-0.73,b1110,86.395,-3.39746,b1111
4.32125,-0.73,b1110,86.445,-3.39746,b1111
4.32375,-0.73,b1110,86.495,-4.52441,b1111
4.32625,-0.64,b1110,86.545,-5.65137,b1111
4.32875,-0.73,b1110,86.595,-5.65137,b1111
4.33125,-0.82,b1110,86.645,-5.65137,b1111
4.33375,-0.82,b1110,86.695,-6.77832,b1111
4.33625,-0.55,b1110,86.745,-6.77832,b1111
4.33875,-0.64,b1110,86.795,-6.77832,b1111
4.34125,-0.55,b1110,86.845,-6.77832,b1111
4.34375,-0.73,b1110,86.895,-6.77832,b1111
4.34625,-0.73,b1110,86.945,-6.77832,b1111
4.34875,-0.64,b1110,86.995,-5.65137,b1111
4.35125,-0.73,b1110,87.045,-5.65137,b1111
4.35375,-0.64,b1110,87.095,-5.65137,b1111
4.35625,-0.64,b1110,87.145,-5.65137,b1111
4.35875,-0.64,b1110,87.195,-5.65137,b1111
4.36125,-0.73,b1110,87.245,-5.65137,b1111
4.36375,-0.64,b1110,87.295,-5.65137,b1111
4.36625,-0.55,b1110,87.345,-5.65137,b1111
4.36875,-0.82,b1110,87.395,-6.77832,b1111
4.37125,-0.73,b1110,87.445,-6.77832,b1111
4.37375,-0.82,b1110,87.495,-6.77832,b1111
4.37625,-0.73,b1110,87.545,-6.77832,b1111
4.37875,-0.64,b1110,87.595,-6.77832,b1111
4.38125,-0.73,b1110,87.645,-6.77832,b1111
4.38375,-0.47,b1110,87.695,-6.77832,b1111
4.38625,-0.82,b1110,87.745,-6.77832,b1111
4.38875,-0.64,b1110,87.795,-6.77832,b1111
4.39125,-0.55,b1110,87.845,-6.77832,b1111
4.39375,-0.64,b1110,87.895,-6.77832,b1111
4.39625,-0.73,b1110,87.945,-6.77832,b1111
4.39875,-0.64,b1110,87.995,-6.77832,b1111
4.40125,-0.73,b1110,88.045,-6.77832,b1111
4.40375,-0.73,b1110,88.095,-6.77832,b1111
4.40625,-0.55,b1110,88.145,-6.77832,b1111
4.40875,-0.73,b1110,88.195,-6.77832,b1111
4.41125,-0.64,b1110,88.245,-6.77832,b1111
4.41375,-0.55,b1110,88.295,-7.89661,b1111
4.41625,-0.82,b1110,88.345,-7.89661,b1111
4.41875,-0.73,b1110,88.395,-7.89661,b1111
4.42125,-0.73,b1110,88.445,-7.89661,b1111
4.42375,-0.64,b1110,88.495,-7.89661,b1111
4.42625,-0.73,b1110,88.545,-7.89661,b1111
4.42875,-0.64,b1110,88.595,-7.89661,b1111
4.43125,-0.64,b1110,88.645,-7.89661,b1111
4.43375,-0.64,b1110,88.695,-6.77832,b1111
4.43625,-0.73,b1110,88.745,-7.89661,b1111
4.43875,-0.73,b1110,88.795,-7.89661,b1111
4.44125,-0.73,b1110,88.845,-7.89661,b1111
4.44375,-0.64,b1110,88.895,-6.77832,b1111
4.44625,-0.64,b1110,88.945,-6.77832,b1111
4.44875,-0.82,b1110,88.995,-6.77832,b1111
4.45125,-0.73,b1110,89.045,-6.77832,b1111
4.45375,-0.73,b1110,89.095,-6.77832,b1111
4.45625,-0.73,b1110,89.145,-7.89661,b1111
4.45875,-0.73,b1110,89.195,-7.89661,b1111
4.46125,-0.73,b1110,89.245,-7.89661,b1111
4.46375,-0.64,b1110,89.295,-7.89661,b1111
4.46625,-0.64,b1110,89.345,-7.89661,b1111
4.46875,-0.73,b1110,89.395,-7.89661,b1111
4.47125,-0.64,b1110,89.445,-7.89661,b1111
4.47375,-0.64,b1110,89.495,-7.89661,b1111
4.47625,-0.73,b1110,89.545,-7.89661,b1111
4.47875,-0.73,b1110,89.595,-7.89661,b1111
4.48125,-0.64,b1110,89.645,-7.89661,b1111
4.48375,-0.73,b1110,89.695,-7.89661,b1111
4.48625,-0.82,b1110,89.745,-6.77832,b1111
4.48875,-0.73,b1110,89.795,-7.89661,b1111
4.49125,-0.64,b1110,89.845,-7.89661,b1111
4.49375,-0.73,b1110,89.895,-7.89661,b1111
4.49625,-0.64,b1110,89.945,-7.89661,b1111
4.49875,-0.64,b1110,89.995,-6.77832,b1111
4.50125,-0.64,b1110,90.045,-7.89661,b1111
4.50375,-0.55,b1110,90.095,-6.77832,b1111
4.50625,-0.64,b1110,90.145,-6.77832,b1111
4.50875,-0.64,b1110,90.195,-6.77832,b1111
4.51125,-0.55,b1110,90.245,-6.77832,b1111
4.51375,-0.64,b1110,90.295,-6.77832,b1111
4.51625,-0.64,b1110,90.345,-6.77832,b1111
4.51875,-0.73,b1110,90.395,-7.89661,b1111
4.52125,-0.64,b1110,90.445,-6.77832,b1111
4.52375,-0.64,b1110,90.495,-6.77832,b1111
4.52625,-0.64,b1110,90.545,-6.77832,b1111
4.52875,-0.73,b1110,90.595,-7.89661,b1111
4.53125,-0.82,b1110,90.645,-6.77832,b1111
4.53375,-0.64,b1110,90.695,-7.89661,b1111
4.53625,-0.55,b1110,90.745,-6.77832,b1111
4.53875,-0.73,b1110,90.795,-7.89661,b1111
4.54125,-0.73,b1110,90.845,-7.89661,b1111
4.54375,-0.73,b1110,90.895,-6.77832,b1111
4.54625,-0.73,b1110,90.945,-6.77832,b1111