ts,latitude,longitude,satellites
-0.69,39.38979721069336,-8.289962768554688,18
-0.49,39.38979721069336,-8.289961814880371,18
-0.09,39.38979721069336,-8.289962768554688,18
0.11,39.38979721069336,-8.289961814880371,18
0.61,39.389793395996094,-8.289952278137207,18
1.11,39.389793395996094,-8.28991413116455,18
1.31,39.389793395996094,-8.289896011352539,18
1.51,39.389801025390625,-8.289877891540527,18
1.91,39.38983154296875,-8.289854049682617,18
2.11,39.38985061645508,-8.289856910705566,18
2.41,39.38986587524414,-8.289852142333984,18
2.51,39.389869689941406,-8.289864540100098,18
2.91,39.3898811340332,-8.289896965026855,18
3.11,39.389892578125,-8.289909362792969,9
3.31,39.389892578125,-8.289909362792969,9
3.51,39.3899040222168,-8.289941787719727,9
3.91,39.389923095703125,-8.28997802734375,9
5.61,39.38996124267578,-8.290077209472656,10
6.21,39.38996124267578,-8.290077209472656,10
6.51,39.38996124267578,-8.290077209472656,8
6.91,39.38996505737305,-8.290361404418945,8
7.31,39.389923095703125,-8.290472984313965,6
7.71,39.389923095703125,-8.290472984313965,7
7.91,39.389923095703125,-8.290472984313965,4
8.51,39.38980484008789,-8.290756225585938,4
8.71,39.38980484008789,-8.290756225585938,4
8.91,39.38980484008789,-8.290756225585938,4
9.11,39.38980484008789,-8.290756225585938,5
9.51,39.389705657958984,-8.290989875793457,5
10.51,39.389617919921875,-8.291200637817383,4
10.71,39.389617919921875,-8.291200637817383,3
10.91,39.389617919921875,-8.291200637817383,3
11.31,39.389530181884766,-8.291397094726562,6
11.51,39.38951110839844,-8.291431427001953,6
11.91,39.38951110839844,-8.291431427001953,3
12.51,39.38942337036133,-8.291618347167969,3
12.71,39.38942337036133,-8.291618347167969,3
13.31,39.38942337036133,-8.291618347167969,5
13.51,39.389339447021484,-8.291770935058594,5
14.71,39.389339447021484,-8.291770935058594,4
15.51,39.389286041259766,-8.291902542114258,4
15.71,39.389286041259766,-8.291902542114258,3
16.51,39.38925552368164,-8.291947364807129,3
17.31,39.38925552368164,-8.291947364807129,0
17.51,39.389183044433594,-8.291926383972168,0
18.01,39.389183044433594,-8.291926383972168,0
18.81,39.389183044433594,-8.291926383972168,0
20.01,39.389183044433594,-8.291926383972168,6
20.51,39.388755798339844,-8.291423797607422,6
21.31,39.388755798339844,-8.291423797607422,4
22.11,39.38846206665039,-8.290338516235352,8
22.61,39.3884391784668,-8.29024887084961,8
22.71,39.3884391784668,-8.29024887084961,7
23.11,39.38839340209961,-8.290163040161133,8
23.51,39.38835144042969,-8.290163040161133,8
23.71,39.38835144042969,-8.290163040161133,7
24.01,39.38835144042969,-8.290163040161133,7
24.11,39.38835144042969,-8.290163040161133,8
24.51,39.388240814208984,-8.28978443145752,8
24.91,39.388240814208984,-8.28978443145752,5
25.11,39.388240814208984,-8.28978443145752,6
25.31,39.388240814208984,-8.28978443145752,5
25.61,39.38819885253906,-8.289290428161621,9
25.71,39.38817596435547,-8.28925895690918,9
26.11,39.388160705566406,-8.28919506072998,8
27.51,39.388160705566406,-8.28919506072998,8
27.61,39.388160705566406,-8.28919506072998,9
28.01,39.38819122314453,-8.288962364196777,9
29.51,39.388248443603516,-8.28841495513916,9
29.91,39.388248443603516,-8.28841495513916,10
30.91,39.388267517089844,-8.28795051574707,5
31.11,39.388267517089844,-8.28795051574707,6
31.31,39.388267517089844,-8.28795051574707,3
31.51,39.388301849365234,-8.287827491760254,3
31.91,39.38831329345703,-8.28774642944336,4
32.11,39.38832473754883,-8.287688255310059,8
32.31,39.38832473754883,-8.287688255310059,8
32.71,39.38834762573242,-8.287541389465332,0
33.11,39.38834762573242,-8.287541389465332,0
34.01,39.38838577270508,-8.287420272827148,0
35.51,39.38838577270508,-8.287420272827148,0
36.01,39.38838577270508,-8.287420272827148,0
40.51,39.39049530029297,-8.284485816955566,12
40.91,39.3905029296875,-8.284387588500977,12
41.31,39.39051055908203,-8.28428840637207,12
42.31,39.390541076660156,-8.284038543701172,12
42.61,39.39054489135742,-8.28398609161377,12
42.91,39.39055252075195,-8.283883094787598,12
43.11,39.39055633544922,-8.283831596374512,12
43.31,39.39056396484375,-8.283781051635742,12
43.51,39.390567779541016,-8.283729553222656,12
43.91,39.39057922363281,-8.283626556396484,12
44.31,39.390594482421875,-8.28352165222168,12
44.51,39.390602111816406,-8.283470153808594,12
44.91,39.3906135559082,-8.283370018005371,12
45.11,39.390621185302734,-8.28332233428955,12
45.31,39.390628814697266,-8.283275604248047,12
45.51,39.3906364440918,-8.283228874206543,12
45.91,39.39065170288086,-8.283140182495117,12
46.31,39.39066696166992,-8.283055305480957,12
46.51,39.39067459106445,-8.283015251159668,12
46.91,39.390689849853516,-8.282936096191406,12
47.11,39.39069747924805,-8.28289794921875,12
47.31,39.39070510864258,-8.282858848571777,12
47.51,39.39071273803711,-8.282820701599121,12
47.91,39.39072799682617,-8.282745361328125,12
48.31,39.3907470703125,-8.282670974731445,12
48.51,39.39075469970703,-8.282633781433105,12
48.91,39.39077377319336,-8.282557487487793,12
49.11,39.390785217285156,-8.28251838684082,12
49.51,39.390804290771484,-8.282439231872559,12
49.91,39.39082717895508,-8.282358169555664,12
50.31,39.390846252441406,-8.282275199890137,12
50.51,39.3908576965332,-8.282234191894531,12
50.91,39.39088439941406,-8.282150268554688,12
51.11,39.39089584350586,-8.282108306884766,12
51.31,39.39091110229492,-8.28206729888916,12
51.51,39.39092254638672,-8.282026290893555,12
51.91,39.390953063964844,-8.281944274902344,12
52.31,39.390987396240234,-8.281864166259766,12
52.51,39.3910026550293,-8.281825065612793,12
52.91,39.39104080200195,-8.281746864318848,12
53.11,39.39105987548828,-8.281708717346191,12
53.31,39.39107894897461,-8.281670570373535,12
53.51,39.39109802246094,-8.281632423400879,12
53.91,39.391136169433594,-8.281557083129883,12
54.31,39.39117431640625,-8.28148365020752,12
54.51,39.391197204589844,-8.28144645690918,12
54.91,39.3912353515625,-8.281370162963867,12
55.11,39.39125442504883,-8.281332015991211,12
55.31,39.39127731323242,-8.281293869018555,12
55.51,39.39129638671875,-8.281254768371582,12
55.91,39.391334533691406,-8.281177520751953,12
56.31,39.3913688659668,-8.281099319458008,12
56.51,39.39138412475586,-8.281059265136719,12
57.31,39.391448974609375,-8.280899047851562,12
57.51,39.3914680480957,-8.280858039855957,12
57.91,39.391502380371094,-8.280777931213379,12
58.31,39.391536712646484,-8.280695915222168,12
58.51,39.39155578613281,-8.280654907226562,12
58.91,39.391597747802734,-8.280573844909668,12
59.11,39.39161682128906,-8.280532836914062,12
59.31,39.39163589477539,-8.280491828918457,12
59.51,39.391658782958984,-8.280450820922852,12
59.91,39.39170455932617,-8.280367851257324,12
60.51,39.39177322387695,-8.280241012573242,12
60.91,39.39181900024414,-8.280156135559082,12
61.11,39.391841888427734,-8.28011417388916,12
61.51,39.391883850097656,-8.280029296875,12
61.91,39.391929626464844,-8.279943466186523,12
62.31,39.391971588134766,-8.27985954284668,12
62.51,39.391990661621094,-8.279818534851074,12
63.11,39.39204788208008,-8.279698371887207,12
63.31,39.39206314086914,-8.27966022491455,12
63.51,39.39208221435547,-8.279620170593262,12
63.91,39.39211654663086,-8.279541969299316,12
64.31,39.39215087890625,-8.27946662902832,12
64.51,39.39216613769531,-8.27942943572998,12
64.91,39.39219665527344,-8.2793550491333,12
65.11,39.392215728759766,-8.279318809509277,12
65.31,39.39223098754883,-8.279282569885254,12
65.51,39.39224624633789,-8.27924633026123,12
65.91,39.392276763916016,-8.279173851013184,12
66.31,39.392311096191406,-8.27910327911377,12
66.51,39.39232635498047,-8.279067039489746,12
67.11,39.392372131347656,-8.278960227966309,12
67.51,39.39240646362305,-8.278889656066895,12
67.91,39.392433166503906,-8.278818130493164,12
68.31,39.39246368408203,-8.278746604919434,12
68.51,39.392478942871094,-8.27871036529541,12
68.91,39.39250564575195,-8.278636932373047,12
69.11,39.392520904541016,-8.278600692749023,12
69.31,39.39253234863281,-8.278564453125,12
69.51,39.392547607421875,-8.278528213500977,12
69.91,39.392574310302734,-8.27845573425293,12
70.31,39.392601013183594,-8.2783842086792,12
70.51,39.39261245727539,-8.278347969055176,12
70.91,39.39263916015625,-8.278275489807129,12
71.11,39.39265060424805,-8.278240203857422,12
71.31,39.39266586303711,-8.278203964233398,12
71.51,39.392677307128906,-8.278167724609375,12
71.91,39.3927001953125,-8.278095245361328,12
72.31,39.392723083496094,-8.278022766113281,12
72.51,39.392730712890625,-8.277986526489258,12
72.91,39.39274978637695,-8.277911186218262,12
73.11,39.39276123046875,-8.277873039245605,12
73.31,39.39276885986328,-8.277833938598633,12
73.51,39.39277648925781,-8.27779483795166,12
73.91,39.392791748046875,-8.277713775634766,12
74.31,39.39280319213867,-8.277628898620605,12
74.51,39.3928108215332,-8.277585983276367,12
74.91,39.392818450927734,-8.277496337890625,12
75.11,39.392826080322266,-8.277450561523438,12
75.31,39.39282989501953,-8.27740478515625,12
75.51,39.3928337097168,-8.277358055114746,12
76.51,39.39285659790039,-8.277121543884277,12
76.91,39.39286804199219,-8.27702522277832,12
77.11,39.39287185668945,-8.276976585388184,12
77.31,39.39287567138672,-8.27692699432373,12
77.51,39.39288330078125,-8.276878356933594,12
78.31,39.392906188964844,-8.27668285369873,12
78.51,39.39291000366211,-8.27663516998291,12
78.91,39.39292526245117,-8.276538848876953,12
79.11,39.3929328918457,-8.276491165161133,12
79.31,39.39293670654297,-8.276443481445312,12
79.51,39.3929443359375,-8.276395797729492,12
80.31,39.392974853515625,-8.276205062866211,12
80.51,39.392982482910156,-8.27615737915039,12
80.91,39.39299774169922,-8.276061058044434,12
81.11,39.39300537109375,-8.276012420654297,12
81.31,39.39301300048828,-8.27596378326416,12
81.51,39.39302062988281,-8.275915145874023,12
82.31,39.39304733276367,-8.275715827941895,12
82.51,39.3930549621582,-8.275665283203125,12
82.91,39.393070220947266,-8.275562286376953,12
83.11,39.3930778503418,-8.275510787963867,12
83.31,39.39308547973633,-8.275459289550781,12
83.51,39.39309310913086,-8.275406837463379,12
84.31,39.39312744140625,-8.27519702911377,12
84.51,39.39313507080078,-8.275144577026367,12
84.91,39.39315414428711,-8.275038719177246,12
85.11,39.39316177368164,-8.274985313415527,12
85.31,39.39317321777344,-8.274931907653809,12
85.51,39.39318084716797,-8.274879455566406,12
86.31,39.393218994140625,-8.274669647216797,12
87.11,39.393253326416016,-8.274465560913086,12
87.31,39.39326095581055,-8.274415016174316,12
87.51,39.393272399902344,-8.274365425109863,12
88.31,39.3932991027832,-8.274176597595215,12
88.51,39.39330291748047,-8.274131774902344,12
88.91,39.393314361572266,-8.274045944213867,12
89.11,39.3933219909668,-8.274004936218262,12
89.31,39.39332962036133,-8.273964881896973,12
89.71,39.393341064453125,-8.273889541625977,12
90.31,39.393367767333984,-8.273787498474121,12
90.51,39.393375396728516,-8.273755073547363,12
90.91,39.39339828491211,-8.273693084716797,12
91.11,39.393409729003906,-8.273663520812988,12
91.31,39.39342498779297,-8.27363395690918,12
91.51,39.39344024658203,-8.273604393005371,12
92.31,39.39350509643555,-8.273489952087402,12
92.51,39.393524169921875,-8.27346134185791,12
92.91,39.3935661315918,-8.273404121398926,12
93.11,39.393585205078125,-8.273374557495117,12
93.31,39.39360809326172,-8.273344993591309,12
93.61,39.39362716674805,-8.273314476013184,12
94.31,39.39371871948242,-8.273185729980469,12
94.51,39.393741607666016,-8.273152351379395,12
94.91,39.3937873840332,-8.273083686828613,12
95.11,39.39380645751953,-8.273048400878906,12
95.31,39.393829345703125,-8.2730131149292,12
95.51,39.39385223388672,-8.27297592163086,12
96.31,39.3939323425293,-8.2728271484375,12
96.51,39.39395523071289,-8.272789001464844,12
96.91,39.39399337768555,-8.272711753845215,12
97.11,39.394012451171875,-8.272672653198242,12
97.51,39.3940544128418,-8.272594451904297,12
98.31,39.39413833618164,-8.272432327270508,12
98.51,39.394161224365234,-8.272390365600586,12
98.91,39.39420700073242,-8.272306442260742,12
99.11,39.394229888916016,-8.272263526916504,12
99.31,39.39425277709961,-8.272220611572266,12
99.51,39.3942756652832,-8.272176742553711,12
100.31,39.394371032714844,-8.271997451782227,12
100.51,39.3943977355957,-8.271950721740723,12
100.91,39.39444351196289,-8.271855354309082,12
101.11,39.394466400146484,-8.271806716918945,12
101.31,39.394493103027344,-8.271758079528809,12
101.51,39.39451599121094,-8.271708488464355,12
102.31,39.39460754394531,-8.27151107788086,12
102.51,39.394630432128906,-8.271461486816406,12
102.91,39.39467239379883,-8.271363258361816,12
103.11,39.39469528198242,-8.27131462097168,12
103.31,39.39471435546875,-8.271265029907227,12
103.51,39.394737243652344,-8.27121639251709,12
104.31,39.39482116699219,-8.271023750305176,12
104.51,39.394840240478516,-8.270976066589355,12
104.91,39.39488220214844,-8.270880699157715,12
105.11,39.394901275634766,-8.270832061767578,12
105.31,39.394920349121094,-8.270784378051758,12
105.51,39.39494323730469,-8.270736694335938,12
106.31,39.395023345947266,-8.270541191101074,12
106.51,39.395042419433594,-8.270491600036621,12
106.91,39.395084381103516,-8.270392417907715,12
107.11,39.395103454589844,-8.270341873168945,12
107.31,39.39512252807617,-8.27029037475586,12
107.51,39.3951416015625,-8.27023983001709,12
108.31,39.39522171020508,-8.270031929016113,12
108.51,39.395240783691406,-8.269979476928711,12
108.71,39.395240783691406,-8.269979476928711,193
108.91,39.39527893066406,-8.269875526428223,193
109.11,39.39529800415039,-8.26982307434082,193
109.31,39.39531326293945,-8.269771575927734,193
109.51,39.39533233642578,-8.269719123840332,193
110.31,39.39540100097656,-8.269512176513672,193
110.51,39.395416259765625,-8.26945972442627,193
110.91,39.395450592041016,-8.269356727600098,193
111.11,39.39546585083008,-8.269304275512695,193
111.31,39.39548110961914,-8.26925277709961,193
111.51,39.3954963684082,-8.269201278686523,193
112.31,39.39555358886719,-8.268993377685547,193
112.51,39.39556884765625,-8.268941879272461,193
112.91,39.39559555053711,-8.268837928771973,193
113.11,39.395606994628906,-8.26878547668457,193
113.31,39.3956184387207,-8.268733978271484,193
113.51,39.3956298828125,-8.268682479858398,193
114.31,39.39567184448242,-8.268478393554688,193
114.51,39.39567947387695,-8.268427848815918,193
114.91,39.39569854736328,-8.268328666687012,193
115.11,39.39570617675781,-8.268280029296875,193
115.31,39.395713806152344,-8.268232345581055,193
115.51,39.395721435546875,-8.26818561553955,193
116.31,39.395748138427734,-8.268007278442383,193
116.51,39.395751953125,-8.267965316772461,193
116.91,39.3957633972168,-8.267884254455566,193
117.11,39.39577102661133,-8.267845153808594,193
117.31,39.395774841308594,-8.267807006835938,193
117.51,39.395782470703125,-8.267769813537598,193
117.91,39.39579391479492,-8.267698287963867,193
118.11,39.39579772949219,-8.267663955688477,193
118.31,39.39580535888672,-8.267630577087402,193
118.91,39.39582443237305,-8.267532348632812,193
119.11,39.39583206176758,-8.267500877380371,193
119.31,39.39583969116211,-8.26746940612793,193
119.51,39.39584732055664,-8.267437934875488,193
119.91,39.3958625793457,-8.267376899719238,193
120.11,39.3958740234375,-8.267346382141113,193
120.31,39.39588165283203,-8.267315864562988,193
120.61,39.39588928222656,-8.26728630065918,193
120.91,39.39590835571289,-8.267224311828613,193
121.11,39.39591979980469,-8.267193794250488,193
121.31,39.39592742919922,-8.26716423034668,193
121.51,39.395938873291016,-8.267133712768555,193
121.91,39.395957946777344,-8.267072677612305,193
122.11,39.39596939086914,-8.26704216003418,193
122.31,39.39598083496094,-8.267012596130371,193
122.51,39.395992279052734,-8.266982078552246,193
122.91,39.39601516723633,-8.266921997070312,193
123.11,39.396026611328125,-8.266891479492188,193
123.31,39.39604187011719,-8.266861915588379,193
123.51,39.396053314208984,-8.266833305358887,193
123.91,39.396080017089844,-8.266776084899902,193
124.11,39.396095275878906,-8.266746520996094,193
124.31,39.39611053466797,-8.266717910766602,193
124.51,39.39612579345703,-8.26668930053711,193
124.91,39.39616012573242,-8.266632080078125,193
125.11,39.39617919921875,-8.266603469848633,193
125.31,39.39619827270508,-8.26657485961914,193
125.51,39.396217346191406,-8.266546249389648,193
125.91,39.3962516784668,-8.26648998260498,193
126.31,39.39629364013672,-8.266432762145996,193
126.51,39.39631271362305,-8.266404151916504,193
126.91,39.3963508605957,-8.26634693145752,193
127.11,39.39636993408203,-8.266318321228027,193
127.31,39.396392822265625,-8.266289710998535,193
127.51,39.39641189575195,-8.266261100769043,193
127.91,39.39645004272461,-8.266203880310059,193
128.11,39.39646911621094,-8.26617431640625,193
128.31,39.39649200439453,-8.266144752502441,193
128.51,39.39651107788086,-8.266115188598633,193
128.91,39.396549224853516,-8.266054153442383,193
129.11,39.396568298339844,-8.266023635864258,193
129.51,39.3966064453125,-8.265961647033691,193
129.91,39.39664840698242,-8.265897750854492,193
130.11,39.39666748046875,-8.26586627960205,193
130.31,39.39668655395508,-8.265832901000977,193
130.51,39.39670944213867,-8.265800476074219,193
130.91,39.396751403808594,-8.265731811523438,193
131.11,39.39677047729492,-8.26569652557373,193
131.31,39.396793365478516,-8.26566219329834,193
131.51,39.39681625366211,-8.265625953674316,193
131.91,39.3968620300293,-8.265552520751953,193
132.11,39.39688491821289,-8.265514373779297,193
132.91,39.39698028564453,-8.26535415649414,193
133.31,39.397029876708984,-8.265270233154297,193
133.51,39.39705276489258,-8.265228271484375,193
133.91,39.39710235595703,-8.265143394470215,193
134.11,39.397125244140625,-8.265100479125977,193
134.31,39.39714813232422,-8.265057563781738,193
134.51,39.39717483520508,-8.2650146484375,193
134.91,39.397220611572266,-8.26492977142334,193
136.11,39.39735794067383,-8.264674186706543,193
136.31,39.39738082885742,-8.264631271362305,193
136.51,39.39739990234375,-8.26458740234375,193
136.91,39.39744567871094,-8.264501571655273,193
137.11,39.397464752197266,-8.264457702636719,193
137.31,39.397483825683594,-8.264413833618164,193
137.51,39.39750671386719,-8.264369010925293,193
138.11,39.39756393432617,-8.264233589172363,193
138.31,39.3975830078125,-8.26418685913086,193
138.91,39.39763641357422,-8.264046669006348,193
139.11,39.39765548706055,-8.263998985290527,193
139.31,39.397674560546875,-8.263951301574707,193
139.51,39.3976936340332,-8.26390266418457,193
140.11,39.39774703979492,-8.26375675201416,193
140.31,39.39776611328125,-8.263708114624023,193
140.51,39.39778137207031,-8.263660430908203,193
140.91,39.39781951904297,-8.263565063476562,193
141.11,39.3978385925293,-8.263518333435059,193
141.31,39.39786148071289,-8.263472557067871,193
142.11,39.39794158935547,-8.263296127319336,193
142.31,39.39796447753906,-8.263253211975098,193
142.51,39.39798355102539,-8.263212203979492,193
142.91,39.39802932739258,-8.263132095336914,193
143.11,39.39805221557617,-8.263092041015625,193
143.31,39.398075103759766,-8.263052940368652,193
143.51,39.39809799194336,-8.263014793395996,193
144.11,39.39816665649414,-8.262901306152344,193
144.31,39.398193359375,-8.262864112854004,193
144.51,39.398216247558594,-8.262826919555664,193
145.11,39.398284912109375,-8.262714385986328,193
145.31,39.39830780029297,-8.262676239013672,193
145.51,39.39833068847656,-8.262638092041016,193
146.11,39.398399353027344,-8.262520790100098,193
146.31,39.39842224121094,-8.262480735778809,193
146.51,39.398441314697266,-8.262439727783203,193
146.91,39.39848327636719,-8.262357711791992,193
147.11,39.398502349853516,-8.26231575012207,193
147.31,39.39852523803711,-8.262273788452148,193
147.51,39.39854431152344,-8.26223087310791,193
148.11,39.39860153198242,-8.262104988098145,193
148.31,39.39862060546875,-8.262062072753906,193
148.51,39.398643493652344,-8.262020111083984,193
148.91,39.398681640625,-8.261937141418457,193
149.31,39.398719787597656,-8.261853218078613,193
149.51,39.39874267578125,-8.261813163757324,193
150.51,39.39884567260742,-8.26161003112793,193
150.91,39.398887634277344,-8.261529922485352,193
151.11,39.39890670776367,-8.261489868164062,193
151.31,39.398929595947266,-8.26145076751709,193
151.51,39.398948669433594,-8.2614107131958,193
152.11,39.39901351928711,-8.261290550231934,193
152.31,39.3990364074707,-8.261251449584961,193
152.51,39.3990592956543,-8.261211395263672,193
152.91,39.39910125732422,-8.261133193969727,193
153.31,39.399147033691406,-8.261055946350098,193
153.51,39.399166107177734,-8.261017799377441,193
154.11,39.399234771728516,-8.260905265808105,193
154.31,39.39925765991211,-8.260869026184082,193
154.51,39.39927673339844,-8.260831832885742,193
154.91,39.399322509765625,-8.260758399963379,193
155.11,39.39934539794922,-8.260722160339355,193
155.31,39.39936447143555,-8.260685920715332,193
155.51,39.39938735961914,-8.260649681091309,193
156.11,39.399452209472656,-8.260540962219238,193
156.31,39.39947509765625,-8.260503768920898,193
156.51,39.39949417114258,-8.260467529296875,193
156.91,39.399539947509766,-8.260394096374512,193
157.11,39.399559020996094,-8.260356903076172,193
157.31,39.39958190917969,-8.260319709777832,193
157.51,39.39960479736328,-8.260282516479492,193
158.11,39.39966583251953,-8.26016616821289,193
158.31,39.39968490600586,-8.260126113891602,193
158.51,39.39970779418945,-8.260086059570312,193
158.91,39.39974594116211,-8.260003089904785,193
159.11,39.39976501464844,-8.259961128234863,193
159.31,39.399784088134766,-8.259918212890625,193
159.51,39.399803161621094,-8.259875297546387,193
160.11,39.39985656738281,-8.259743690490723,193
160.31,39.39987564086914,-8.259698867797852,193
160.51,39.3998908996582,-8.25965404510498,193
160.91,39.39992904663086,-8.259565353393555,193
161.11,39.39994430541992,-8.259520530700684,193
161.31,39.399959564208984,-8.259475708007812,193
161.51,39.39997863769531,-8.259430885314941,193
162.11,39.400028228759766,-8.259299278259277,193
162.31,39.40004348754883,-8.259255409240723,193
162.51,39.40005874633789,-8.259211540222168,193
162.91,39.40009307861328,-8.259125709533691,193
163.11,39.400108337402344,-8.25908374786377,193
163.31,39.40012741088867,-8.259040832519531,193
163.51,39.400142669677734,-8.25899887084961,193
164.11,39.40019607543945,-8.25887393951416,193
164.31,39.40021514892578,-8.258832931518555,193
164.51,39.40023422241211,-8.258792877197266,193
164.91,39.400272369384766,-8.258712768554688,193
165.11,39.400291442871094,-8.258671760559082,193
165.31,39.40031051635742,-8.258631706237793,193
165.51,39.40032958984375,-8.258591651916504,193
166.11,39.400386810302734,-8.258469581604004,193
166.31,39.40040588378906,-8.258428573608398,193
166.51,39.40042495727539,-8.258386611938477,193
166.91,39.40046310424805,-8.25830364227295,193
167.11,39.400482177734375,-8.258260726928711,193
167.31,39.4005012512207,-8.258218765258789,193
167.51,39.40052032470703,-8.25817584991455,193
168.11,39.400569915771484,-8.258044242858887,193
168.31,39.40058517456055,-8.258000373840332,193
168.51,39.400604248046875,-8.257955551147461,193
168.91,39.400634765625,-8.257865905761719,193
169.11,39.40065002441406,-8.257821083068848,193
169.31,39.40066146850586,-8.25777530670166,193
169.51,39.40067672729492,-8.257730484008789,193
170.11,39.40071487426758,-8.257594108581543,193
170.31,39.400726318359375,-8.257549285888672,193
170.51,39.40073776245117,-8.257505416870117,193
170.91,39.40076446533203,-8.257416725158691,193
171.11,39.40077209472656,-8.257372856140137,193
171.31,39.40078353881836,-8.257328987121582,193
171.51,39.400794982910156,-8.257285118103027,193
172.11,39.40082931518555,-8.25715446472168,193
172.31,39.400840759277344,-8.257111549377441,193
172.51,39.400848388671875,-8.257068634033203,193
172.91,39.40087127685547,-8.256983757019043,193
173.11,39.40087890625,-8.256941795349121,193
173.31,39.4008903503418,-8.256898880004883,193
173.51,39.400901794433594,-8.256857872009277,193
174.11,39.40092849731445,-8.256733894348145,193
174.31,39.400936126708984,-8.256692886352539,193
174.51,39.400943756103516,-8.256653785705566,193
174.91,39.40095901489258,-8.256574630737305,193
175.11,39.40096664428711,-8.256535530090332,193
175.31,39.40097427368164,-8.256497383117676,193
175.51,39.400978088378906,-8.25645923614502,193
176.11,39.400997161865234,-8.25634765625,193
176.31,39.4010009765625,-8.256311416625977,193
176.51,39.401004791259766,-8.256275177001953,193
176.91,39.4010124206543,-8.256204605102539,193
177.11,39.40101623535156,-8.256170272827148,193
177.31,39.40102005004883,-8.256135940551758,193
177.51,39.401023864746094,-8.256102561950684,193
178.11,39.401039123535156,-8.256006240844727,193
178.31,39.40104293823242,-8.255975723266602,193
178.51,39.40104675292969,-8.255945205688477,193
179.11,39.401058197021484,-8.255854606628418,193
179.31,39.40106201171875,-8.25582504272461,193
179.51,39.40106964111328,-8.2557954788208,193
180.11,39.401084899902344,-8.255709648132324,193
180.31,39.40108871459961,-8.255681991577148,193
180.51,39.40109634399414,-8.255655288696289,193
181.31,39.401119232177734,-8.255546569824219,193
181.51,39.401126861572266,-8.25551986694336,193
182.31,39.401153564453125,-8.255411148071289,193
182.51,39.401161193847656,-8.255383491516113,193
183.11,39.40118408203125,-8.255301475524902,193
183.31,39.401187896728516,-8.255274772644043,193
183.51,39.40119552612305,-8.25524616241455,193
183.91,39.40119552612305,-8.25524616241455,193
184.11,39.401214599609375,-8.25516414642334,193
184.31,39.401222229003906,-8.255136489868164,193
184.51,39.40122985839844,-8.255108833312988,193
185.31,39.4012565612793,-8.254997253417969,193
185.51,39.40126037597656,-8.254968643188477,193
186.11,39.40127944946289,-8.254880905151367,193
186.31,39.40128707885742,-8.254851341247559,193
186.51,39.40129470825195,-8.254820823669434,193
186.91,39.40130615234375,-8.254758834838867,193
187.11,39.401309967041016,-8.25472640991211,193
187.31,39.40131759643555,-8.254694938659668,193
187.51,39.40132141113281,-8.25466251373291,193
188.11,39.401336669921875,-8.25456428527832,193
188.31,39.401344299316406,-8.254530906677246,193
188.51,39.40134811401367,-8.254497528076172,193
188.91,39.40135955810547,-8.254430770874023,193
189.11,39.4013671875,-8.25439739227295,193
189.31,39.401371002197266,-8.254363059997559,193
189.51,39.4013786315918,-8.254327774047852,193
190.11,39.40139389038086,-8.254222869873047,193
190.31,39.40140151977539,-8.25418758392334,193
190.51,39.40140914916992,-8.25415325164795,193
190.91,39.40142059326172,-8.254082679748535,193
191.31,39.40143585205078,-8.254013061523438,193
191.51,39.40144348144531,-8.25397777557373,193
191.91,39.40144348144531,-8.25397777557373,16
192.11,39.401466369628906,-8.25387191772461,16
192.31,39.40147399902344,-8.253836631774902,16
192.51,39.40148162841797,-8.253800392150879,16
192.91,39.4015007019043,-8.253728866577148,16
193.31,39.401519775390625,-8.253656387329102,16
193.51,39.40153121948242,-8.253620147705078,16
194.51,39.401588439941406,-8.25343132019043,16
194.91,39.401615142822266,-8.253352165222168,16
195.31,39.40164566040039,-8.253271102905273,16
195.51,39.40165710449219,-8.253231048583984,16
196.51,39.40174102783203,-8.253020286560059,16
196.91,39.40177536010742,-8.252933502197266,16
197.31,39.40181350708008,-8.252846717834473,16
197.51,39.401832580566406,-8.252803802490234,16
198.31,39.40190505981445,-8.252630233764648,16
198.51,39.40192413330078,-8.25258731842041,16
198.91,39.40196228027344,-8.25250244140625,16
199.11,39.401981353759766,-8.252460479736328,16
199.31,39.402000427246094,-8.252419471740723,16
199.51,39.40201950073242,-8.2523775100708,16
200.11,39.402076721191406,-8.252254486083984,16
200.31,39.402095794677734,-8.252214431762695,16
200.51,39.4021110534668,-8.25217342376709,16
200.91,39.40214920043945,-8.252093315124512,16
201.11,39.402164459228516,-8.252053260803223,16
201.31,39.402183532714844,-8.252013206481934,16
201.51,39.402198791503906,-8.251973152160645,16
202.11,39.40224838256836,-8.251852989196777,16
202.31,39.40226364135742,-8.251812934875488,16
202.51,39.402278900146484,-8.2517728805542,16
202.91,39.402305603027344,-8.251693725585938,16
203.11,39.402320861816406,-8.251653671264648,16
203.31,39.4023323059082,-8.25161361694336,16
203.51,39.402347564697266,-8.251574516296387,16
204.11,39.402381896972656,-8.251455307006836,16
204.31,39.40239334106445,-8.251416206359863,16
204.51,39.40240478515625,-8.25137710571289,16
204.91,39.402427673339844,-8.251299858093262,16
205.11,39.402435302734375,-8.251261711120605,16
205.31,39.40244674682617,-8.251224517822266,16
205.51,39.4024543762207,-8.251188278198242,16
206.11,39.40248107910156,-8.251078605651855,16
206.31,39.402488708496094,-8.251042366027832,16
206.51,39.40250015258789,-8.251006126403809,16
206.91,39.40251541137695,-8.250933647155762,16
207.11,39.402523040771484,-8.250898361206055,16
207.51,39.40254211425781,-8.250826835632324,16
208.11,39.40256881713867,-8.250720024108887,16
208.31,39.4025764465332,-8.250683784484863,16
208.51,39.402587890625,-8.250648498535156,16
208.91,39.40260696411133,-8.250576972961426,16
209.11,39.402618408203125,-8.250540733337402,16
209.31,39.402626037597656,-8.250505447387695,16
209.51,39.40263748168945,-8.250469207763672,16
210.11,39.40266799926758,-8.250361442565918,16
210.31,39.402679443359375,-8.250325202941895,16
210.51,39.402687072753906,-8.250289916992188,16
210.91,39.4027099609375,-8.250218391418457,16
211.11,39.40271759033203,-8.25018310546875,16
211.31,39.40272903442383,-8.250147819519043,16
211.51,39.40273666381836,-8.250113487243652,16
212.11,39.40276336669922,-8.250009536743164,16
212.31,39.40277099609375,-8.24997615814209,16
212.51,39.40278244018555,-8.249942779541016,16
212.91,39.40279769897461,-8.249876976013184,16
213.11,39.40280532836914,-8.249844551086426,16
213.31,39.40281295776367,-8.249813079833984,16
213.51,39.4028205871582,-8.249781608581543,16
214.11,39.4028434753418,-8.249689102172852,16
214.31,39.40285110473633,-8.249658584594727,16
214.51,39.40285873413086,-8.249629020690918,16
214.91,39.40287780761719,-8.2495698928833,16
215.11,39.40288543701172,-8.249541282653809,16
215.31,39.40289306640625,-8.249512672424316,16
215.51,39.40290069580078,-8.24948501586914,16
216.11,39.40292739868164,-8.249403953552246,16
216.31,39.40293884277344,-8.249378204345703,16
216.51,39.40294647216797,-8.249353408813477,16
216.91,39.40296936035156,-8.249305725097656,16
217.11,39.40298080444336,-8.249283790588379,16
217.31,39.402992248535156,-8.249261856079102,16
217.51,39.40300369262695,-8.24924087524414,16
218.11,39.403045654296875,-8.249178886413574,16
218.31,39.40306091308594,-8.24915885925293,16
218.51,39.403076171875,-8.249139785766602,16
218.91,39.40311050415039,-8.249100685119629,16
219.31,39.40314865112305,-8.249062538146973,16
219.51,39.403167724609375,-8.249042510986328,16
220.11,39.40323257446289,-8.248981475830078,16
220.31,39.403255462646484,-8.248960494995117,16
220.51,39.40327835083008,-8.24893856048584,16
220.91,39.40332794189453,-8.248892784118652,16
221.11,39.403350830078125,-8.248868942260742,16
221.31,39.403377532958984,-8.248844146728516,16
221.51,39.403404235839844,-8.248818397521973,16
222.11,39.403480529785156,-8.248740196228027,16
222.31,39.40350341796875,-8.248712539672852,16
222.51,39.40353012084961,-8.248684883117676,16
222.91,39.40357971191406,-8.24863052368164,16
223.11,39.403602600097656,-8.248602867126465,16
223.31,39.403629302978516,-8.248575210571289,16
223.51,39.40365219116211,-8.24854850769043,16
224.11,39.403724670410156,-8.248468399047852,16
224.31,39.40374755859375,-8.248442649841309,16
224.51,39.403770446777344,-8.248416900634766,16
224.91,39.40381622314453,-8.24836540222168,16
225.11,39.403839111328125,-8.248339653015137,16
225.51,39.40388488769531,-8.24828815460205,16
226.11,39.403953552246094,-8.248209953308105,16
226.31,39.40397644042969,-8.248184204101562,16
226.51,39.40399932861328,-8.248157501220703,16
226.91,39.40404510498047,-8.248102188110352,16
227.11,39.40406799316406,-8.24807357788086,16
227.31,39.40409469604492,-8.24804401397705,16
227.51,39.404117584228516,-8.248014450073242,16
228.11,39.40419387817383,-8.247920989990234,16
228.31,39.40422058105469,-8.24788761138916,16
228.51,39.40424346923828,-8.247854232788086,16
228.91,39.404296875,-8.247785568237305,16
229.11,39.404319763183594,-8.247750282287598,16
229.31,39.40434646606445,-8.24771499633789,16
229.51,39.40436935424805,-8.247678756713867,16
230.11,39.404441833496094,-8.24756908416748,16
230.31,39.40446853637695,-8.24753189086914,16
230.51,39.40449142456055,-8.247495651245117,16
230.91,39.404537200927734,-8.24742317199707,16
231.11,39.40456008911133,-8.247387886047363,16
231.31,39.40458297729492,-8.24735164642334,16
231.51,39.404605865478516,-8.247316360473633,16
232.11,39.4046745300293,-8.247212409973145,16
232.31,39.404693603515625,-8.247178077697754,16
232.51,39.40471649169922,-8.247142791748047,16
232.91,39.40475845336914,-8.247072219848633,16
233.11,39.40477752685547,-8.247036933898926,16
233.31,39.40480041503906,-8.247000694274902,16
233.51,39.40481948852539,-8.246964454650879,16
233.71,39.40483856201172,-8.246928215026855,16
234.11,39.404876708984375,-8.246853828430176,16
234.31,39.4048957824707,-8.246816635131836,16
234.51,39.404911041259766,-8.246777534484863,16
234.91,39.404945373535156,-8.246700286865234,16
235.11,39.40496063232422,-8.246662139892578,16
235.51,39.404991149902344,-8.246582984924316,16
236.11,39.405033111572266,-8.24646282196045,16
236.31,39.40504837036133,-8.24642276763916,16
237.11,39.405094146728516,-8.24626350402832,16
237.31,39.40510177612305,-8.246225357055664,16
237.51,39.405113220214844,-8.246187210083008,16
238.11,39.40514373779297,-8.246075630187988,16
238.31,39.4051513671875,-8.246040344238281,16
238.51,39.40515899658203,-8.246005058288574,16
238.91,39.40517807006836,-8.245935440063477,16
239.11,39.40518569946289,-8.245902061462402,16
239.31,39.40519332885742,-8.245868682861328,16
240.11,39.40522766113281,-8.245743751525879,16
240.31,39.405235290527344,-8.245715141296387,16
240.51,39.405242919921875,-8.245686531066895,16
240.91,39.4052619934082,-8.24563217163086,16
241.11,39.405269622802734,-8.245606422424316,16
241.31,39.405277252197266,-8.24558162689209,16
241.51,39.4052848815918,-8.24555778503418,16
241.71,39.405296325683594,-8.24553394317627,16
241.91,39.405303955078125,-8.245512008666992,16
242.11,39.405311584472656,-8.245491027832031,16
242.31,39.40532302856445,-8.24547004699707,16
242.51,39.405330657958984,-8.245450019836426,16
242.91,39.40534973144531,-8.24541187286377,16
243.11,39.40536117553711,-8.245393753051758,16
243.31,39.40536880493164,-8.245376586914062,16
243.51,39.40538024902344,-8.245359420776367,16
243.71,39.40538787841797,-8.245343208312988,16
243.91,39.405399322509766,-8.245326042175293,16
244.11,39.40541076660156,-8.24531078338623,16
244.31,39.40542221069336,-8.245295524597168,16
244.51,39.405433654785156,-8.245281219482422,16
244.91,39.40545654296875,-8.24525260925293,16
245.11,39.40547180175781,-8.2452392578125,16
245.31,39.40548324584961,-8.24522590637207,16
245.51,39.40549850463867,-8.245211601257324,16
245.71,39.40550994873047,-8.245198249816895,16
245.91,39.40552520751953,-8.245184898376465,16
246.11,39.405540466308594,-8.245170593261719,16
246.31,39.405555725097656,-8.245157241821289,16
246.51,39.40557098388672,-8.245142936706543,16
246.91,39.40560531616211,-8.24511432647705,16
247.11,39.40562057495117,-8.245099067687988,16
247.31,39.405635833740234,-8.245084762573242,16
247.51,39.40565490722656,-8.245068550109863,16
247.71,39.405670166015625,-8.2450532913208,16
247.91,39.40568923950195,-8.245038032531738,16
248.11,39.405704498291016,-8.24502182006836,16
248.31,39.405723571777344,-8.24500560760498,16
248.51,39.405738830566406,-8.244989395141602,16
248.91,39.40577697753906,-8.244956970214844,16
249.11,39.40579605102539,-8.244940757751465,16
249.31,39.40581130981445,-8.244924545288086,16
249.51,39.40583038330078,-8.244908332824707,16
249.71,39.40584945678711,-8.244893074035645,16
249.91,39.40586853027344,-8.244876861572266,16
250.11,39.4058837890625,-8.244861602783203,16
250.31,39.40590286254883,-8.244845390319824,16
250.51,39.405921936035156,-8.244829177856445,16
250.91,39.40596008300781,-8.244797706604004,16
251.11,39.40597915649414,-8.244781494140625,16
251.31,39.406002044677734,-8.244765281677246,16
251.51,39.40602111816406,-8.244749069213867,16
251.71,39.406044006347656,-8.244732856750488,16
252.11,39.40608596801758,-8.244698524475098,16
252.31,39.40610885620117,-8.244680404663086,16
252.51,39.406131744384766,-8.244662284851074,16
252.91,39.40617752075195,-8.244625091552734,16
253.31,39.406227111816406,-8.244585990905762,16
253.51,39.40625,-8.244565963745117,16
253.71,39.40627670288086,-8.244544982910156,16
253.91,39.40629959106445,-8.244524002075195,16
254.11,39.40632629394531,-8.244502067565918,16
254.31,39.406349182128906,-8.244479179382324,16
254.51,39.406375885009766,-8.244455337524414,16
254.91,39.40642547607422,-8.244407653808594,16
255.11,39.40644836425781,-8.24438190460205,16
255.31,39.40647506713867,-8.244355201721191,16
255.51,39.40650177001953,-8.244328498840332,16
255.71,39.406524658203125,-8.24429988861084,16
256.11,39.40657424926758,-8.244241714477539,16
256.31,39.40659713745117,-8.244211196899414,16
256.51,39.40662384033203,-8.244181632995605,16
256.91,39.40666961669922,-8.244119644165039,16
257.11,39.40669250488281,-8.244088172912598,16
257.31,39.406715393066406,-8.24405574798584,16
257.51,39.40673828125,-8.244023323059082,16
257.71,39.406761169433594,-8.243990898132324,16
257.91,39.40678405761719,-8.243959426879883,16
258.11,39.40680694580078,-8.243927001953125,16
258.31,39.406829833984375,-8.24389362335205,16
258.51,39.40685272216797,-8.243861198425293,16
258.91,39.406898498535156,-8.243796348571777,16
259.11,39.40692138671875,-8.243762969970703,16
259.31,39.406944274902344,-8.243729591369629,16
259.51,39.40696716308594,-8.243696212768555,16
259.71,39.406986236572266,-8.243661880493164,16
259.91,39.40700912475586,-8.24362850189209,16
260.11,39.40702819824219,-8.2435941696167,16
260.31,39.40705108642578,-8.243560791015625,16
260.51,39.40707015991211,-8.243526458740234,16
260.91,39.40711212158203,-8.243457794189453,16
261.11,39.40713119506836,-8.243424415588379,16
261.31,39.40715408325195,-8.243390083312988,16
261.51,39.40717315673828,-8.243356704711914,16
261.71,39.40719223022461,-8.243322372436523,16
262.11,39.407230377197266,-8.243253707885742,16
262.31,39.407249450683594,-8.243218421936035,16
262.51,39.40726852416992,-8.243184089660645,16
262.91,39.407310485839844,-8.243115425109863,16
263.11,39.40732955932617,-8.243080139160156,16
263.31,39.4073486328125,-8.243045806884766,16
263.51,39.40736770629883,-8.243010520935059,16
263.71,39.407386779785156,-8.242975234985352,16
263.91,39.407405853271484,-8.242939949035645,16
264.11,39.40742492675781,-8.242904663085938,16
264.51,39.4074592590332,-8.242833137512207,16
264.91,39.407493591308594,-8.242761611938477,16
265.11,39.40751266479492,-8.242725372314453,16
265.31,39.407527923583984,-8.24268913269043,16
265.51,39.40754318237305,-8.242652893066406,16
265.71,39.40755844116211,-8.242616653442383,16
265.91,39.40757369995117,-8.24258041381836,16
266.11,39.407588958740234,-8.24254322052002,16
266.31,39.4076042175293,-8.242506980895996,16
266.51,39.407615661621094,-8.242471694946289,16
266.91,39.40763854980469,-8.242400169372559,16
267.11,39.407649993896484,-8.242364883422852,16
267.31,39.40766143798828,-8.242329597473145,16
267.51,39.40766906738281,-8.242295265197754,16
267.71,39.407676696777344,-8.242260932922363,16
267.91,39.407684326171875,-8.242227554321289,16
268.11,39.407691955566406,-8.242195129394531,16
268.31,39.40769958496094,-8.242162704467773,16
268.51,39.4077033996582,-8.242132186889648,16
268.91,39.40771484375,-8.242072105407715,16
269.11,39.407718658447266,-8.242043495178223,16
269.31,39.40772247314453,-8.24201488494873,16
269.51,39.40773010253906,-8.241988182067871,16
269.71,39.40773391723633,-8.241961479187012,16
269.91,39.407737731933594,-8.241935729980469,16
270.11,39.40774154663086,-8.241910934448242,16
270.31,39.407745361328125,-8.241887092590332,16
270.51,39.40774917602539,-8.241865158081055,16
270.91,39.40776062011719,-8.241822242736816,16
271.11,39.40776443481445,-8.241801261901855,16
271.31,39.407772064208984,-8.241781234741211,16
271.51,39.40777587890625,-8.241761207580566,16
271.71,39.40778350830078,-8.241742134094238,16
271.91,39.40779113769531,-8.24172306060791,16
272.11,39.407798767089844,-8.241703987121582,16
272.31,39.407806396484375,-8.241684913635254,16
272.51,39.407814025878906,-8.241666793823242,16
272.91,39.40782928466797,-8.241630554199219,16
273.11,39.4078369140625,-8.241612434387207,16
273.31,39.4078483581543,-8.241594314575195,16
273.51,39.40785598754883,-8.2415771484375,16
273.71,39.407867431640625,-8.241559028625488,16
273.91,39.407875061035156,-8.241541862487793,16
274.11,39.40788650512695,-8.241523742675781,193
274.31,39.40789794921875,-8.24150562286377,193
274.51,39.40790939331055,-8.241488456726074,193
274.91,39.407928466796875,-8.24145221710205,193
275.31,39.40795135498047,-8.24141788482666,193
275.51,39.407962799072266,-8.241400718688965,193
275.71,39.40797424316406,-8.24138355255127,193
275.91,39.40798568725586,-8.241366386413574,193
276.11,39.407997131347656,-8.241350173950195,193
276.31,39.40800857543945,-8.241333961486816,193
276.51,39.40802001953125,-8.241317749023438,193
276.91,39.40804672241211,-8.241287231445312,193
277.11,39.40806198120117,-8.24127197265625,193
277.31,39.40807342529297,-8.241256713867188,193
277.51,39.40808868408203,-8.241242408752441,193
277.71,39.408103942871094,-8.241228103637695,193
277.91,39.408119201660156,-8.24121379852295,193
278.11,39.40813446044922,-8.241198539733887,193
278.31,39.40815353393555,-8.24118423461914,193
278.51,39.40816879272461,-8.241170883178711,193
278.91,39.408203125,-8.241142272949219,193
279.11,39.40822219848633,-8.241128921508789,193
279.31,39.40823745727539,-8.241114616394043,193
279.51,39.40825653076172,-8.241101264953613,193
279.71,39.40827560424805,-8.241086959838867,193
279.91,39.40829086303711,-8.241073608398438,193
280.11,39.40830993652344,-8.241059303283691,193
280.31,39.408329010009766,-8.241044998168945,193
280.91,39.408382415771484,-8.241002082824707,193
281.11,39.40839767456055,-8.240987777709961,193
281.31,39.408416748046875,-8.240972518920898,193
281.51,39.40843200683594,-8.240957260131836,193
281.71,39.408451080322266,-8.24094295501709,193
281.91,39.40846633911133,-8.240927696228027,193
282.11,39.40848159790039,-8.240912437438965,193
282.31,39.40849685668945,-8.240897178649902,193
282.51,39.408512115478516,-8.24088191986084,193
282.91,39.40854263305664,-8.240851402282715,193
283.11,39.4085578918457,-8.240837097167969,193
283.31,39.4085693359375,-8.240821838378906,193
283.51,39.40858459472656,-8.240806579589844,193
283.71,39.40859603881836,-8.240792274475098,193
283.91,39.408607482910156,-8.240777015686035,193
284.11,39.40862274169922,-8.240762710571289,193
284.31,39.408634185791016,-8.240748405456543,193
284.91,39.40867233276367,-8.240705490112305,193
285.11,39.408687591552734,-8.240691184997559,193
285.31,39.40869903564453,-8.240677833557129,193
285.51,39.408714294433594,-8.240663528442383,193
285.71,39.40872573852539,-8.240650177001953,193
285.91,39.40874099731445,-8.240635871887207,193
286.11,39.40875244140625,-8.240621566772461,193
286.91,39.40880584716797,-8.240565299987793,193
287.11,39.40882110595703,-8.240550994873047,193
287.31,39.408836364746094,-8.240535736083984,193
287.51,39.40884780883789,-8.240521430969238,193
287.71,39.40885925292969,-8.240507125854492,193
287.91,39.40887451171875,-8.24049186706543,193
288.11,39.40888595581055,-8.240476608276367,193
288.51,39.40890884399414,-8.240446090698242,193
288.91,39.408931732177734,-8.2404146194458,193
289.11,39.408939361572266,-8.240398406982422,193
289.71,39.40896987915039,-8.240349769592285,193
289.91,39.40897750854492,-8.240333557128906,193
290.11,39.40898513793945,-8.240316390991211,193
290.31,39.408992767333984,-8.240299224853516,193
290.51,39.409000396728516,-8.240281105041504,193
290.91,39.40901184082031,-8.240243911743164,193
291.11,39.40901565551758,-8.24022388458252,193
291.31,39.40902328491211,-8.240205764770508,193
291.51,39.409027099609375,-8.240185737609863,193
291.71,39.409034729003906,-8.240164756774902,193
291.91,39.40903854370117,-8.240143775939941,193
292.11,39.40904235839844,-8.240121841430664,193
292.31,39.4090461730957,-8.24009895324707,193
292.51,39.40904998779297,-8.240076065063477,193
292.91,39.409061431884766,-8.240028381347656,193
293.11,39.40906524658203,-8.24000358581543,193
293.31,39.4090690612793,-8.239978790283203,193
293.51,39.40907287597656,-8.23995304107666,193
293.71,39.40907669067383,-8.239927291870117,193
293.91,39.40908432006836,-8.239900588989258,193
294.11,39.409088134765625,-8.239874839782715,193
294.31,39.40909194946289,-8.239848136901855,193
294.51,39.409095764160156,-8.23982048034668,193
294.91,39.40910720825195,-8.239766120910645,193
295.11,39.409114837646484,-8.239738464355469,193
295.31,39.40911865234375,-8.239710807800293,193
295.51,39.409122467041016,-8.239684104919434,193
295.71,39.40913009643555,-8.239656448364258,193
295.91,39.40913391113281,-8.239628791809082,193
296.11,39.40913772583008,-8.239601135253906,193
296.31,39.40914535522461,-8.23957347869873,193
296.51,39.409149169921875,-8.239545822143555,193
296.91,39.40916061401367,-8.23949146270752,193
297.11,39.4091682434082,-8.23946475982666,193
297.31,39.40917205810547,-8.2394380569458,193
297.51,39.4091796875,-8.239412307739258,193
297.71,39.409183502197266,-8.239385604858398,193
297.91,39.40918731689453,-8.239359855651855,193
298.11,39.40919494628906,-8.239335060119629,193
298.31,39.40919876098633,-8.239310264587402,193
298.51,39.409202575683594,-8.239286422729492,193
298.91,39.40921401977539,-8.239237785339355,193
299.11,39.409217834472656,-8.239212989807129,193
299.31,39.40922546386719,-8.239188194274902,193
299.51,39.40922927856445,-8.239164352416992,193
299.71,39.40923309326172,-8.239139556884766,193
299.91,39.409236907958984,-8.239114761352539,193
300.11,39.409244537353516,-8.239089965820312,193
300.31,39.40924835205078,-8.23906421661377,193
300.51,39.40925216674805,-8.239039421081543,193
300.91,39.409263610839844,-8.23898696899414,193
301.11,39.40926742553711,-8.238960266113281,193
301.31,39.409271240234375,-8.238933563232422,193
301.51,39.40927505493164,-8.238905906677246,193
301.71,39.409278869628906,-8.23887825012207,193
301.91,39.40928649902344,-8.238849639892578,193
302.11,39.4092903137207,-8.238821029663086,193
302.31,39.40929412841797,-8.238791465759277,193
302.51,39.409297943115234,-8.238762855529785,193
302.91,39.40930938720703,-8.238702774047852,193
303.11,39.4093132019043,-8.238673210144043,193
303.31,39.40931701660156,-8.238642692565918,193
303.51,39.40932083129883,-8.23861312866211,193
303.71,39.409324645996094,-8.2385835647583,193
303.91,39.409332275390625,-8.238554000854492,193
304.11,39.40933609008789,-8.238524436950684,193
304.31,39.409339904785156,-8.238494873046875,193
304.51,39.40934753417969,-8.238465309143066,193
304.91,39.40935516357422,-8.238409042358398,193
305.11,39.40936279296875,-8.238380432128906,193
305.31,39.409366607666016,-8.23835277557373,193
305.51,39.40937042236328,-8.238325119018555,193
305.91,39.40938186645508,-8.238271713256836,193
306.11,39.409385681152344,-8.238245964050293,193
306.31,39.409393310546875,-8.23822021484375,193
306.51,39.40939712524414,-8.238195419311523,193
306.91,39.40940856933594,-8.23814868927002,193
307.11,39.4094123840332,-8.238126754760742,193
307.31,39.40941619873047,-8.238105773925781,193
307.51,39.409420013427734,-8.238085746765137,193
307.91,39.40943145751953,-8.23804759979248,193
308.11,39.40943908691406,-8.238029479980469,193
308.31,39.409446716308594,-8.238011360168457,193
308.51,39.40945053100586,-8.237994194030762,193
308.91,39.40946578979492,-8.237961769104004,193
309.11,39.40947341918945,-8.237946510314941,193
309.31,39.40948486328125,-8.237931251525879,193
309.51,39.40949249267578,-8.2379150390625,193
309.91,39.409515380859375,-8.237886428833008,193
310.11,39.40952682495117,-8.237872123718262,193
310.31,39.40953826904297,-8.237858772277832,193
310.51,39.409549713134766,-8.237844467163086,193
310.91,39.409576416015625,-8.237817764282227,193
311.11,39.40958786010742,-8.237804412841797,193
311.31,39.409603118896484,-8.237791061401367,193
311.51,39.40961837768555,-8.237777709960938,193
311.91,39.40964889526367,-8.237751960754395,193
312.11,39.409664154052734,-8.237739562988281,193
312.31,39.4096794128418,-8.237726211547852,193
312.91,39.40972900390625,-8.23768424987793,193
313.11,39.40974807739258,-8.237669944763184,193
313.71,39.40979766845703,-8.237626075744629,193
313.91,39.409812927246094,-8.237611770629883,193
314.11,39.40983200073242,-8.23759651184082,193
314.31,39.409847259521484,-8.237581253051758,193
314.91,39.40989685058594,-8.237534523010254,193
315.11,39.409915924072266,-8.237517356872559,193
315.31,39.409934997558594,-8.23750114440918,193
315.71,39.409969329833984,-8.237465858459473,193
315.91,39.40998840332031,-8.237447738647461,193
316.11,39.41000747680664,-8.23742961883545,193
316.31,39.41002655029297,-8.237409591674805,193
316.51,39.4100456237793,-8.237390518188477,193
316.91,39.41008758544922,-8.237348556518555,193
317.11,39.41010665893555,-8.237327575683594,193
317.31,39.41012954711914,-8.2373046875,193
317.51,39.41014862060547,-8.237281799316406,193
317.71,39.41017150878906,-8.237257957458496,193
317.91,39.410194396972656,-8.237234115600586,193
318.11,39.410213470458984,-8.237210273742676,193
318.31,39.41023635864258,-8.237184524536133,193
318.51,39.41025924682617,-8.237159729003906,193
318.91,39.41030502319336,-8.237107276916504,193
319.11,39.41032409667969,-8.237079620361328,193
319.31,39.41034698486328,-8.237051963806152,193
319.51,39.410369873046875,-8.23702335357666,193
319.91,39.4104118347168,-8.236964225769043,193
320.11,39.41043472290039,-8.236933708190918,193
320.31,39.41045379638672,-8.236903190612793,193
320.51,39.41047286987305,-8.236871719360352,193
320.91,39.4105110168457,-8.236806869506836,193
321.11,39.41053009033203,-8.236774444580078,193
321.31,39.41054916381836,-8.23674201965332,193
321.51,39.41056442260742,-8.236709594726562,193
321.71,39.410579681396484,-8.236676216125488,193
321.91,39.41059875488281,-8.236642837524414,193
322.11,39.410614013671875,-8.23660945892334,193
322.31,39.41062927246094,-8.236576080322266,193
322.51,39.410640716552734,-8.236541748046875,193
322.91,39.410667419433594,-8.23647403717041,193
323.11,39.41067886352539,-8.23643970489502,193
323.31,39.41069030761719,-8.236406326293945,193
323.71,39.410709381103516,-8.236339569091797,193
323.91,39.41071701049805,-8.236305236816406,193
324.11,39.410728454589844,-8.236272811889648,193
324.31,39.410736083984375,-8.236239433288574,193
324.51,39.410743713378906,-8.236207008361816,193
325.11,39.410762786865234,-8.236109733581543,193
325.31,39.4107666015625,-8.236078262329102,193
325.51,39.410770416259766,-8.23604679107666,193
325.71,39.4107780456543,-8.236016273498535,193
325.91,39.41078186035156,-8.235986709594727,193
326.11,39.41078186035156,-8.235956192016602,193
326.31,39.41078567504883,-8.23592758178711,193
326.51,39.410789489746094,-8.235899925231934,193
326.91,39.41079330444336,-8.235845565795898,193
327.11,39.410797119140625,-8.235819816589355,193
327.31,39.410797119140625,-8.235794067382812,193
327.51,39.41080093383789,-8.235769271850586,193
327.71,39.410804748535156,-8.23574447631836,193
328.11,39.41080856323242,-8.235698699951172,193
328.31,39.41081237792969,-8.235676765441895,193
328.51,39.41081619262695,-8.235655784606934,193
328.91,39.410823822021484,-8.235615730285645,193
329.11,39.41082763671875,-8.235595703125,193
329.31,39.410831451416016,-8.235577583312988,193
329.51,39.41083526611328,-8.235559463500977,193
329.71,39.41084289550781,-8.235541343688965,193
329.91,39.41084671020508,-8.23552417755127,193
330.11,39.41085433959961,-8.235507011413574,193
330.31,39.41086196899414,-8.235491752624512,193
330.51,39.41086959838867,-8.23547649383545,193
330.91,39.410884857177734,-8.23544979095459,193
331.11,39.410892486572266,-8.23543643951416,193
331.31,39.41090393066406,-8.235424041748047,193
331.71,39.41093063354492,-8.235400199890137,193
332.11,39.41095733642578,-8.235376358032227,193
332.31,39.410972595214844,-8.235363960266113,193
332.51,39.41099166870117,-8.2353515625,193
332.91,39.41102600097656,-8.235325813293457,193
333.11,39.41104507446289,-8.235311508178711,193
333.31,39.41106414794922,-8.235297203063965,193
333.71,39.411109924316406,-8.235265731811523,193
333.91,39.4111328125,-8.235248565673828,193
334.11,39.411155700683594,-8.235230445861816,193
334.31,39.41117858886719,-8.235211372375488,193
334.51,39.41120147705078,-8.235191345214844,193
335.71,39.41135025024414,-8.235052108764648,193
335.91,39.411373138427734,-8.235026359558105,193
336.11,39.41139602661133,-8.234999656677246,193
336.31,39.41141891479492,-8.234972953796387,193
336.51,39.411441802978516,-8.234946250915527,193
336.91,39.41148376464844,-8.234892845153809,193
337.11,39.41150665283203,-8.23486614227295,193
337.31,39.411529541015625,-8.23483943939209,193
337.71,39.41156768798828,-8.23478889465332,193
337.91,39.41158676147461,-8.234764099121094,193
338.31,39.41162872314453,-8.234715461730957,193
338.51,39.41164779663086,-8.234692573547363,193
338.91,39.41168212890625,-8.234646797180176,193
339.11,39.41170120239258,-8.234623908996582,193
339.31,39.411720275878906,-8.234601974487305,193
339.71,39.41175842285156,-8.234557151794434,193
339.91,39.41177749633789,-8.234535217285156,193
340.11,39.41179656982422,-8.234512329101562,193
340.31,39.41181945800781,-8.234489440917969,193
340.51,39.41183853149414,-8.234466552734375,193
340.91,39.41188049316406,-8.234416961669922,193
341.11,39.41189956665039,-8.234392166137695,193
341.31,39.411922454833984,-8.234366416931152,193
341.71,39.411964416503906,-8.23431396484375,193
341.91,39.4119873046875,-8.23428726196289,193
342.11,39.412010192871094,-8.234259605407715,193
342.31,39.41202926635742,-8.234231948852539,193
342.51,39.412052154541016,-8.23420524597168,193
342.91,39.4120979309082,-8.234149932861328,193
343.11,39.4121208190918,-8.234123229980469,193
343.31,39.412139892578125,-8.234095573425293,193
343.91,39.41220474243164,-8.234015464782715,193
344.11,39.412227630615234,-8.233988761901855,193
344.31,39.41224670410156,-8.233962059020996,193
344.51,39.412269592285156,-8.233936309814453,193
344.91,39.41230773925781,-8.23388385772705,193
345.11,39.412330627441406,-8.233858108520508,193
345.31,39.412349700927734,-8.233832359313965,193
345.71,39.41238784790039,-8.233780860900879,193
345.91,39.41240692138672,-8.233755111694336,193
346.11,39.41242599487305,-8.233728408813477,193
346.31,39.412445068359375,-8.233702659606934,193
346.51,39.41246032714844,-8.233675003051758,193
346.91,39.412498474121094,-8.233619689941406,193
347.11,39.412513732910156,-8.233591079711914,193
347.31,39.412532806396484,-8.233561515808105,193
347.71,39.412567138671875,-8.233500480651855,193
347.91,39.4125862121582,-8.23346996307373,193
348.11,39.412601470947266,-8.233437538146973,193
348.31,39.412620544433594,-8.233405113220215,193
348.51,39.412635803222656,-8.233372688293457,193
348.91,39.41267013549805,-8.233306884765625,193
349.11,39.412689208984375,-8.23327350616455,193
349.31,39.41270446777344,-8.233241081237793,193
349.71,39.41273880004883,-8.233175277709961,193
349.91,39.412757873535156,-8.233142852783203,193
350.11,39.41277313232422,-8.233111381530762,193
350.31,39.41279220581055,-8.233078956604004,193
350.51,39.412811279296875,-8.233047485351562,193
350.91,39.41284942626953,-8.232986450195312,193
351.11,39.412864685058594,-8.232955932617188,193
351.31,39.41288375854492,-8.232925415039062,193
351.71,39.41291809082031,-8.232865333557129,193
351.91,39.41293716430664,-8.23283576965332,193
352.11,39.4129524230957,-8.232806205749512,193
352.31,39.41297149658203,-8.232776641845703,193
352.51,39.412986755371094,-8.232746124267578,193
352.91,39.41301727294922,-8.232686996459961,193
353.11,39.41303634643555,-8.232657432556152,193
353.31,39.41305160522461,-8.232627868652344,193
353.91,39.4130973815918,-8.232536315917969,193
354.11,39.41311264038086,-8.232505798339844,193
354.31,39.41313171386719,-8.232475280761719,193
354.51,39.41314697265625,-8.232444763183594,193
355.11,39.4131965637207,-8.232351303100586,193
355.31,39.413211822509766,-8.232320785522461,193
355.71,39.413246154785156,-8.232259750366211,193
355.91,39.413265228271484,-8.232229232788086,193
356.11,39.41328048706055,-8.232199668884277,193
356.31,39.413299560546875,-8.232171058654785,193
356.51,39.4133186340332,-8.232142448425293,193
356.91,39.41335678100586,-8.232086181640625,193
357.11,39.41337585449219,-8.232059478759766,193
357.31,39.413394927978516,-8.232034683227539,193
357.71,39.41343688964844,-8.231986999511719,193
357.91,39.41345977783203,-8.231965065002441,193
358.11,39.413482666015625,-8.23194408416748,193
358.31,39.41350173950195,-8.231924057006836,193
358.51,39.41352462768555,-8.231905937194824,193
358.91,39.413570404052734,-8.231870651245117,193
359.11,39.41358947753906,-8.231855392456055,193
359.31,39.413612365722656,-8.231839179992676,193
359.71,39.41365432739258,-8.231810569763184,193
359.91,39.41367721557617,-8.231796264648438,193
360.11,39.4136962890625,-8.231783866882324,193
360.31,39.413719177246094,-8.231770515441895,193
360.51,39.41373825073242,-8.231759071350098,193
360.91,39.41377258300781,-8.23173713684082,193
361.11,39.41379165649414,-8.23172664642334,193
361.31,39.4138069152832,-8.231717109680176,193
361.51,39.41382598876953,-8.231706619262695,193
361.91,39.413856506347656,-8.231687545776367,193
362.11,39.41386795043945,-8.23167896270752,193
362.31,39.413883209228516,-8.231669425964355,193
362.51,39.41389465332031,-8.231659889221191,193
362.91,39.41392135620117,-8.231640815734863,193
363.11,39.41393280029297,-8.2316312789917,193
363.31,39.413944244384766,-8.231621742248535,193
363.51,39.4139518737793,-8.231611251831055,193
363.71,39.4139518737793,-8.231611251831055,193
363.91,39.413970947265625,-8.23159122467041,193
364.11,39.41398239135742,-8.231581687927246,193
364.31,39.41399002075195,-8.231571197509766,193
364.51,39.413997650146484,-8.231560707092285,193
364.91,39.41401672363281,-8.231538772583008,193
365.31,39.414031982421875,-8.231515884399414,193
365.51,39.41403579711914,-8.2315034866333,193
365.91,39.4140510559082,-8.231477737426758,193
366.11,39.41405487060547,-8.231463432312012,193
366.31,39.4140625,-8.231449127197266,193
366.51,39.414066314697266,-8.231433868408203,193
366.91,39.41407775878906,-8.231401443481445,193
367.11,39.414085388183594,-8.23138427734375,193
367.31,39.41408920288086,-8.231366157531738,193
367.51,39.414093017578125,-8.23134708404541,193
367.91,39.414100646972656,-8.231307983398438,193
368.11,39.41410446166992,-8.23128604888916,193
368.31,39.41410827636719,-8.231264114379883,193
368.51,39.41411209106445,-8.231241226196289,193
368.91,39.41412353515625,-8.231193542480469,193
369.11,39.414127349853516,-8.231167793273926,193
369.31,39.41413116455078,-8.2311429977417,193
369.51,39.41413497924805,-8.231117248535156,193
369.91,39.41414260864258,-8.231064796447754,193
370.11,39.414146423339844,-8.231038093566895,193
370.31,39.414154052734375,-8.231011390686035,193
370.51,39.41415786743164,-8.230984687805176,193
370.91,39.41416931152344,-8.23093032836914,193
371.11,39.4141731262207,-8.230903625488281,193
371.31,39.414180755615234,-8.230875968933105,193
371.51,39.414188385009766,-8.23084831237793,193
371.91,39.41419982910156,-8.230793952941895,193
372.11,39.414207458496094,-8.230766296386719,193
372.31,39.414215087890625,-8.230738639831543,193
372.51,39.414222717285156,-8.230710983276367,193
372.91,39.414241790771484,-8.230656623840332,193
373.11,39.414249420166016,-8.230628967285156,193
373.31,39.41426086425781,-8.230602264404297,193
373.51,39.414268493652344,-8.230574607849121,193
373.91,39.41428756713867,-8.23051929473877,193
374.11,39.41429901123047,-8.230491638183594,193
374.31,39.414310455322266,-8.230463981628418,193
374.51,39.41432189941406,-8.230435371398926,193
374.91,39.414344787597656,-8.230378150939941,193
375.11,39.41435623168945,-8.23034954071045,193
375.31,39.41436767578125,-8.230320930480957,193
375.51,39.41438293457031,-8.230291366577148,193
375.91,39.41440963745117,-8.230231285095215,193
376.11,39.414424896240234,-8.230201721191406,193
376.31,39.41443634033203,-8.230171203613281,193
376.51,39.414451599121094,-8.230140686035156,193
377.11,39.41449737548828,-8.230050086975098,193
377.31,39.414512634277344,-8.230019569396973,193
377.51,39.414527893066406,-8.229990005493164,193
377.91,39.4145622253418,-8.229930877685547,193
378.51,39.41461181640625,-8.229843139648438,193
378.91,39.414649963378906,-8.229787826538086,193
379.11,39.414669036865234,-8.22976016998291,193
379.31,39.4146842956543,-8.22973346710205,193
379.51,39.414703369140625,-8.229706764221191,193
379.71,39.41472244262695,-8.229680061340332,193
379.91,39.41474151611328,-8.229654312133789,193
380.11,39.414756774902344,-8.22962760925293,193
380.31,39.41477584838867,-8.229601860046387,193
380.51,39.414794921875,-8.229575157165527,193
380.91,39.41482925415039,-8.229523658752441,193
381.11,39.41484832763672,-8.229496955871582,193
381.31,39.41486358642578,-8.229471206665039,193
381.61,39.41488265991211,-8.229445457458496,193
381.91,39.4149169921875,-8.229393005371094,193
382.11,39.41493225097656,-8.229366302490234,193
382.31,39.41495132446289,-8.229339599609375,193
382.91,39.41500473022461,-8.22926139831543,193
383.11,39.41501998901367,-8.22923469543457,193
383.51,39.41505813598633,-8.2291841506958,193
383.91,39.415096282958984,-8.229134559631348,193
384.11,39.41511535644531,-8.229109764099121,193
384.91,39.415199279785156,-8.229018211364746,193
385.11,39.415218353271484,-8.228996276855469,193
385.51,39.415260314941406,-8.228955268859863,193
385.91,39.415306091308594,-8.228915214538574,193
386.11,39.41532516479492,-8.228897094726562,193
386.31,39.415348052978516,-8.22887897491455,193
386.51,39.41537094116211,-8.228861808776855,193
386.91,39.41541290283203,-8.228827476501465,193
387.11,39.415435791015625,-8.228811264038086,193
387.31,39.41545867919922,-8.228795051574707,193
387.51,39.41547775268555,-8.228779792785645,193
387.91,39.415523529052734,-8.228748321533203,193
388.11,39.41554260253906,-8.22873306274414,193
388.31,39.415565490722656,-8.228717803955078,193
388.51,39.415584564208984,-8.228703498840332,193
388.91,39.415626525878906,-8.22867488861084,193
389.11,39.415645599365234,-8.228660583496094,193
389.31,39.41566467285156,-8.228647232055664,193
389.51,39.41568374633789,-8.228633880615234,193
389.91,39.41572189331055,-8.228610038757324,193
390.11,39.415740966796875,-8.228598594665527,193
390.31,39.4157600402832,-8.228588104248047,193
390.51,39.41577911376953,-8.228578567504883,193
390.91,39.41581344604492,-8.228561401367188,193
391.11,39.415828704833984,-8.228553771972656,193
391.31,39.41584396362305,-8.228546142578125,193
391.91,39.415889739990234,-8.228528022766113,193
392.11,39.4159049987793,-8.228523254394531,193
392.51,39.415931701660156,-8.228513717651367,193
392.91,39.415958404541016,-8.228506088256836,193
393.11,39.41596984863281,-8.22850227355957,193
393.31,39.41598129272461,-8.228498458862305,193
393.61,39.41598892211914,-8.228494644165039,193
393.91,39.41600799560547,-8.228486061096191,193
394.31,39.41602325439453,-8.228474617004395,193
394.51,39.41603088378906,-8.22846794128418,193
394.91,39.41604232788086,-8.228452682495117,193
395.11,39.41604995727539,-8.22844409942627,193
395.31,39.416053771972656,-8.228434562683105,193
395.51,39.41605758666992,-8.228423118591309,193
395.91,39.41606903076172,-8.228399276733398,193
396.11,39.416072845458984,-8.228386878967285,193
396.31,39.41607666015625,-8.228373527526855,193
396.51,39.416080474853516,-8.22835922241211,193
396.91,39.41608810424805,-8.228330612182617,193
397.11,39.41609191894531,-8.228315353393555,193
397.51,39.41610336303711,-8.228282928466797,193
397.91,39.41611099243164,-8.228250503540039,193
398.11,39.416114807128906,-8.22823429107666,193
398.31,39.41612243652344,-8.228218078613281,193
398.51,39.4161262512207,-8.228201866149902,193
398.91,39.4161376953125,-8.228170394897461,193
399.11,39.41614532470703,-8.228154182434082,193
399.31,39.4161491394043,-8.22813892364502,193
399.51,39.41615676879883,-8.228123664855957,193
399.91,39.416168212890625,-8.228094100952148,193
400.11,39.416175842285156,-8.228079795837402,193
400.31,39.41617965698242,-8.228066444396973,193
400.51,39.41618728637695,-8.228052139282227,193
400.91,39.41619873046875,-8.228023529052734,193
401.11,39.416202545166016,-8.228008270263672,193
401.31,39.41621017456055,-8.227993965148926,193
401.51,39.41621398925781,-8.227977752685547,193
401.91,39.41622543334961,-8.227946281433105,193
402.11,39.416229248046875,-8.22792911529541,193
402.31,39.41623306274414,-8.227911949157715,193
402.51,39.416236877441406,-8.22789478302002,193
402.91,39.4162483215332,-8.227858543395996,193
403.11,39.41625213623047,-8.227840423583984,193
403.31,39.416255950927734,-8.227822303771973,193
403.61,39.416259765625,-8.227803230285645,193
403.91,39.41626739501953,-8.227767944335938,193
404.11,39.4162712097168,-8.227749824523926,193
404.31,39.41627502441406,-8.22773265838623,193
404.61,39.41627883911133,-8.227716445922852,193
404.91,39.41628646850586,-8.22768497467041,193
405.11,39.41629409790039,-8.227669715881348,193
405.31,39.416297912597656,-8.227655410766602,193
405.91,39.41630935668945,-8.227617263793945,193
406.11,39.41631317138672,-8.227605819702148,193
406.31,39.416316986083984,-8.227595329284668,193
406.51,39.41632080078125,-8.227585792541504,193
406.91,39.41633224487305,-8.227569580078125,193
407.11,39.41633605957031,-8.227561950683594,193
407.31,39.41633987426758,-8.227555274963379,193
407.51,39.416343688964844,-8.22754955291748,193
407.91,39.41635513305664,-8.227540016174316,193
408.11,39.416358947753906,-8.227535247802734,193
408.31,39.41636657714844,-8.227531433105469,193
408.51,39.41637420654297,-8.227527618408203,193
408.91,39.416385650634766,-8.227520942687988,193
409.11,39.4163932800293,-8.227517127990723,193
409.31,39.41639709472656,-8.227513313293457,193
409.51,39.416404724121094,-8.227510452270508,193
409.71,39.416412353515625,-8.227506637573242,193
409.91,39.416419982910156,-8.22750186920166,193
410.11,39.41642761230469,-8.227498054504395,193
410.31,39.41643524169922,-8.227494239807129,193
410.51,39.416439056396484,-8.227490425109863,193
410.91,39.41645431518555,-8.227481842041016,193
411.11,39.41646194458008,-8.227477073669434,193
411.31,39.41646957397461,-8.227472305297852,193
411.51,39.41647720336914,-8.22746753692627,193
411.91,39.4164924621582,-8.227458953857422,193
412.11,39.416500091552734,-8.22745418548584,193
412.31,39.416507720947266,-8.227449417114258,193
412.61,39.4165153503418,-8.227444648742676,193
412.91,39.41653060913086,-8.227436065673828,193
413.11,39.41653823852539,-8.227431297302246,193
413.31,39.41654586791992,-8.227426528930664,193
413.91,39.41656494140625,-8.227413177490234,193
414.11,39.41657257080078,-8.227408409118652,193
414.31,39.41658020019531,-8.22740364074707,193
414.51,39.41658401489258,-8.227398872375488,193
414.91,39.416595458984375,-8.227388381958008,193
415.11,39.41659927368164,-8.227383613586426,193
415.31,39.416603088378906,-8.227377891540527,193
415.61,39.41660690307617,-8.227372169494629,193
415.91,39.41661834716797,-8.227360725402832,193
416.11,39.416622161865234,-8.227355003356934,193
416.31,39.4166259765625,-8.227349281311035,193
416.51,39.416629791259766,-8.22734260559082,193
416.91,39.4166374206543,-8.22732925415039,193
417.11,39.41664123535156,-8.22732162475586,193
417.31,39.41664505004883,-8.227313995361328,193
417.51,39.416648864746094,-8.227306365966797,193
417.71,39.41665267944336,-8.22729778289795,193
417.91,39.416656494140625,-8.227289199829102,193
418.11,39.41666030883789,-8.227280616760254,193
418.31,39.416664123535156,-8.227270126342773,193
418.51,39.41666793823242,-8.227259635925293,193
418.91,39.41667556762695,-8.227237701416016,193
419.11,39.41667938232422,-8.227226257324219,193
419.51,39.416683197021484,-8.227201461791992,193
419.91,39.416690826416016,-8.227173805236816,193
420.11,39.416690826416016,-8.227158546447754,193
420.31,39.41669464111328,-8.227143287658691,193
420.51,39.41669845581055,-8.227127075195312,193
420.91,39.41670227050781,-8.227092742919922,193
421.11,39.41670608520508,-8.22707462310791,193
421.91,39.416717529296875,-8.226996421813965,193
422.11,39.41672134399414,-8.226975440979004,193
422.31,39.416725158691406,-8.22695541381836,193
422.51,39.41672897338867,-8.226934432983398,193
422.91,39.4167366027832,-8.22689151763916,193
423.61,39.416751861572266,-8.226826667785645,193
423.91,39.41676330566406,-8.22678279876709,193
424.11,39.41676712036133,-8.226760864257812,193
424.31,39.41677474975586,-8.226738929748535,193
424.51,39.416778564453125,-8.226716041564941,193
424.91,39.41679000854492,-8.226672172546387,193
425.11,39.41679763793945,-8.22665023803711,193
425.91,39.41682052612305,-8.2265625,193
426.11,39.41682815551758,-8.226540565490723,193
426.31,39.416831970214844,-8.226518630981445,193
426.91,39.41685104370117,-8.226454734802246,193
427.11,39.41685485839844,-8.226433753967285,193
427.61,39.416866302490234,-8.22638988494873,193
427.91,39.41687774658203,-8.226346015930176,193
428.11,39.41688537597656,-8.226323127746582,193
428.31,39.416893005371094,-8.226301193237305,193
428.51,39.416900634765625,-8.226278305053711,193
428.91,39.41691589355469,-8.22623062133789,193
429.11,39.416927337646484,-8.226207733154297,193
429.51,39.41694641113281,-8.226160049438477,193
429.91,39.416969299316406,-8.226112365722656,193
430.11,39.41698455810547,-8.226088523864746,193
430.31,39.416996002197266,-8.226064682006836,193
430.51,39.41701126098633,-8.226040840148926,193
430.91,39.41704177856445,-8.225993156433105,193
431.11,39.417057037353516,-8.225969314575195,193
431.51,39.417091369628906,-8.225923538208008,193
431.91,39.4171257019043,-8.225878715515137,193
432.11,39.417144775390625,-8.22585678100586,193
432.31,39.41716384887695,-8.225835800170898,193
432.51,39.41718673706055,-8.225815773010254,193
432.91,39.4172248840332,-8.225777626037598,193
433.11,39.41724395751953,-8.225759506225586,193
433.51,39.41728591918945,-8.225725173950195,193
433.71,39.41730499267578,-8.225708961486816,193
433.91,39.41732406616211,-8.225692749023438,193
434.51,39.417381286621094,-8.22564697265625,193
434.91,39.41741943359375,-8.225618362426758,193
435.11,39.41743469238281,-8.225605010986328,193
435.91,39.41750717163086,-8.225557327270508,193
436.11,39.41752243041992,-8.225547790527344,193
436.31,39.41754150390625,-8.22553825378418,193
436.51,39.41755676269531,-8.225528717041016,193
436.91,39.4175910949707,-8.225513458251953,193
437.11,39.417606353759766,-8.225506782531738,193
437.51,39.41763687133789,-8.225495338439941,193
437.91,39.417667388916016,-8.225485801696777,193
438.11,39.41767883300781,-8.225481986999512,193
438.31,39.417694091796875,-8.225478172302246,193
438.51,39.41770553588867,-8.22547435760498,193
438.91,39.41773223876953,-8.225468635559082,193
439.11,39.41774368286133,-8.225464820861816,193
439.51,39.41777038574219,-8.225459098815918,193
439.91,39.417789459228516,-8.22545337677002,193
440.11,39.41780090332031,-8.22545051574707,193
440.31,39.417808532714844,-8.225446701049805,193
440.61,39.41781997680664,-8.225443840026855,193
441.11,39.417842864990234,-8.225432395935059,193
441.71,39.41786575317383,-8.225418090820312,193
441.91,39.41787338256836,-8.225412368774414,193
442.11,39.417877197265625,-8.225406646728516,193
442.31,39.417884826660156,-8.2253999710083,193
442.51,39.41788864135742,-8.225393295288086,193
442.91,39.41790008544922,-8.225378036499023,193
443.11,39.417903900146484,-8.225370407104492,193
443.91,39.41792297363281,-8.225332260131836,193
444.11,39.41792678833008,-8.225321769714355,193
444.51,39.417930603027344,-8.225298881530762,193
444.91,39.417938232421875,-8.225275993347168,193
445.11,39.41794204711914,-8.225263595581055,193
445.51,39.417945861816406,-8.225238800048828,193
445.91,39.41794967651367,-8.225213050842285,193
446.11,39.41795349121094,-8.225200653076172,193
446.31,39.41795349121094,-8.225187301635742,193
446.51,39.4179573059082,-8.225173950195312,193
446.91,39.41796112060547,-8.225146293640137,193
447.11,39.41796112060547,-8.225132942199707,193
447.51,39.41796875,-8.225106239318848,193
447.91,39.417972564697266,-8.225079536437988,193
448.11,39.41797637939453,-8.225067138671875,193
448.31,39.4179801940918,-8.225054740905762,193
448.51,39.41798400878906,-8.225043296813965,193
448.91,39.417991638183594,-8.225020408630371,193
449.11,39.41799545288086,-8.225008964538574,193
449.51,39.41800308227539,-8.22498893737793,193
449.71,39.41800308227539,-8.22498893737793,9
449.91,39.41801452636719,-8.224969863891602,9
450.11,39.41801834106445,-8.224961280822754,9
450.31,39.418025970458984,-8.224952697753906,9
450.51,39.41802978515625,-8.224945068359375,9
450.91,39.41804122924805,-8.224929809570312,9
451.11,39.41804885864258,-8.224922180175781,9
451.31,39.418052673339844,-8.22491455078125,9
452.11,39.4180793762207,-8.224884986877441,9
452.31,39.41808319091797,-8.22487735748291,9
452.51,39.4180908203125,-8.224870681762695,9
452.91,39.41810607910156,-8.224855422973633,9
453.11,39.41810989379883,-8.224846839904785,9
453.31,39.41811752319336,-8.224839210510254,9
453.61,39.41812515258789,-8.224830627441406,9
453.91,39.41814041137695,-8.224814414978027,9
454.11,39.418148040771484,-8.224806785583496,9
454.31,39.418155670166016,-8.224799156188965,9
454.51,39.41816329956055,-8.224791526794434,9
454.91,39.41817855834961,-8.224776268005371,9
455.11,39.418190002441406,-8.224769592285156,9
455.51,39.418209075927734,-8.22475528717041,9
455.91,39.41822814941406,-8.22474193572998,9
456.11,39.41823959350586,-8.224736213684082,9
456.31,39.418251037597656,-8.224730491638184,9
456.51,39.41826248168945,-8.224724769592285,9
456.91,39.41828536987305,-8.224714279174805,9
457.11,39.41830062866211,-8.224708557128906,9
457.51,39.41832733154297,-8.224698066711426,9
457.91,39.418357849121094,-8.224686622619629,9
458.11,39.418373107910156,-8.224679946899414,9
458.31,39.41838836669922,-8.224674224853516,9
458.51,39.41840362548828,-8.224668502807617,9
458.91,39.418434143066406,-8.224656105041504,9
459.11,39.41844940185547,-8.224650382995605,9
459.71,39.418495178222656,-8.224631309509277,9
459.91,39.41851043701172,-8.224624633789062,9
460.11,39.41852569580078,-8.224617958068848,9
460.51,39.418556213378906,-8.224602699279785,9
460.91,39.41858673095703,-8.224586486816406,9
461.11,39.41860580444336,-8.224576950073242,9
461.31,39.41862106323242,-8.224568367004395,9
461.61,39.418636322021484,-8.22455883026123,9
461.91,39.418670654296875,-8.224538803100586,9
462.11,39.4186897277832,-8.224527359008789,9
462.31,39.418704986572266,-8.224515914916992,9
462.51,39.418724060058594,-8.224504470825195,9
462.91,39.418758392333984,-8.224479675292969,9
463.11,39.41877746582031,-8.224466323852539,9
463.31,39.41879653930664,-8.224452018737793,9
463.91,39.418853759765625,-8.224407196044922,9
464.11,39.41887283325195,-8.224390983581543,9
464.31,39.41889190673828,-8.224374771118164,9
464.51,39.41891098022461,-8.224357604980469,9
464.91,39.41895294189453,-8.224324226379395,9
465.11,39.41897201538086,-8.224308013916016,9
465.31,39.41899108886719,-8.22429084777832,9
465.91,39.41904830932617,-8.224242210388184,9
466.11,39.4190673828125,-8.224226951599121,9
466.31,39.419090270996094,-8.224212646484375,193
466.51,39.41910934448242,-8.224198341369629,193
466.91,39.41914367675781,-8.224170684814453,193
467.11,39.41916275024414,-8.224157333374023,193
467.31,39.41918182373047,-8.224143981933594,193
467.51,39.4192008972168,-8.22413158416748,193
467.91,39.41923522949219,-8.224105834960938,193
468.11,39.419254302978516,-8.224093437194824,193
468.31,39.419273376464844,-8.224081039428711,193
468.51,39.419288635253906,-8.224068641662598,193
468.91,39.41932678222656,-8.224043846130371,193
469.11,39.41934585571289,-8.224030494689941,193
469.31,39.41936111450195,-8.224018096923828,193
469.51,39.41938018798828,-8.224005699157715,193
469.91,39.41941452026367,-8.223978996276855,193
470.11,39.41943359375,-8.22396469116211,193
470.31,39.41945266723633,-8.223949432373047,193
470.51,39.419471740722656,-8.223933219909668,193
470.91,39.41950988769531,-8.223899841308594,193
471.11,39.419525146484375,-8.223881721496582,193
471.31,39.4195442199707,-8.223862648010254,193
471.51,39.41956329345703,-8.22384262084961,193
471.91,39.41959762573242,-8.223800659179688,193
472.11,39.41961669921875,-8.22377872467041,193
472.31,39.41963577270508,-8.223755836486816,193
472.51,39.41965103149414,-8.223731994628906,193
472.91,39.41968536376953,-8.22368335723877,193
473.11,39.41970443725586,-8.223658561706543,193
473.31,39.41971969604492,-8.223633766174316,193
473.51,39.41973876953125,-8.22360897064209,193
473.91,39.41977310180664,-8.22355842590332,193
474.11,39.4197883605957,-8.223533630371094,193
474.31,39.419803619384766,-8.223508834838867,193
474.51,39.41981887817383,-8.223483085632324,193
474.91,39.41984939575195,-8.223431587219238,193
475.11,39.41986846923828,-8.223405838012695,193
475.31,39.419883728027344,-8.223381042480469,193
475.51,39.41989517211914,-8.223356246948242,193
475.91,39.419925689697266,-8.223305702209473,193
476.11,39.41994094848633,-8.22327995300293,193
476.31,39.419952392578125,-8.223254203796387,193
476.51,39.41996765136719,-8.223228454589844,193
476.91,39.41999435424805,-8.223176002502441,193
477.11,39.420005798339844,-8.223150253295898,193
477.31,39.420021057128906,-8.223122596740723,193
477.51,39.4200325012207,-8.223095893859863,193
477.91,39.4200553894043,-8.223040580749512,193
478.31,39.420074462890625,-8.222983360290527,193
478.51,39.42008590698242,-8.222954750061035,193
478.91,39.420101165771484,-8.222896575927734,193
479.11,39.420108795166016,-8.222867965698242,193
479.31,39.42011260986328,-8.222840309143066,193
479.51,39.42012023925781,-8.222811698913574,193
479.91,39.420127868652344,-8.22275447845459,193
480.11,39.42013168334961,-8.222726821899414,193
480.31,39.420135498046875,-8.222699165344238,193
480.51,39.42013931274414,-8.222671508789062,193
481.11,39.42014694213867,-8.222591400146484,193
481.51,39.42015075683594,-8.222540855407715,193
482.11,39.4201545715332,-8.222468376159668,193
482.31,39.42015838623047,-8.222445487976074,193
482.91,39.420162200927734,-8.222376823425293,193
483.11,39.420166015625,-8.222354888916016,193
483.91,39.4201774597168,-8.222267150878906,193
484.11,39.42018127441406,-8.222244262695312,193
484.31,39.42018127441406,-8.222222328186035,193
484.51,39.42018508911133,-8.222199440002441,193
484.91,39.42019271850586,-8.222155570983887,193
485.11,39.420196533203125,-8.222134590148926,193
485.51,39.420204162597656,-8.222091674804688,193
485.91,39.42021179199219,-8.222049713134766,193
486.11,39.42021179199219,-8.222030639648438,193
486.31,39.42021560668945,-8.22201156616211,193
486.51,39.42021942138672,-8.221993446350098,193
486.91,39.420223236083984,-8.22195816040039,193
487.11,39.420223236083984,-8.221941947937012,193
487.51,39.42022705078125,-8.221911430358887,193
487.91,39.420230865478516,-8.221883773803711,193
488.11,39.42023468017578,-8.221870422363281,193
488.51,39.42023849487305,-8.221846580505371,193
488.91,39.42024230957031,-8.221823692321777,193
489.11,39.42024612426758,-8.22181224822998,193
489.51,39.420249938964844,-8.22179126739502,193
489.91,39.420257568359375,-8.221770286560059,193
490.11,39.42026138305664,-8.221760749816895,193
490.31,39.420265197753906,-8.22175121307373,193
490.51,39.42026901245117,-8.221741676330566,193
490.91,39.4202766418457,-8.221722602844238,193
491.11,39.420284271240234,-8.221712112426758,193
491.61,39.420291900634766,-8.221691131591797,193
491.91,39.42030334472656,-8.22166919708252,193
492.31,39.420310974121094,-8.221647262573242,193
492.51,39.420318603515625,-8.221635818481445,193
492.91,39.420326232910156,-8.221611976623535,193
493.11,39.42033386230469,-8.221600532531738,193
493.51,39.42034149169922,-8.221576690673828,193
493.91,39.420352935791016,-8.22155475616455,193
494.11,39.42036056518555,-8.221545219421387,193
494.31,39.42036437988281,-8.221535682678223,193
494.51,39.420372009277344,-8.221526145935059,193
494.91,39.420387268066406,-8.221508979797363,193
495.11,39.42039489746094,-8.221501350402832,193
495.51,39.420413970947266,-8.22148609161377,193
496.11,39.42044448852539,-8.221466064453125,193
496.31,39.42045593261719,-8.22145938873291,193
496.51,39.420467376708984,-8.221452713012695,193
496.91,39.420494079589844,-8.221441268920898,193
497.11,39.42050552368164,-8.221434593200684,193
497.51,39.420536041259766,-8.221421241760254,193
497.91,39.420562744140625,-8.221407890319824,193
498.11,39.42057800292969,-8.22140121459961,193
498.31,39.420597076416016,-8.221393585205078,193
498.51,39.42061233520508,-8.221385955810547,193
499.51,39.42069625854492,-8.221336364746094,193
499.91,39.42073440551758,-8.221311569213867,193
500.11,39.42074966430664,-8.221298217773438,193
500.31,39.42076873779297,-8.221284866333008,193
500.51,39.4207878112793,-8.221270561218262,193
500.91,39.42082595825195,-8.22123908996582,193
501.11,39.42084503173828,-8.221222877502441,193
501.51,39.42088317871094,-8.221187591552734,193
501.91,39.420921325683594,-8.221151351928711,193
502.11,39.42094039916992,-8.221132278442383,193
502.31,39.42095947265625,-8.221112251281738,193
502.51,39.42097854614258,-8.221091270446777,193
502.91,39.4210205078125,-8.221048355102539,193
503.11,39.42103958129883,-8.221026420593262,193
503.91,39.42111587524414,-8.220935821533203,193
504.11,39.42113494873047,-8.22091293334961,193
504.31,39.4211540222168,-8.220890045166016,193
504.51,39.421173095703125,-8.220867156982422,193
505.11,39.421226501464844,-8.220797538757324,193
505.51,39.4212646484375,-8.22075080871582,193
505.91,39.42129898071289,-8.220702171325684,193
506.11,39.42131805419922,-8.220678329467773,193
506.31,39.42133331298828,-8.220653533935547,193
506.51,39.42135238647461,-8.22062873840332,193
506.91,39.421382904052734,-8.220577239990234,193
507.11,39.4213981628418,-8.220551490783691,193
507.61,39.42142868041992,-8.220498085021973,193
507.91,39.42145919799805,-8.220443725585938,193
508.31,39.421485900878906,-8.22038745880127,193
508.51,39.4214973449707,-8.220359802246094,193
508.91,39.42152404785156,-8.220301628112793,193
509.11,39.421539306640625,-8.2202730178833,193
509.51,39.421566009521484,-8.220213890075684,193
509.91,39.42158889770508,-8.220154762268066,193
510.11,39.421600341796875,-8.220125198364258,193
510.31,39.42161178588867,-8.22009563446045,193
510.51,39.42162322998047,-8.220065116882324,193
510.91,39.42164611816406,-8.220006942749023,193
511.11,39.42165756225586,-8.219977378845215,193
511.61,39.42167663574219,-8.219918251037598,193
511.91,39.421695709228516,-8.219861030578613,193
512.11,39.42170333862305,-8.219833374023438,193
512.31,39.42171096801758,-8.219805717468262,193
512.51,39.42171859741211,-8.219778060913086,193
512.91,39.42173385620117,-8.21972370147705,193
513.11,39.4217414855957,-8.219696998596191,193
513.51,39.421756744384766,-8.219644546508789,193
513.91,39.42176818847656,-8.219593048095703,193
514.11,39.421775817871094,-8.219569206237793,193
514.31,39.42177963256836,-8.219544410705566,193
514.51,39.421783447265625,-8.21951961517334,193
514.91,39.42179489135742,-8.21947193145752,193
515.11,39.42179489135742,-8.21947193145752,131
515.51,39.42180633544922,-8.219401359558105,131
515.91,39.42181396484375,-8.219355583190918,131
516.11,39.421817779541016,-8.219332695007324,131
516.31,39.42182159423828,-8.219310760498047,131
516.51,39.42182540893555,-8.219287872314453,131
516.91,39.42183303833008,-8.219244956970215,131
517.11,39.421836853027344,-8.21922492980957,131
517.51,39.421844482421875,-8.219184875488281,131
517.91,39.421852111816406,-8.219146728515625,131
518.11,39.42185592651367,-8.219127655029297,131
518.31,39.4218635559082,-8.219108581542969,131
518.51,39.42186737060547,-8.219090461730957,131
518.91,39.421875,-8.21905517578125,131
519.11,39.421878814697266,-8.219038009643555,131
519.51,39.4218864440918,-8.219003677368164,131
519.91,39.421897888183594,-8.218971252441406,131
520.11,39.42190170288086,-8.218955993652344,131
520.31,39.421905517578125,-8.218940734863281,131
520.51,39.421913146972656,-8.218927383422852,131
520.91,39.42192459106445,-8.218901634216309,131
521.11,39.42192840576172,-8.218889236450195,131
521.51,39.42194366455078,-8.218865394592285,131
521.91,39.42195510864258,-8.218844413757324,131
522.11,39.42196273803711,-8.21883487701416,131
522.31,39.421974182128906,-8.218825340270996,131
522.51,39.42198181152344,-8.218816757202148,131
522.91,39.422000885009766,-8.218802452087402,131
523.11,39.4220085144043,-8.218795776367188,131
523.51,39.42203140258789,-8.218783378601074,131
523.91,39.42205810546875,-8.21877384185791,131
524.11,39.42206954956055,-8.218769073486328,131
524.31,39.42208480834961,-8.218764305114746,131
524.51,39.42210006713867,-8.218759536743164,131
524.91,39.42213439941406,-8.21875,131
525.11,39.422149658203125,-8.218744277954102,131
525.51,39.42218780517578,-8.218733787536621,131
525.91,39.42222595214844,-8.218720436096191,131
526.11,39.422245025634766,-8.218713760375977,131
526.31,39.422264099121094,-8.218706130981445,131
526.51,39.42228698730469,-8.218697547912598,131
526.91,39.42232894897461,-8.218679428100586,131
527.11,39.4223518371582,-8.218668937683105,131
527.51,39.422393798828125,-8.218645095825195,131
527.91,39.42243957519531,-8.218618392944336,131
528.11,39.42245864868164,-8.21860408782959,131
528.31,39.422481536865234,-8.218588829040527,131
528.51,39.42250442504883,-8.218572616577148,131
528.91,39.42254638671875,-8.21854019165039,131
529.11,39.422569274902344,-8.218522071838379,131
529.51,39.422611236572266,-8.218487739562988,131
529.91,39.42265701293945,-8.218450546264648,131
530.31,39.42269515991211,-8.218411445617676,131
530.51,39.4227180480957,-8.218391418457031,131
530.91,39.42275619506836,-8.21834945678711,131
531.11,39.42277526855469,-8.218327522277832,131
531.51,39.422813415527344,-8.218282699584961,131
531.91,39.4228515625,-8.21823787689209,131
532.11,39.42286682128906,-8.21821403503418,131
532.31,39.42288589477539,-8.21819019317627,131
532.51,39.42290115356445,-8.21816635131836,131
532.91,39.42293167114258,-8.218117713928223,131
533.11,39.42294692993164,-8.218092918395996,131
533.51,39.422977447509766,-8.218042373657227,131
533.91,39.42300796508789,-8.217991828918457,131
534.11,39.42301940917969,-8.217966079711914,131
534.31,39.42303466796875,-8.217940330505371,131
534.51,39.42304611206055,-8.217914581298828,131
534.91,39.42306900024414,-8.217864036560059,131
535.11,39.42308044433594,-8.217838287353516,131
535.51,39.423099517822266,-8.217788696289062,131
536.11,39.42313003540039,-8.217717170715332,131
536.31,39.42313766479492,-8.217693328857422,131
536.51,39.42314529418945,-8.217670440673828,131
536.91,39.423160552978516,-8.217625617980957,131
537.11,39.42317199707031,-8.21760368347168,131
537.51,39.423187255859375,-8.217559814453125,131
537.91,39.42319869995117,-8.217516899108887,131
538.11,39.4232063293457,-8.217495918273926,131
538.31,39.4232177734375,-8.217473983764648,131
538.51,39.42322540283203,-8.217453002929688,131
538.91,39.423240661621094,-8.217409133911133,131
539.11,39.423248291015625,-8.217387199401855,131
539.51,39.42326736450195,-8.2173433303833,131
539.91,39.42329025268555,-8.217297554016113,131
540.11,39.42329788208008,-8.21727466583252,131
540.51,39.42332458496094,-8.217227935791016,131
541.51,39.42338943481445,-8.2171049118042,131
541.91,39.42341613769531,-8.217055320739746,131
542.11,39.423431396484375,-8.21703052520752,131
542.51,39.423458099365234,-8.21697998046875,131
542.91,39.42348861694336,-8.21692943572998,131
543.51,39.42353820800781,-8.216854095458984,131
543.91,39.42356872558594,-8.216804504394531,131
544.11,39.423583984375,-8.216780662536621,131
544.31,39.42359924316406,-8.216755867004395,131
544.51,39.42361831665039,-8.216732025146484,131
544.91,39.423648834228516,-8.21668529510498,131
545.51,39.42369842529297,-8.2166166305542,131
545.91,39.42373275756836,-8.216571807861328,131
546.11,39.42375183105469,-8.21654987335205,131
546.31,39.42376708984375,-8.216527938842773,131
546.51,39.42378234863281,-8.216506958007812,131
546.91,39.4238166809082,-8.216464042663574,131
547.51,39.42387008666992,-8.216402053833008,131
547.91,39.42390823364258,-8.216361045837402,131
548.11,39.423927307128906,-8.216341018676758,131
548.31,39.42394256591797,-8.216320991516113,131
548.51,39.4239616394043,-8.216300964355469,131
548.91,39.42399978637695,-8.216261863708496,131
549.51,39.4240608215332,-8.216203689575195,131
549.91,39.42409896850586,-8.216166496276855,131
550.11,39.42411804199219,-8.216148376464844,131
550.31,39.42414093017578,-8.216130256652832,131
550.51,39.42416000366211,-8.216113090515137,131
550.91,39.42420196533203,-8.216080665588379,131
551.51,39.42426681518555,-8.21603775024414,131
552.31,39.424354553222656,-8.215991973876953,131
552.61,39.42437744140625,-8.215983390808105,131
552.91,39.42441940307617,-8.21596622467041,131
553.51,39.42448425292969,-8.215946197509766,131
553.91,39.42452621459961,-8.215934753417969,131
554.11,39.42454528808594,-8.21592903137207,131
554.31,39.424564361572266,-8.215924263000488,131
554.51,39.42458724975586,-8.215919494628906,131
555.51,39.4246826171875,-8.215899467468262,131
555.91,39.424720764160156,-8.21589183807373,131
556.11,39.424739837646484,-8.215888977050781,131
556.31,39.42475891113281,-8.215885162353516,131
556.51,39.424774169921875,-8.215882301330566,131
556.91,39.42481231689453,-8.215875625610352,131
557.51,39.424861907958984,-8.215867042541504,131
557.91,39.42489242553711,-8.215862274169922,131
558.11,39.42490768432617,-8.215860366821289,131
558.31,39.424922943115234,-8.215859413146973,131
558.51,39.4249382019043,-8.21585750579834,131
558.91,39.424964904785156,-8.215855598449707,131
559.51,39.42500305175781,-8.21585464477539,131
559.91,39.425025939941406,-8.215853691101074,131
560.11,39.4250373840332,-8.215853691101074,131
560.31,39.425048828125,-8.215853691101074,131
560.91,39.425079345703125,-8.215852737426758,131
561.51,39.425106048583984,-8.215851783752441,131
561.91,39.42512512207031,-8.215849876403809,131
562.11,39.425132751464844,-8.215848922729492,131
562.31,39.425140380859375,-8.215847969055176,131
562.51,39.42515182495117,-8.215846061706543,131
562.91,39.425167083740234,-8.215842247009277,131
563.51,39.425193786621094,-8.215835571289062,131
564.31,39.425228118896484,-8.215826034545898,131
564.51,39.425235748291016,-8.21582317352295,131
564.91,39.425254821777344,-8.215818405151367,131
565.51,39.42527770996094,-8.215808868408203,131
565.91,39.425296783447266,-8.215802192687988,131
566.11,39.4253044128418,-8.215798377990723,131
566.31,39.42531204223633,-8.215794563293457,131
566.51,39.425315856933594,-8.215790748596191,131
566.91,39.425331115722656,-8.215780258178711,131
567.51,39.425350189208984,-8.215761184692383,131
567.91,39.425357818603516,-8.21574592590332,131
568.11,39.42536544799805,-8.215737342834473,131
568.31,39.42536926269531,-8.215728759765625,131
568.51,39.42537307739258,-8.215719223022461,131
568.91,39.425384521484375,-8.215699195861816,131
569.51,39.42539978027344,-8.215666770935059,131
569.91,39.425411224365234,-8.215643882751465,131
570.11,39.4254150390625,-8.215632438659668,131
570.31,39.42542266845703,-8.215620994567871,131
570.51,39.42543029785156,-8.215609550476074,131
571.51,39.42546463012695,-8.21555233001709,131
571.91,39.425479888916016,-8.215530395507812,131
572.11,39.42548751831055,-8.215519905090332,131
572.31,39.42549514770508,-8.215509414672852,131
572.51,39.42550277709961,-8.215498924255371,131
572.91,39.42552185058594,-8.215478897094727,131
573.51,39.42554473876953,-8.215448379516602,131
573.91,39.425559997558594,-8.215428352355957,131
574.11,39.425567626953125,-8.215417861938477,131
574.31,39.42557907104492,-8.215408325195312,131
574.51,39.42558670043945,-8.215396881103516,131
574.91,39.425601959228516,-8.215374946594238,131
575.51,39.425628662109375,-8.215339660644531,131
575.91,39.42564392089844,-8.215314865112305,131
576.11,39.42565155029297,-8.215301513671875,131
576.31,39.425662994384766,-8.215289115905762,131
576.51,39.4256706237793,-8.215276718139648,131
576.91,39.42568588256836,-8.215250968933105,131
577.91,39.42572784423828,-8.215189933776855,131
578.11,39.42573928833008,-8.215179443359375,131
578.31,39.42574691772461,-8.215167999267578,131
578.51,39.42575454711914,-8.215156555175781,131
578.91,39.4257698059082,-8.215136528015137,131
579.51,39.42578887939453,-8.215110778808594,131
579.91,39.425804138183594,-8.215096473693848,131
580.31,39.425811767578125,-8.21508502960205,131
580.51,39.42581558227539,-8.215081214904785,131
580.91,39.42582702636719,-8.215075492858887,131
581.11,39.42583084106445,-8.215073585510254,131
581.31,39.42583465576172,-8.215072631835938,131
581.51,39.425838470458984,-8.215071678161621,131
581.91,39.425846099853516,-8.215072631835938,131
582.11,39.425846099853516,-8.21507453918457,131
582.31,39.42584991455078,-8.215076446533203,131
582.51,39.42585372924805,-8.215079307556152,131
582.91,39.425865173339844,-8.215086936950684,131
583.51,39.42587661743164,-8.215102195739746,131
584.11,39.4258918762207,-8.215121269226074,131
584.31,39.42589569091797,-8.215127944946289,131
584.51,39.425899505615234,-8.21513557434082,131
584.91,39.42591094970703,-8.215149879455566,131
585.11,39.42591857910156,-8.215158462524414,131
585.31,39.42592239379883,-8.215166091918945,131
585.51,39.42593002319336,-8.215174674987793,131
585.91,39.425941467285156,-8.215190887451172,131
586.11,39.42594528198242,-8.215198516845703,131
586.31,39.42595291137695,-8.215206146240234,131
586.51,39.425960540771484,-8.21521282196045,131
586.91,39.42597198486328,-8.215227127075195,131
587.11,39.42597579956055,-8.215232849121094,131
587.31,39.42598342895508,-8.215239524841309,131
587.51,39.42599105834961,-8.215245246887207,131
587.91,39.426002502441406,-8.21525764465332,131
588.11,39.42601013183594,-8.215264320373535,131
588.31,39.4260139465332,-8.21527099609375,131
588.51,39.426021575927734,-8.215277671813965,131
588.91,39.4260368347168,-8.215291976928711,131
589.11,39.42604446411133,-8.215299606323242,131
589.31,39.42605209350586,-8.215307235717773,131
589.51,39.42605972290039,-8.215315818786621,131
589.91,39.42607498168945,-8.21533203125,131
590.11,39.42608642578125,-8.215341567993164,131
590.31,39.42609405517578,-8.215350151062012,131
590.51,39.42610549926758,-8.21535873413086,131
590.71,39.42610549926758,-8.21535873413086,193
590.91,39.42612838745117,-8.215376853942871,193
591.11,39.42613983154297,-8.215385437011719,193
591.31,39.426151275634766,-8.215394973754883,193
591.51,39.42616271972656,-8.21540355682373,193
591.91,39.426185607910156,-8.215420722961426,193
592.11,39.42620086669922,-8.215429306030273,193
592.51,39.42622756958008,-8.215444564819336,193
592.91,39.42625427246094,-8.215458869934082,193
593.11,39.42626953125,-8.21546459197998,193
593.31,39.42628479003906,-8.215470314025879,193
593.51,39.426300048828125,-8.215476036071777,193
593.91,39.42633056640625,-8.215485572814941,193
594.11,39.42634582519531,-8.215489387512207,193
594.31,39.426361083984375,-8.215494155883789,193
594.51,39.42637634277344,-8.215497970581055,193
594.91,39.42640686035156,-8.215503692626953,193
595.11,39.426422119140625,-8.215506553649902,193
595.31,39.42643737792969,-8.215509414672852,193
595.51,39.42645263671875,-8.215511322021484,193
595.91,39.42648696899414,-8.215513229370117,193
596.11,39.4265022277832,-8.2155122756958,193
596.31,39.426517486572266,-8.215511322021484,193
596.51,39.42653274536133,-8.215509414672852,193
596.91,39.42656707763672,-8.215502738952637,193
597.11,39.42658233642578,-8.215497970581055,193
597.31,39.426597595214844,-8.215492248535156,193
597.51,39.42661666870117,-8.215486526489258,193
597.91,39.4266471862793,-8.215472221374512,193
598.11,39.42666244506836,-8.21546459197998,193
598.31,39.42668151855469,-8.21545696258545,193
598.51,39.42669677734375,-8.215449333190918,193
599.11,39.42674255371094,-8.215425491333008,193
599.31,39.4267578125,-8.215417861938477,193
599.51,39.42677307128906,-8.215410232543945,193
599.91,39.42680358886719,-8.215394020080566,193
600.11,39.42681884765625,-8.215386390686035,193
600.31,39.42683410644531,-8.215378761291504,193
600.51,39.42684555053711,-8.215372085571289,193
600.91,39.426876068115234,-8.21535873413086,193
601.11,39.42688751220703,-8.215352058410645,193
601.31,39.426902770996094,-8.215347290039062,193
601.51,39.42691421508789,-8.215341567993164,193
601.91,39.42694091796875,-8.215330123901367,193
602.51,39.426979064941406,-8.215313911437988,193
603.11,39.42702102661133,-8.21529483795166,193
603.31,39.427032470703125,-8.215288162231445,193
603.51,39.42704772949219,-8.21528148651123,193
603.91,39.42707443237305,-8.215266227722168,193
604.11,39.427085876464844,-8.215258598327637,193
604.31,39.427101135253906,-8.215250015258789,193
604.51,39.4271125793457,-8.215241432189941,193
604.91,39.42713928222656,-8.215224266052246,193
605.31,39.42716979980469,-8.21520709991455,193
605.51,39.42718505859375,-8.215197563171387,193
605.91,39.42721176147461,-8.215181350708008,193
606.11,39.42722702026367,-8.21517276763916,193
606.51,39.4272575378418,-8.215157508850098,193
606.91,39.42728805541992,-8.215143203735352,193
607.31,39.42731857299805,-8.215129852294922,193
607.51,39.42733383178711,-8.215123176574707,193
607.91,39.427364349365234,-8.215110778808594,193
608.11,39.4273796081543,-8.215104103088379,193
608.31,39.42739486694336,-8.215097427368164,193
608.51,39.42741012573242,-8.21509075164795,193
608.91,39.42743682861328,-8.215076446533203,193
609.11,39.42743682861328,-8.215076446533203,193
