T,Alt,Veloc,Filt_Alt,FVeloc,LDA,LowV,Apogee,N-O,Drogue,Main,falt_m
0,-2,-40,-0.4,-8,0,0,0,0,0,0,-0.12192
50,14,320,2.48,57.6,0,0,0,0,0,0,0.755904
100,14,0,4.78,46.08,0,0,0,0,0,0,1.456944
150,24,200,8.63,76.86,0,0,0,0,0,0,2.630424
200,16,-160,10.1,29.49,0,0,0,0,0,0,3.07848
250,112,1920,30.48,407.59,0,0,0,0,0,0,9.290304
300,30,-1640,30.39,-1.93,0,0,0,0,0,0,9.262872
350,98,1360,43.91,270.46,0,0,0,0,0,0,13.383768
400,78,-400,50.73,136.37,0,0,0,0,0,0,15.462504
450,96,360,59.78,181.09,0,0,0,0,0,0,18.220944
500,116,400,71.02,224.88,0,0,0,0,0,0,21.646896
550,106,-200,78.02,139.9,0,0,0,0,0,0,23.780496
600,134,560,89.22,223.92,0,0,0,0,0,0,27.194256
650,184,1000,108.17,379.14,0,0,0,0,0,0,32.970216
700,150,-680,116.54,167.31,0,0,0,0,0,0,35.521392
750,204,1080,134.03,349.85,0,0,0,0,0,0,40.852344
800,236,640,154.42,407.88,0,0,0,0,0,0,47.067216
850,220,-320,167.54,262.3,0,0,0,0,0,0,51.066192
900,274,1080,188.83,425.84,0,0,0,0,0,0,57.555384
950,304,600,211.87,460.67,304,0,0,0,0,0,64.577976
1000,292,-240,227.89,320.54,0,0,0,0,0,0,69.460872
1050,286,-120,239.51,232.43,0,0,0,0,0,0,73.002648
1100,352,1320,262.01,449.94,0,0,0,0,0,0,79.860648
1150,366,280,282.81,415.96,0,0,0,0,0,0,86.200488
1200,414,960,309.05,524.76,0,0,0,0,0,0,94.19844
1250,410,-80,329.24,403.81,0,0,0,0,0,0,100.352352
1300,458,960,354.99,515.05,0,0,0,0,0,0,108.200952
1350,450,-160,373.99,380.04,0,0,0,0,0,0,113.992152
1400,488,760,396.79,456.03,0,0,0,0,0,0,120.941592
1450,472,-320,411.83,300.83,0,0,0,0,0,0,125.525784
1500,540,1360,437.47,512.66,0,0,0,0,0,0,133.340856
1550,544,80,458.77,426.13,0,0,0,0,0,0,139.833096
1600,620,1520,491.02,644.9,0,0,0,0,0,0,149.662896
1650,634,280,519.62,571.92,0,0,0,0,0,0,158.380176
1700,660,520,547.69,561.54,0,0,0,0,0,0,166.935912
1750,678,360,573.75,521.23,0,0,0,0,0,0,174.879
1800,702,480,599.4,512.98,0,0,0,0,0,0,182.69712
1850,716,280,622.72,466.39,0,0,0,0,0,0,189.805056
1900,758,840,649.78,541.11,0,0,0,0,0,0,198.052944
1950,776,360,675.02,504.89,0,0,0,0,0,0,205.746096
2000,840,1280,708.02,659.91,0,0,0,0,0,0,215.804496
2050,852,240,736.81,575.93,0,0,0,0,0,0,224.579688
2100,910,1160,771.45,692.74,0,0,0,0,0,0,235.13796
2150,904,-120,797.96,530.19,0,0,0,0,0,0,243.218208
2200,938,680,825.97,560.16,0,0,0,0,0,0,251.755656
2250,978,800,856.38,608.12,0,0,0,0,0,0,261.024624
2300,994,320,883.9,550.5,0,0,0,0,0,0,269.41272
2350,1044,1000,915.92,640.4,0,0,0,0,0,0,279.172416
2400,1054,200,943.54,552.32,0,0,0,0,0,0,287.590992
2450,1104,1000,975.63,641.86,0,0,0,0,0,0,297.372024
2500,1130,520,1006.5,617.49,0,0,0,0,0,0,306.7812
2550,1152,440,1035.6,581.99,0,0,0,0,0,0,315.65088
2600,1192,800,1066.88,625.59,0,0,0,0,0,0,325.185024
2650,1210,360,1095.51,572.47,0,0,0,0,0,0,333.911448
2700,1252,840,1126.8,625.98,0,0,0,0,0,0,343.44864
2750,1294,840,1160.24,668.78,0,0,0,0,0,0,353.641152
2800,1340,920,1196.19,719.03,0,0,0,0,0,0,364.598712
2850,1376,720,1232.16,719.22,0,0,0,0,0,0,375.562368
2900,1430,1080,1271.72,791.38,0,0,0,0,0,0,387.620256
2950,1462,640,1309.78,761.1,0,0,0,0,0,0,399.220944
3000,1472,200,1342.22,648.88,0,0,0,0,0,0,409.108656
3050,1480,160,1369.78,551.1,0,0,0,0,0,0,417.508944
3100,1548,1360,1405.42,712.88,0,0,0,0,0,0,428.372016
3150,1602,1080,1444.74,786.31,0,0,0,0,0,0,440.356752
3200,1636,680,1482.99,765.05,0,0,0,0,0,0,452.015352
3250,1668,640,1519.99,740.04,0,0,0,0,0,0,463.292952
3300,1692,480,1554.39,688.03,0,0,0,0,0,0,473.778072
3350,1704,240,1584.32,598.42,0,0,0,0,0,0,482.900736
3400,1756,1040,1618.65,686.74,0,0,0,0,0,0,493.36452
3450,1786,600,1652.12,669.39,0,0,0,0,0,0,503.566176
3500,1824,760,1686.5,687.51,0,0,0,0,0,0,514.0452
3550,1872,960,1723.6,742.01,0,0,0,0,0,0,525.35328
3600,1876,80,1754.08,609.61,0,0,0,0,0,0,534.643584
3650,1918,840,1786.86,655.69,0,0,0,0,0,0,544.634928
3700,1922,80,1813.89,540.55,0,0,0,0,0,0,552.873672
3750,1948,520,1840.71,536.44,0,0,0,0,0,0,561.048408
3800,2020,1440,1876.57,717.15,0,0,0,0,0,0,571.978536
3850,1998,-440,1900.86,485.72,0,0,0,0,0,0,579.382128
3900,2070,1440,1934.68,676.58,0,0,0,0,0,0,589.690464
3950,2094,480,1966.55,637.26,0,0,0,0,0,0,599.40444
4000,2070,-480,1987.24,413.81,0,0,0,0,0,0,605.710752
4050,2110,800,2011.79,491.05,0,0,0,0,0,0,613.193592
4100,2108,-40,2031.03,384.84,0,0,0,0,0,0,619.057944
4150,2130,440,2050.83,395.87,0,0,0,0,0,0,625.092984
4200,2194,1280,2079.46,572.7,0,0,0,0,0,0,633.819408
4250,2244,1000,2112.37,658.16,0,0,0,0,0,0,643.850376
4300,2282,760,2146.29,678.53,0,0,0,0,0,0,654.189192
4350,2300,360,2177.04,614.82,0,0,0,0,0,0,663.561792
4400,2320,400,2205.63,571.86,0,0,0,0,0,0,672.276024
4450,2388,1360,2242.1,729.49,0,0,0,0,0,0,683.39208
4500,2484,1920,2290.48,967.59,0,0,0,0,0,0,698.138304
4550,2508,480,2333.99,870.07,0,0,0,0,0,0,711.400152
4600,2556,960,2378.39,888.06,0,0,0,0,0,0,724.933272
4650,2562,120,2415.11,734.44,0,0,0,0,0,0,736.125528
4700,2650,1760,2462.09,939.56,0,0,0,0,0,0,750.445032
4750,2688,760,2507.27,903.65,0,0,0,0,0,0,764.215896
4800,2734,920,2552.62,906.91,0,0,0,0,0,0,778.038576
4850,2816,1640,2605.29,1053.54,0,0,0,0,0,0,794.092392
4900,2892,1520,2662.63,1146.83,0,0,0,0,0,0,811.569624
4950,2900,160,2710.11,949.46,0,0,0,0,0,0,826.041528
5000,2962,1240,2760.49,1007.57,0,0,0,0,0,0,841.397352
5050,3052,1800,2818.79,1166.05,0,0,0,0,0,0,859.167192
5100,3092,800,2873.43,1092.84,0,0,0,0,0,0,875.821464
5150,3186,1880,2935.94,1250.27,0,0,0,0,0,0,894.874512
5200,3342,3120,3017.16,1624.22,0,0,0,0,0,0,919.630368
5250,3392,1000,3092.12,1499.38,0,0,0,0,0,0,942.478176
5300,3410,360,3155.7,1271.5,0,0,0,0,0,0,961.85736
5350,3418,160,3208.16,1049.2,0,0,0,0,0,0,977.847168
5400,3512,1880,3268.93,1215.36,0,0,0,0,0,0,996.369864
5450,3544,640,3323.94,1100.29,0,0,0,0,0,0,1013.136912
5500,3580,720,3375.15,1024.23,0,0,0,0,0,0,1028.74572
5550,3644,1280,3428.92,1075.39,0,0,0,0,0,0,1045.134816
5600,3700,1120,3483.14,1084.31,0,0,0,0,0,0,1061.661072
5650,3740,800,3534.51,1027.45,0,0,0,0,0,0,1077.318648
5700,3746,120,3576.81,845.96,0,0,0,0,0,0,1090.211688
5750,3774,560,3616.25,788.76,0,0,0,0,0,0,1102.233
5800,3834,1200,3659.8,871.01,0,0,0,0,0,0,1115.50704
5850,3872,760,3702.24,848.81,0,0,0,0,0,0,1128.442752
5900,3906,680,3742.99,815.05,0,0,0,0,0,0,1140.863352
5950,4006,2000,3795.59,1052.04,0,0,0,0,0,0,1156.895832
6000,4050,880,3846.47,1017.63,0,0,0,0,0,0,1172.404056
6050,4088,760,3894.78,966.1,0,0,0,0,0,0,1187.128944
6100,4134,920,3942.62,956.88,0,0,0,0,0,0,1201.710576
6150,4138,80,3981.7,781.51,0,0,0,0,0,0,1213.62216
6200,4200,1240,4025.36,873.2,0,0,0,0,0,0,1226.929728
6250,4254,1080,4071.09,914.57,0,0,0,0,0,0,1240.868232
6300,4272,360,4111.27,803.65,0,0,0,0,0,0,1253.115096
6350,4330,1160,4155.02,874.92,0,0,0,0,0,0,1266.450096
6400,4328,-40,4189.61,691.93,0,0,0,0,0,0,1276.993128
6450,4402,1480,4232.09,849.55,0,0,0,0,0,0,1289.941032
6500,4422,400,4270.07,759.64,0,0,0,0,0,0,1301.517336
6550,4484,1240,4312.86,855.71,0,0,0,0,0,0,1314.559728
6600,4508,480,4351.89,780.57,0,0,0,0,0,0,1326.456072
6650,4570,1240,4395.51,872.46,0,0,0,0,0,0,1339.751448
6700,4612,840,4438.81,865.97,0,0,0,0,0,0,1352.949288
6750,4654,840,4481.85,860.77,0,0,0,0,0,0,1366.06788
6800,4700,920,4525.48,872.62,0,0,0,0,0,0,1379.366304
6850,4722,440,4564.78,786.09,0,0,0,0,0,0,1391.344944
6900,4728,120,4597.42,652.87,0,0,0,0,0,0,1401.293616
6950,4794,1320,4636.74,786.3,0,0,0,0,0,0,1413.278352
7000,4818,480,4672.99,725.04,0,0,0,0,0,0,1424.327352
7050,4860,840,4710.39,748.04,0,0,0,0,0,0,1435.726872
7100,4894,680,4747.11,734.42,0,0,0,0,0,0,1446.919128
7150,4900,120,4777.69,611.54,0,0,0,0,0,0,1456.239912
7200,5004,2080,4822.95,905.23,0,0,0,0,0,0,1470.03516
7250,4992,-240,4856.76,676.18,0,0,0,0,0,0,1480.340448
7300,5068,1520,4899.01,844.95,0,0,0,0,0,0,1493.218248
7350,5100,640,4939.21,803.96,0,0,0,0,0,0,1505.471208
7400,5114,280,4974.17,699.17,0,0,0,0,0,0,1516.127016
7450,5142,560,5007.73,671.34,0,0,0,0,0,0,1526.356104
7500,5192,1000,5044.59,737.07,0,0,0,0,0,0,1537.591032
7550,5208,320,5077.27,653.65,0,0,0,0,0,0,1547.551896
7600,5254,920,5112.62,706.92,0,0,0,0,0,0,1558.326576
7650,5306,1040,5151.29,773.54,0,0,0,0,0,0,1570.113192
7700,5358,1040,5192.63,826.83,0,0,0,0,0,0,1582.713624
7750,5410,1040,5236.11,869.46,0,0,0,0,0,0,1595.966328
7800,5442,640,5277.29,823.57,0,0,0,0,0,0,1608.517992
7850,5484,840,5318.63,826.86,0,0,0,0,0,0,1621.118424
7900,5466,-360,5348.1,589.48,0,0,0,0,0,0,1630.10088
7950,5482,320,5374.88,535.59,0,0,0,0,0,0,1638.263424
8000,5546,1280,5409.11,684.47,0,0,0,0,0,0,1648.696728
8050,5590,880,5445.28,723.57,0,0,0,0,0,0,1659.721344
8100,5608,360,5477.83,650.86,0,0,0,0,0,0,1669.642584
8150,5672,1280,5516.66,776.69,0,0,0,0,0,0,1681.477968
8200,5728,1120,5558.93,845.35,0,0,0,0,0,0,1694.361864
8250,5694,-680,5585.94,540.28,0,0,0,0,0,0,1702.594512
8300,5770,1520,5622.75,736.23,0,0,0,0,0,0,1713.8142
8350,5780,200,5654.2,628.98,0,0,0,0,0,0,1723.40016
8400,5816,720,5686.56,647.19,0,0,0,0,0,0,1733.263488
8450,5844,560,5718.05,629.75,0,0,0,0,0,0,1742.86164
8500,5864,400,5747.24,583.8,0,0,0,0,0,0,1751.758752
8550,5926,1240,5782.99,715.04,0,0,0,0,0,0,1762.655352
8600,5958,640,5817.99,700.03,0,0,0,0,0,0,1773.323352
8650,5982,480,5850.8,656.03,0,0,0,0,0,0,1783.32384
8700,5976,-120,5875.84,500.82,0,0,0,0,0,0,1790.956032
8750,6040,1280,5908.67,656.65,0,0,0,0,0,0,1800.962616
8800,6062,440,5939.33,613.32,0,0,0,0,0,0,1810.307784
8850,6064,40,5964.27,498.66,0,0,0,0,0,0,1817.909496
8900,6192,2560,6009.81,910.93,0,0,0,0,0,0,1831.790088
8950,6144,-960,6036.65,536.74,0,0,0,0,0,0,1839.97092
9000,6184,800,6066.12,589.39,0,0,0,0,0,0,1848.953376
9050,6234,1000,6099.7,671.51,0,0,0,0,0,0,1859.18856
9100,6268,680,6133.36,673.21,0,0,0,0,0,0,1869.448128
9150,6300,640,6166.69,666.57,0,0,0,0,0,0,1879.607112
9200,6322,440,6197.75,621.26,0,0,0,0,0,0,1889.0742
9250,6340,360,6226.2,569,0,0,0,0,0,0,1897.74576
9300,6404,1280,6261.76,711.2,0,0,0,0,0,0,1908.584448
9350,6418,280,6293.01,624.96,0,0,0,0,0,0,1918.109448
9400,6428,200,6320.01,539.97,0,0,0,0,0,0,1926.339048
9450,6414,-280,6338.8,375.98,0,0,0,0,0,0,1932.06624
9500,6456,840,6362.24,468.78,0,0,0,0,0,0,1939.210752
9550,6542,1720,6398.19,719.02,0,0,0,0,0,0,1950.168312
9600,6552,200,6428.96,615.22,0,0,0,0,0,0,1959.547008
9650,6578,520,6458.76,596.17,0,0,0,0,0,0,1968.630048
9700,6568,-200,6480.61,436.94,0,0,0,0,0,0,1975.289928
9750,6666,1960,6517.69,741.55,0,0,0,0,0,0,1986.591912
9800,6676,200,6549.35,633.24,0,0,0,0,0,0,1996.24188
9850,6652,-480,6569.88,410.6,0,0,0,0,0,0,2002.499424
9900,6726,1480,6601.1,624.47,0,0,0,0,0,0,2012.01528
9950,6782,1120,6637.28,723.58,0,0,0,0,0,0,2023.042944
10000,6788,120,6667.43,602.86,0,0,0,0,0,0,2032.232664
10050,6772,-320,6688.34,418.29,0,0,0,0,0,0,2038.606032
10100,6808,720,6712.27,478.63,0,0,0,0,0,0,2045.899896
10150,6842,680,6738.22,518.91,0,0,0,0,0,0,2053.809456
10200,6934,1840,6777.37,783.13,0,0,0,0,0,0,2065.742376
10250,6934,0,6808.7,626.5,0,0,0,0,0,0,2075.29176
10300,6932,-40,6833.36,493.2,0,0,0,0,0,0,2082.808128
10350,6988,1120,6864.29,618.55,0,0,0,0,0,0,2092.235592
10400,7024,720,6896.23,638.85,0,0,0,0,0,0,2101.970904
10450,7016,-160,6920.18,479.08,0,0,0,0,0,0,2109.270864
10500,7026,200,6941.35,423.26,0,0,0,0,0,0,2115.72348
10550,7062,720,6965.48,482.61,0,0,0,0,0,0,2123.078304
10600,7072,200,6986.78,426.08,0,0,0,0,0,0,2129.570544
10650,7112,800,7011.83,500.87,0,0,0,0,0,0,2137.205784
10700,7134,440,7036.26,488.7,0,0,0,0,0,0,2144.652048
10750,7198,1280,7068.61,646.95,0,0,0,0,0,0,2154.512328
10800,7242,880,7103.29,693.56,0,0,0,0,0,0,2165.082792
10850,7234,-160,7129.43,522.85,0,0,0,0,0,0,2173.050264
10900,7286,1040,7160.74,626.28,0,0,0,0,0,0,2182.593552
10950,7298,240,7188.19,549.02,0,0,0,0,0,0,2190.960312
11000,7336,760,7217.76,591.22,0,0,0,0,0,0,2199.973248
11050,7332,-80,7240.6,456.98,0,0,0,0,0,0,2206.93488
11100,7374,840,7267.28,533.58,0,0,0,0,0,0,2215.066944
11150,7364,-200,7286.63,386.87,0,0,0,0,0,0,2220.964824
11200,7394,600,7308.1,429.49,0,0,0,0,0,0,2227.50888
11250,7448,1080,7336.08,559.59,0,0,0,0,0,0,2236.037184
11300,7480,640,7364.86,575.67,0,0,0,0,0,0,2244.809328
11350,7488,160,7389.49,492.54,0,0,0,0,0,0,2252.316552
11400,7468,-400,7405.19,314.03,0,0,0,0,0,0,2257.101912
11450,7536,1360,7431.35,523.22,0,0,0,0,0,0,2265.07548
11500,7594,1160,7463.88,650.59,0,0,0,0,0,0,2274.990624
11550,7604,200,7491.91,560.47,0,0,0,0,0,0,2283.534168
11600,7642,760,7521.93,600.37,0,0,0,0,0,0,2292.684264
11650,7618,-480,7541.14,384.3,0,0,0,0,0,0,2298.539472
11700,7654,720,7563.71,451.44,0,0,0,0,0,0,2305.418808
11750,7636,-360,7578.17,289.15,0,0,0,0,0,0,2309.826216
11800,7722,1720,7606.94,575.32,0,0,0,0,0,0,2318.595312
11850,7726,80,7630.75,476.26,0,0,0,0,0,0,2325.8526
11900,7758,640,7656.2,509,0,0,0,0,0,0,2333.60976
11950,7790,640,7682.96,535.21,0,0,0,0,0,0,2341.766208
12000,7796,120,7705.57,452.16,0,0,0,0,0,0,2348.657736
12050,7852,1120,7734.85,585.73,0,0,0,0,0,0,2357.58228
12100,7830,-440,7753.88,380.59,0,0,0,0,0,0,2363.382624
12150,7886,1120,7780.31,528.47,0,0,0,0,0,0,2371.438488
12200,7892,120,7802.65,446.78,0,0,0,0,0,0,2378.24772
12250,7908,320,7823.72,421.42,0,0,0,0,0,0,2384.669856
12300,7936,560,7846.17,449.13,0,0,0,0,0,0,2391.512616
12350,7942,120,7865.34,383.31,0,0,0,0,0,0,2397.355632
12400,7958,320,7883.87,370.64,0,0,0,0,0,0,2403.003576
12450,7968,200,7900.7,336.51,0,0,0,0,0,0,2408.13336
12500,8018,1000,7924.16,469.22,0,0,0,0,0,0,2415.283968
12550,7998,-400,7938.93,295.37,0,0,0,0,0,0,2419.785864
12600,8054,1120,7961.94,460.29,0,0,0,0,0,0,2426.799312
12650,8110,1120,7991.55,592.24,0,0,0,0,0,0,2435.82444
12700,8134,480,8020.04,569.79,0,0,0,0,0,0,2444.508192
12750,8140,120,8044.03,479.83,0,0,0,0,0,0,2451.820344
12800,8206,1320,8076.43,647.86,0,0,0,0,0,0,2461.695864
12850,8150,-1120,8091.14,294.3,0,0,0,0,0,0,2466.179472
12900,8164,280,8105.71,291.44,0,0,0,0,0,0,2470.620408
12950,8176,240,8119.77,281.14,0,0,0,0,0,0,2474.905896
13000,8236,1200,8143.02,464.92,0,0,0,0,0,0,2481.992496
13050,8240,80,8162.41,387.93,0,0,0,0,0,0,2487.902568
13100,8252,240,8180.33,358.35,0,0,0,0,0,0,2493.364584
13150,8258,120,8195.86,310.67,0,0,0,0,0,0,2498.098128
13200,8310,1040,8218.69,456.54,0,0,0,0,0,0,2505.056712
13250,8338,560,8242.55,477.23,0,0,0,0,0,0,2512.32924
13300,8354,320,8264.84,445.78,0,0,0,0,0,0,2519.123232
13350,8340,-280,8279.87,300.63,0,0,0,0,0,0,2523.704376
13400,8398,1160,8303.5,472.5,0,0,0,0,0,0,2530.9068
13450,8384,-280,8319.6,322.01,0,0,0,0,0,0,2535.81408
13500,8392,160,8334.08,289.61,0,0,0,0,0,0,2540.227584
13550,8442,1000,8355.66,431.68,0,0,0,0,0,0,2546.805168
13600,8434,-160,8371.33,313.34,0,0,0,0,0,0,2551.581384
13650,8426,-160,8382.26,218.67,0,0,0,0,0,0,2554.912848
13700,8498,1440,8405.41,462.95,0,0,0,0,0,0,2561.968968
13750,8548,1000,8433.93,570.35,0,0,0,0,0,0,2570.661864
13800,8530,-360,8453.14,384.28,0,0,0,0,0,0,2576.517072
13850,8508,-440,8464.11,219.43,0,0,0,0,0,0,2579.860728
13900,8542,680,8479.69,311.54,0,0,0,0,0,0,2584.609512
13950,8550,160,8493.75,281.23,0,0,0,0,0,0,2588.895
14000,8604,1080,8515.8,441,0,0,0,0,0,0,2595.61584
14050,8614,200,8535.44,392.79,0,0,0,0,0,0,2601.602112
14100,8624,200,8553.15,354.24,0,0,0,0,0,0,2607.00012
14150,8646,440,8571.72,371.39,0,0,0,0,0,0,2612.660256
14200,8654,160,8588.18,329.1,0,0,0,0,0,0,2617.677264
14250,8664,200,8603.34,303.28,0,0,0,0,0,0,2622.298032
14300,8716,1040,8625.87,450.63,0,0,0,0,0,0,2629.165176
14350,8764,960,8653.5,552.5,0,0,0,0,0,0,2637.5868
14400,8714,-1000,8665.6,242.01,0,0,0,0,0,0,2641.27488
14450,8762,960,8684.88,385.61,0,0,0,0,0,0,2647.151424
14500,8780,360,8703.9,380.49,0,0,0,0,0,0,2652.94872
14550,8758,-440,8714.72,216.39,0,0,0,0,0,0,2656.246656
14600,8828,1400,8737.38,453.11,0,0,0,0,0,0,2663.153424
14650,8774,-1080,8744.7,146.48,0,0,0,0,0,0,2665.38456
14700,8822,960,8760.16,309.18,0,0,0,0,0,0,2670.096768
14750,8856,680,8779.33,383.36,0,0,0,0,0,0,2675.939784
14800,8894,760,8802.26,458.67,0,0,0,0,0,0,2682.928848
14850,8950,1120,8831.81,590.94,0,0,0,0,0,0,2691.935688
14900,8950,0,8855.45,472.75,0,0,0,0,0,0,2699.14116
14950,8976,520,8879.56,482.21,0,0,0,0,0,0,2706.489888
15000,8972,-80,8898.05,369.77,0,0,0,0,0,0,2712.12564
15050,8942,-600,8906.84,175.82,0,0,0,0,0,0,2714.804832
15100,8968,520,8919.07,244.65,0,0,0,0,0,0,2718.532536
15150,9008,800,8936.86,355.72,0,0,0,0,0,0,2723.954928
15200,9002,-120,8949.88,260.57,0,0,0,0,0,0,2727.923424
15250,9016,280,8963.11,264.45,0,0,0,0,0,0,2731.955928
15300,9018,40,8974.09,219.57,0,0,0,0,0,0,2735.302632
15350,9062,880,8991.67,351.66,0,0,0,0,0,0,2740.661016
15400,9040,-440,9001.33,193.32,0,0,0,0,0,0,2743.605384
15450,9036,-80,9008.27,138.65,0,0,0,0,0,0,2745.720696
15500,9030,-120,9012.61,86.93,0,0,0,0,0,0,2747.043528
15550,9116,1720,9033.29,413.54,0,0,0,0,0,0,2753.346792
15600,9160,880,9058.63,506.84,0,0,0,0,0,0,2761.070424
15650,9108,-1040,9068.51,197.46,0,0,0,0,0,0,2764.081848
15700,9142,680,9083.2,293.98,0,0,0,0,0,0,2768.55936
15750,9146,80,9095.76,251.17,0,0,0,0,0,0,2772.387648
15800,9194,960,9115.41,392.95,0,0,0,0,0,0,2778.376968
15850,9206,240,9133.53,362.36,0,0,0,0,0,0,2783.899944
15900,9234,560,9153.62,401.88,0,0,0,0,0,0,2790.023376
15950,9178,-1120,9158.5,97.5,0,0,0,0,0,0,2791.5108
16000,9214,720,9169.6,222.01,0,0,0,0,0,0,2794.89408
16050,9288,1480,9193.28,473.61,0,0,0,0,0,0,2802.111744
16100,9252,-720,9205.02,234.88,0,0,0,0,0,0,2805.690096
16150,9264,240,9216.82,235.9,0,0,0,0,0,0,2809.286736
16200,9276,240,9228.65,236.72,0,0,0,0,0,0,2812.89252
16250,9310,680,9244.92,325.39,0,0,0,0,0,0,2817.851616
16300,9342,640,9264.34,388.3,0,0,0,0,0,0,2823.770832
16350,9324,-360,9276.27,238.65,0,0,0,0,0,0,2827.407096
16400,9304,-400,9281.82,110.92,0,0,0,0,0,0,2829.098736
16450,9368,1280,9299.05,344.73,0,0,0,0,0,0,2834.35044
16500,9306,-1240,9300.44,27.79,0,0,0,0,0,0,2834.774112
16550,9426,2400,9325.55,502.23,0,0,0,0,0,0,2842.42764
16600,9480,1080,9356.44,617.77,0,0,0,0,0,0,2851.842912
16650,9468,-240,9378.75,446.23,0,0,0,0,0,0,2858.643
16700,9450,-360,9393,284.98,0,0,0,0,0,0,2862.9864
16750,9450,0,9404.4,227.99,0,0,0,0,0,0,2866.46112
16800,9448,-40,9413.12,174.39,0,0,0,0,0,0,2869.118976
16850,9442,-120,9418.9,115.51,0,0,0,0,0,0,2870.88072
16900,9518,1520,9438.72,396.41,0,0,0,0,0,0,2876.921856
16950,9470,-960,9444.97,125.12,0,0,0,0,0,0,2878.826856
17000,9514,880,9458.78,276.09,0,0,0,0,0,0,2883.036144
17050,9488,-520,9464.62,116.87,0,0,0,0,0,0,2884.816176
17100,9496,160,9470.9,125.51,0,0,0,0,0,0,2886.73032
17150,9536,800,9483.92,260.41,0,0,0,0,0,0,2890.698816
17200,9526,-200,9492.33,168.32,0,0,0,0,0,0,2893.262184
17250,9568,840,9507.47,302.66,0,0,0,0,0,0,2897.876856
17300,9588,400,9523.57,322.13,0,0,0,0,0,0,2902.784136
17350,9562,-520,9531.26,153.71,0,0,0,0,0,0,2905.128048
17400,9564,40,9537.81,130.96,0,0,0,0,0,0,2907.124488
17450,9638,1480,9557.85,400.76,0,0,0,0,0,0,2913.23268
17500,9622,-320,9570.68,256.62,0,0,0,0,0,0,2917.143264
17550,9632,200,9582.94,245.29,0,0,0,0,0,0,2920.880112
17600,9664,640,9599.15,324.24,0,0,0,0,0,0,2925.82092
17650,9618,-920,9602.92,75.39,0,0,0,0,0,0,2926.970016
17700,9648,600,9611.94,180.31,0,0,0,0,0,0,2929.719312
17750,9678,600,9625.15,264.24,0,0,0,0,0,0,2933.74572
17800,9678,0,9635.72,211.41,0,0,0,0,0,0,2936.967456
17850,9690,240,9646.58,217.11,0,0,0,0,0,0,2940.277584
17900,9698,160,9656.86,205.7,0,0,0,0,0,0,2943.410928
17950,9716,360,9668.69,236.56,0,0,0,0,0,0,2947.016712
18000,9726,200,9680.15,229.24,0,0,0,0,0,0,2950.50972
18050,9726,0,9689.32,183.4,0,0,0,0,0,0,2953.304736
18100,9766,800,9704.66,306.72,0,0,0,0,0,0,2957.980368
18150,9740,-520,9711.73,141.37,0,0,0,0,0,0,2960.135304
18200,9776,720,9724.58,257.09,0,0,0,0,0,0,2964.051984
18250,9774,-40,9734.46,197.68,0,0,0,0,0,0,2967.063408
18300,9762,-240,9739.97,110.14,0,0,0,0,0,0,2968.742856
18350,9774,240,9746.78,136.11,0,0,0,0,0,0,2970.818544
18400,9782,160,9753.82,140.9,0,0,0,0,0,0,2972.964336
18450,9832,1000,9769.46,312.71,0,0,0,0,0,0,2977.731408
18500,9850,360,9785.57,322.17,0,0,0,0,0,0,2982.641736
18550,9858,160,9800.05,289.75,0,0,0,0,0,0,2987.05524
18600,9914,1120,9822.84,455.78,0,0,0,0,0,0,2994.001632
18650,9860,-1080,9830.27,148.63,0,0,0,0,0,0,2996.266296
18700,9846,-280,9833.42,62.91,0,0,0,0,0,0,2997.226416
18750,9890,880,9844.74,226.33,0,0,0,0,0,0,3000.676752
18800,9864,-520,9848.59,77.05,0,0,0,0,0,0,3001.850232
18850,9868,80,9852.47,77.66,0,0,0,0,0,0,3003.032856
18900,9882,280,9858.38,118.12,0,0,0,0,0,0,3004.834224
18950,9886,80,9863.9,110.49,0,0,0,0,0,0,3006.51672
19000,9932,920,9877.52,272.4,0,0,0,0,0,0,3010.668096
19050,9918,-280,9885.62,161.91,0,0,0,0,0,0,3013.136976
19100,9914,-80,9891.29,113.54,0,0,0,0,0,0,3014.865192
19150,9940,520,9901.04,194.82,0,0,0,0,0,0,3017.836992
19200,9966,520,9914.03,259.86,0,0,0,0,0,0,3021.796344
19250,9986,400,9928.42,287.89,0,0,0,0,0,0,3026.182416
19300,9964,-440,9935.54,142.3,0,0,0,0,0,0,3028.352592
19350,9964,0,9941.23,113.85,0,0,0,0,0,0,3030.086904
19400,9962,-40,9945.38,83.09,0,0,0,0,0,0,3031.351824
19450,9990,560,9954.31,178.46,0,0,0,0,0,0,3034.073688
19500,9982,-160,9959.85,110.76,0,0,0,0,0,0,3035.76228
19550,10022,800,9972.28,248.61,0,0,0,0,0,0,3039.550944
19600,10032,200,9984.22,238.89,0,0,0,0,0,0,3043.190256
19650,10058,520,9998.98,295.12,0,0,0,0,0,0,3047.689104
19700,10040,-360,10007.18,164.1,0,0,0,0,0,0,3050.188464
19750,10048,160,10015.35,163.28,0,0,0,0,0,0,3052.67868
19800,10048,0,10021.88,130.63,0,0,0,0,0,0,3054.669024
19850,10088,800,10035.1,264.49,0,0,0,0,0,0,3058.69848
19900,10034,-1080,10034.88,-4.41,0,0,0,0,0,0,3058.631424
19950,10048,280,10037.5,52.48,0,0,0,0,0,0,3059.43
20000,10054,120,10040.8,65.98,0,0,0,0,0,0,3060.43584
20050,10064,200,10045.44,92.79,0,0,0,0,0,0,3061.850112
20100,10032,-640,10042.75,-53.77,0,0,0,0,0,0,3061.0302
20150,10058,520,10045.8,60.98,0,0,0,0,0,0,3061.95984
20200,10096,760,10055.84,200.78,0,0,0,0,0,0,3065.020032
20250,10066,-600,10057.87,40.63,0,0,0,0,0,0,3065.638776
20300,10114,960,10069.1,224.51,0,0,0,0,0,0,3069.06168
20350,10060,-1080,10067.28,-36.41,0,0,0,0,0,0,3068.506944
20400,10120,1200,10077.82,210.88,0,0,0,0,0,0,3071.719536
20450,10102,-360,10082.66,96.7,0,0,0,0,0,0,3073.194768
20500,10110,160,10088.13,109.37,0,0,0,0,0,0,3074.862024
20550,10140,600,10098.5,207.5,0,0,0,0,0,0,3078.0228
20600,10178,760,10114.4,317.99,0,0,0,0,0,0,3082.86912
20650,10178,0,10127.12,254.39,0,0,0,0,0,0,3086.746176
20700,10106,-1440,10122.9,-84.49,0,0,0,0,0,0,3085.45992
20750,10134,560,10125.12,44.41,0,0,0,0,0,0,3086.136576
20800,10128,-120,10125.69,11.52,0,0,0,0,0,0,3086.310312
20850,10164,720,10133.35,153.22,0,0,0,0,0,0,3088.64508
20900,10168,80,10140.28,138.57,0,0,0,0,0,0,3090.757344
20950,10178,200,10147.83,150.86,0,0,0,0,0,0,3093.058584
21000,10166,-240,10151.46,72.7,0,0,0,0,0,0,3094.165008
21050,10174,160,10155.97,90.16,0,0,0,0,0,0,3095.539656
21100,10130,-880,10150.78,-103.87,0,0,0,0,0,0,3093.957744
21150,10164,680,10153.42,52.89,0,0,0,0,0,0,3094.762416
21200,10200,720,10162.74,186.33,0,0,0,0,0,0,3097.603152
21250,10156,-880,10161.39,-26.95,0,0,0,0,0,0,3097.191672
21300,10196,800,10168.31,138.44,0,0,0,0,0,0,3099.300888
21350,10268,1440,10188.25,398.75,0,0,0,0,0,0,3105.3786
21400,10218,-1000,10194.2,119,0,0,0,0,0,0,3107.19216
21450,10258,800,10206.96,255.21,0,0,0,0,0,0,3111.081408
21500,10292,680,10223.97,340.16,0,0,0,0,0,0,3116.266056
21550,10198,-1880,10218.77,-103.87,0,0,0,0,0,0,3114.681096
21600,10300,2040,10235.02,324.9,0,0,0,0,0,0,3119.634096
21650,10218,-1640,10231.62,-68.07,0,0,0,0,0,0,3118.597776
21700,10228,200,10230.89,-14.45,0,0,0,0,0,0,3118.375272
21750,10208,-400,10226.31,-91.56,0,0,0,0,0,0,3116.979288
21800,10224,320,10225.85,-9.26,0,0,0,0,0,0,3116.83908
21850,10200,-480,10220.68,-103.4,0,0,0,0,0,0,3115.263264
21900,10220,400,10220.54,-2.73,0,0,0,0,0,0,3115.220592
21950,10250,600,10226.44,117.81,0,0,0,0,0,0,3117.018912
22000,10290,800,10239.15,254.26,0,0,0,0,0,0,3120.89292
22050,10262,-560,10243.72,91.41,0,0,0,0,0,0,3122.285856
22100,10254,-160,10245.78,41.13,0,0,0,0,0,0,3122.913744
22150,10278,480,10252.22,128.91,0,0,0,0,0,0,3124.876656
22200,10286,160,10258.98,135.12,0,0,0,0,0,0,3126.937104
22250,10252,-680,10257.58,-27.91,0,0,0,0,0,0,3126.510384
22300,10284,640,10262.87,105.68,0,0,0,0,0,0,3128.122776
22350,10288,80,10267.89,100.55,0,0,0,0,0,0,3129.652872
22400,10278,-200,10269.91,40.43,0,0,0,0,0,0,3130.268568
22450,10300,440,10275.93,120.35,0,0,0,0,0,0,3132.103464
22500,10284,-320,10277.54,32.27,0,0,0,0,0,0,3132.594192
22550,10298,280,10281.64,81.82,0,0,0,0,0,0,3133.843872
22600,10350,1040,10295.31,273.46,0,10350,0,0,0,0,3138.010488
22650,10268,-1640,10289.85,-109.24,0,0,0,0,0,0,3136.34628
22700,10262,-120,10284.28,-111.39,0,0,0,0,0,0,3134.648544
22750,10250,-240,10277.42,-137.11,0,0,0,0,0,0,3132.557616
22800,10290,800,10279.94,50.31,0,0,0,0,0,0,3133.325712
22850,10282,-160,10280.35,8.24,0,0,0,0,0,0,3133.45068
22900,10288,120,10281.88,30.61,0,0,0,0,0,0,3133.917024
22950,10298,200,10285.1,64.47,0,0,0,0,0,0,3134.89848
23000,10278,-400,10283.68,-28.42,0,0,0,0,0,0,3134.465664
23050,10334,1120,10293.75,201.27,0,0,0,0,0,0,3137.535
23100,10330,-80,10301,145.02,0,0,0,0,0,0,3139.7448
23150,10244,-1720,10289.6,-227.99,0,0,0,0,0,0,3136.27008
23200,10332,1760,10298.08,169.61,0,0,0,0,0,0,3138.854784
23250,10334,40,10305.26,143.69,0,0,0,0,0,0,3141.043248
23300,10322,-240,10308.61,66.95,0,0,0,0,0,0,3142.064328
23350,10382,1200,10323.29,293.55,0,0,0,0,0,0,3146.538792
23400,10354,-560,10329.43,122.85,0,0,0,0,0,0,3148.410264
23450,10334,-400,10330.34,18.28,0,0,0,0,0,0,3148.687632
23500,10310,-480,10326.28,-81.39,0,0,0,0,0,0,3147.450144
23550,10330,400,10327.02,14.9,0,0,0,0,0,0,3147.675696
23600,10280,-1000,10317.62,-188.09,0,0,0,0,0,0,3144.810576
23650,10330,1000,10320.09,49.53,0,0,0,0,0,0,3145.563432
23700,10328,-40,10321.67,31.62,0,0,0,0,0,0,3146.045016
23750,10308,-400,10318.94,-54.69,0,0,0,0,0,0,3145.212912
23800,10302,-120,10315.55,-67.75,0,0,0,0,0,0,3144.17964
23850,10300,-40,10312.44,-62.21,0,0,0,0,0,0,3143.231712
23900,10296,-80,10309.15,-65.76,0,0,0,0,0,0,3142.22892
23950,10324,560,10312.12,59.39,0,0,0,0,0,0,3143.134176
24000,10346,440,10318.9,135.51,0,0,0,0,0,0,3145.20072
24050,10306,-800,10316.32,-51.6,0,0,0,0,0,0,3144.414336
24100,10318,240,10316.65,6.72,0,0,0,0,0,0,3144.51492
24150,10372,1080,10327.72,221.39,0,0,0,0,0,0,3147.889056
24200,10306,-1320,10323.38,-86.89,0,0,0,0,0,0,3146.566224
24250,10304,-40,10319.5,-77.52,0,0,0,0,0,0,3145.3836
24300,10410,2120,10337.6,361.99,0,0,0,0,0,0,3150.90048
24350,10434,480,10356.88,385.59,0,0,10434,0,0,0,3156.777024
24400,10404,-600,10366.31,188.48,0,0,0,0,0,0,3159.651288
24450,10326,-1560,10358.24,-161.23,0,0,0,0,0,0,3157.191552
24500,10392,1320,10365,135.02,0,0,0,0,0,0,3159.252
24550,10406,280,10373.2,164.02,0,0,0,0,0,0,3161.75136
24600,10368,-760,10372.16,-20.78,0,0,0,0,0,0,3161.434368
24650,10352,-320,10368.13,-80.62,0,0,0,0,0,0,3160.206024
24700,10374,440,10369.3,23.5,0,0,0,0,0,0,3160.56264
24750,10328,-920,10361.04,-165.2,0,0,0,0,0,0,3158.044992
24800,10298,-600,10348.43,-252.17,0,0,0,0,0,0,3154.201464
24850,10300,40,10338.75,-193.73,0,0,0,0,0,0,3151.251
24900,10322,440,10335.4,-66.99,0,0,0,0,0,0,3150.22992
24950,10306,-320,10329.52,-117.58,0,0,0,0,0,0,3148.437696
25000,10294,-240,10322.41,-142.07,0,0,0,0,0,0,3146.270568
25050,10310,320,10319.93,-49.65,0,0,0,0,0,0,3145.514664
25100,10338,560,10323.54,72.27,0,0,0,0,0,0,3146.614992
25150,10322,-320,10323.24,-6.17,0,0,0,0,0,0,3146.523552
25200,10330,160,10324.59,27.05,0,0,0,0,0,0,3146.935032
25250,10306,-480,10320.87,-74.36,0,0,0,0,0,0,3145.801176
25300,10392,1720,10335.1,284.51,0,0,0,0,0,0,3150.13848
25350,10300,-184,10328.08,-14.04,0,0,0,10300,0,0,3147.998784
25850,10318,36,10326.06,-4.03,0,0,0,0,0,0,3147.383088
26350,10296,-44,10320.05,-12.03,0,0,0,0,10296,0,3145.55124
26850,10242,-108,10304.44,-31.22,0,0,0,0,0,0,3140.793312
27350,10328,172,10309.15,9.42,0,0,0,0,0,0,3142.22892
27850,10148,-360,10276.92,-64.46,0,0,0,0,0,0,3132.405216
28350,10170,44,10255.54,-42.77,0,0,0,0,0,0,3125.888592
28850,10070,-200,10218.43,-74.21,0,0,0,0,0,0,3114.577464
29350,10012,-116,10177.14,-82.57,0,0,0,0,0,0,3101.992272
29850,9912,-200,10124.12,-106.06,0,0,0,0,0,0,3085.831776
30350,9882,-60,10075.69,-96.85,0,0,0,0,0,0,3071.070312
30850,9708,-348,10002.15,-147.08,0,0,0,0,0,0,3048.65532
31350,9646,-124,9930.92,-142.46,0,0,0,0,0,0,3026.944416
31850,9584,-124,9861.54,-138.77,0,0,0,0,0,0,3005.797392
32350,8710,-1748,9631.23,-460.62,0,0,0,0,0,0,2935.598904
32850,9492,1564,9603.38,-55.69,0,0,0,0,0,0,2927.110224
33350,9468,-48,9576.31,-54.15,0,0,0,0,0,0,2918.859288
33850,9290,-356,9519.05,-114.52,0,0,0,0,0,0,2901.40644
34350,9224,-132,9460.04,-118.02,0,0,0,0,0,0,2883.420192
34850,9182,-84,9404.43,-111.21,0,0,0,0,0,0,2866.470264
35350,9174,-16,9358.34,-92.17,0,0,0,0,0,0,2852.422032
35850,9126,-96,9311.87,-92.94,0,0,0,0,0,0,2838.257976
36350,9086,-80,9266.7,-90.35,0,0,0,0,0,0,2824.49016
36850,9068,-36,9226.96,-79.48,0,0,0,0,0,0,2812.377408
37350,9010,-116,9183.57,-86.78,0,0,0,0,0,0,2799.152136
37850,8984,-52,9143.65,-79.83,0,0,0,0,0,0,2786.98452
38350,8914,-140,9097.72,-91.86,0,0,0,0,0,0,2772.985056
38850,8892,-44,9056.58,-82.29,0,0,0,0,0,0,2760.445584
39350,8860,-64,9017.26,-78.63,0,0,0,0,0,0,2748.460848
39850,8774,-172,8968.61,-97.3,0,0,0,0,0,0,2733.632328
40350,8742,-64,8923.29,-90.64,0,0,0,0,0,0,2719.818792
40850,8710,-64,8880.63,-85.32,0,0,0,0,0,0,2706.816024
41350,8714,8,8847.3,-66.65,0,0,0,0,0,0,2696.65704
41850,8622,-184,8802.24,-90.12,0,0,0,0,0,0,2682.922752
42350,8654,64,8772.6,-59.3,0,0,0,0,0,0,2673.88848
42850,8658,8,8749.68,-45.84,0,0,0,0,0,0,2666.902464
43350,8630,-56,8725.74,-47.87,0,0,0,0,0,0,2659.605552
43850,8534,-192,8687.39,-76.7,0,0,0,0,0,0,2647.916472
44350,8496,-76,8649.11,-76.56,0,0,0,0,0,0,2636.248728
44850,8442,-108,8607.69,-82.85,0,0,0,0,0,0,2623.623912
45350,8456,28,8577.35,-60.68,0,0,0,0,0,0,2614.37628
45850,8368,-176,8535.48,-83.74,0,0,0,0,0,0,2601.614304
46350,8338,-60,8495.99,-78.99,0,0,0,0,0,0,2589.577752
46850,8282,-112,8453.19,-85.59,0,0,0,0,0,0,2576.532312
47350,8298,32,8422.15,-62.08,0,0,0,0,0,0,2567.07132
47850,8178,-240,8373.32,-97.66,0,0,0,0,0,0,2552.187936
48350,8254,152,8349.46,-47.73,0,0,0,0,0,0,2544.915408
48850,8108,-292,8301.17,-96.58,0,0,0,0,0,0,2530.196616
49350,8096,-24,8260.13,-82.07,0,0,0,0,0,0,2517.687624
49850,8064,-64,8220.91,-78.45,0,0,0,0,0,0,2505.733368
50350,8036,-56,8183.92,-73.96,0,0,0,0,0,0,2494.458816
50850,7978,-116,8142.74,-82.37,0,0,0,0,0,0,2481.907152
51350,7972,-12,8108.59,-68.3,0,0,0,0,0,0,2471.498232
51850,7916,-112,8070.07,-77.04,0,0,0,0,0,0,2459.757336
52350,7910,-12,8038.06,-64.03,0,0,0,0,0,0,2450.000688
52850,7916,12,8013.65,-48.82,0,0,0,0,0,0,2442.56052
53350,7786,-260,7968.12,-91.06,0,0,0,0,0,0,2428.682976
53850,7804,36,7935.29,-65.65,0,0,0,0,0,0,2418.676392
54350,7708,-192,7889.83,-90.92,0,0,0,0,0,0,2404.820184
54850,7760,104,7863.87,-51.93,0,0,0,0,0,0,2396.907576
55350,7704,-112,7831.89,-63.95,0,0,0,0,0,0,2387.160072
55850,7694,-20,7804.32,-55.16,0,0,0,0,0,0,2378.756736
56350,7664,-60,7776.25,-56.13,0,0,0,0,0,0,2370.201
56850,7594,-140,7739.8,-72.9,0,0,0,0,0,0,2359.09104
57350,7570,-48,7705.84,-67.92,0,0,0,0,0,0,2348.740032
57850,7492,-156,7663.07,-85.54,0,0,0,0,0,0,2335.703736
58350,7448,-88,7620.06,-86.03,0,0,0,0,0,0,2322.594288
58850,7420,-56,7580.05,-80.02,0,0,0,0,0,0,2310.39924
59350,7430,20,7550.04,-60.02,0,0,0,0,0,0,2301.252192
59850,7352,-156,7510.43,-79.21,0,0,0,0,0,0,2289.179064
60350,7316,-72,7471.54,-77.77,0,0,0,0,0,0,2277.325392
60850,7250,-132,7427.24,-88.62,0,0,0,0,0,0,2263.822752
61350,7234,-32,7388.59,-77.29,0,0,0,0,0,0,2252.042232
61850,7196,-76,7350.07,-77.04,0,0,0,0,0,0,2240.301336
62350,7214,36,7322.86,-54.43,0,0,0,0,0,0,2232.007728
62850,7092,-244,7276.68,-92.34,0,0,0,0,0,0,2217.932064
63350,7090,-4,7239.35,-74.67,0,0,0,0,0,0,2206.55388
63850,7130,80,7217.48,-43.74,0,0,0,0,0,0,2199.887904
64350,6996,-268,7173.18,-88.59,0,0,0,0,0,0,2186.385264
64850,7012,32,7140.95,-64.47,0,0,0,0,0,0,2176.56156
65350,6974,-76,7107.56,-66.78,0,0,0,0,0,0,2166.384288
65850,6960,-28,7078.05,-59.02,0,0,0,0,0,0,2157.38964
66350,6918,-84,7046.04,-64.02,0,0,0,0,0,0,2147.632992
66850,6874,-88,7011.63,-68.81,0,0,0,0,0,0,2137.144824
67350,6864,-20,6982.1,-59.05,0,0,0,0,0,0,2128.14408
67850,6788,-152,6943.28,-77.64,0,0,0,0,0,0,2116.311744
68350,6722,-132,6899.03,-88.51,0,0,0,0,0,0,2102.824344
68850,6716,-12,6862.42,-73.21,0,0,0,0,0,0,2091.665616
69350,6690,-52,6827.94,-68.97,0,0,0,0,0,0,2081.156112
69850,6618,-144,6785.95,-83.97,0,0,0,0,0,0,2068.35756
70350,6616,-4,6751.96,-67.98,0,0,0,0,0,0,2057.997408
70850,6572,-88,6715.97,-71.98,0,0,0,0,0,0,2047.027656
71350,6536,-72,6679.97,-71.99,0,0,0,0,0,0,2036.054856
71850,6500,-72,6643.98,-71.99,0,0,0,0,0,0,2025.085104
72350,6448,-104,6604.78,-78.39,0,0,0,0,0,0,2013.136944
72850,6400,-96,6563.83,-81.91,0,0,0,0,0,0,2000.655384
73350,6344,-112,6519.86,-87.93,0,0,0,0,0,0,1987.253328
73850,6340,-8,6483.89,-71.94,0,0,0,0,0,0,1976.289672
74350,6322,-36,6451.51,-64.76,0,0,0,0,0,0,1966.420248
74850,6290,-64,6419.21,-64.6,0,0,0,0,0,0,1956.575208
75350,6250,-80,6385.37,-67.68,0,0,0,0,0,0,1946.260776
75850,6232,-36,6354.69,-61.35,0,0,0,0,0,0,1936.909512
76350,6170,-124,6317.76,-73.88,0,0,0,0,0,0,1925.653248
76850,6126,-88,6279.4,-76.7,0,0,0,0,0,0,1913.96112
77350,6114,-24,6246.32,-66.16,0,0,0,0,0,0,1903.878336
77850,6008,-212,6198.66,-95.33,0,0,0,0,0,0,1889.351568
78350,6062,108,6171.33,-54.66,0,0,0,0,0,0,1881.021384
78850,5932,-260,6123.46,-95.73,0,0,0,0,0,0,1866.430608
79350,5948,32,6088.37,-70.18,0,0,0,0,0,0,1855.735176
79850,5966,36,6063.9,-48.95,0,0,0,0,0,0,1848.27672
80350,5868,-196,6024.72,-78.36,0,0,0,0,0,0,1836.334656
80850,5866,-4,5992.97,-63.49,0,0,0,0,0,0,1826.657256
81350,5816,-100,5957.58,-70.79,0,0,0,0,0,0,1815.870384
81850,5790,-52,5924.06,-67.03,0,0,0,0,0,0,1805.653488
82350,5784,-12,5896.05,-56.03,0,0,0,0,0,0,1797.11604
82850,5698,-172,5856.44,-79.22,0,0,0,0,0,0,1785.042912
83350,5682,-32,5821.55,-69.78,0,0,0,0,0,0,1774.40844
83850,5620,-124,5781.24,-80.62,0,0,0,0,0,0,1762.121952
84350,5616,-8,5748.19,-66.1,0,0,0,0,0,0,1752.048312
84850,5548,-136,5708.15,-80.08,0,0,0,0,0,0,1739.84412
85350,5536,-24,5673.72,-68.86,0,0,0,0,0,0,1729.349856
85850,5482,-108,5635.38,-76.69,0,0,0,0,0,0,1717.663824
86350,5454,-56,5599.1,-72.55,0,0,0,0,0,0,1706.60568
86850,5434,-40,5566.08,-66.04,0,0,0,0,0,0,1696.541184
87350,5358,-152,5524.47,-83.23,0,0,0,0,0,0,1683.858456
87850,5332,-52,5485.97,-76.99,0,0,0,0,0,0,1672.123656
88350,5296,-72,5447.98,-75.99,0,0,0,0,0,0,1660.544304
88850,5274,-44,5413.18,-69.59,0,0,0,0,0,0,1649.937264
89350,5290,32,5388.55,-49.27,0,0,0,0,0,0,1642.43004
89850,5186,-208,5348.04,-81.02,0,0,0,0,0,0,1630.082592
90350,5208,44,5320.03,-56.01,0,0,0,0,0,0,1621.545144
90850,5148,-120,5285.62,-68.81,0,0,0,0,0,0,1611.056976
91350,5066,-164,5241.7,-87.85,0,0,0,0,0,0,1597.67016
91850,5078,24,5208.96,-65.48,0,0,0,0,0,0,1587.691008
92350,5068,-20,5180.77,-56.38,0,0,0,0,0,0,1579.098696
92850,4970,-196,5138.61,-84.31,0,0,0,0,0,0,1566.248328
93350,4978,16,5106.49,-64.25,0,0,0,0,0,0,1556.458152
93850,4924,-108,5069.99,-73,0,0,0,0,0,0,1545.332952
94350,4866,-116,5029.19,-81.6,0,0,0,0,0,0,1532.897112
94850,4888,44,5000.96,-56.48,0,0,0,0,0,0,1524.292608
95350,4826,-124,4965.96,-69.98,0,0,0,0,0,0,1513.624608
95850,4754,-144,4923.57,-84.79,0,0,0,0,0,0,1500.704136
96350,4768,28,4892.46,-62.23,0,0,0,0,0,0,1491.221808
96850,4690,-156,4851.97,-80.98,0,0,0,0,0,0,1478.880456
97350,4696,12,4820.77,-62.39,0,0,0,0,0,0,1469.370696
97850,4660,-72,4788.62,-64.31,0,0,0,0,0,0,1459.571376
98350,4636,-48,4758.09,-61.05,0,0,0,0,0,0,1450.265832
98850,4562,-148,4718.88,-78.44,0,0,0,0,0,0,1438.314624
99350,4552,-20,4685.5,-66.75,0,0,0,0,0,0,1428.1404
99850,4528,-48,4654,-63,0,0,0,0,0,0,1418.5392
100350,4564,72,4636,-36,0,0,0,0,0,0,1413.0528
100850,4412,-304,4591.2,-89.6,0,0,0,0,0,0,1399.39776
101350,4404,-16,4553.76,-74.88,0,0,0,0,0,0,1387.986048
101850,4418,28,4526.61,-54.3,0,0,0,0,0,0,1379.710728
102350,4378,-80,4496.89,-59.44,0,0,0,0,0,0,1370.652072
102850,4336,-84,4464.71,-64.35,0,0,0,0,0,0,1360.843608
103350,4304,-64,4432.57,-64.28,0,0,0,0,0,0,1351.047336
103850,4264,-80,4398.85,-67.43,0,0,0,0,0,0,1340.76948
104350,4238,-52,4366.68,-64.34,0,0,0,0,0,0,1330.964064
104850,4158,-160,4324.95,-83.47,0,0,0,0,0,0,1318.24476
105350,4134,-48,4286.76,-76.38,0,0,0,0,0,0,1306.604448
105850,4134,0,4256.21,-61.1,0,0,0,0,0,0,1297.292808
106350,4120,-28,4228.96,-54.48,0,0,0,0,0,0,1288.987008
106850,4024,-192,4187.97,-81.99,0,0,0,0,0,0,1276.493256
107350,3966,-116,4143.58,-88.79,0,0,0,0,0,0,1262.963184
107850,3996,60,4114.06,-59.03,0,0,0,0,0,0,1253.965488
108350,3926,-140,4076.45,-75.22,0,0,0,0,0,0,1242.50196
108850,3864,-124,4033.96,-84.98,0,0,0,0,0,0,1229.551008
109350,3854,-20,3997.97,-71.98,0,0,0,0,0,0,1218.581256
109850,3836,-36,3965.57,-64.79,0,0,0,0,0,0,1208.705736
110350,3764,-144,3925.26,-80.63,0,0,0,0,0,0,1196.419248
110850,3748,-32,3889.81,-70.9,0,0,0,0,0,0,1185.614088
111350,3698,-100,3851.45,-76.72,0,0,0,0,0,0,1173.92196
111850,3686,-24,3818.36,-66.18,0,0,0,0,0,0,1163.836128
112350,3602,-168,3775.09,-86.54,0,0,0,0,0,0,1150.647432
112850,3678,152,3755.67,-38.83,0,0,0,0,0,0,1144.728216
113350,3548,-260,3714.13,-83.07,0,0,0,0,0,0,1132.066824
113850,3582,68,3687.71,-52.85,0,0,0,0,0,0,1124.014008
114350,3514,-136,3652.97,-69.48,0,0,0,0,0,0,1113.425256
114850,3474,-80,3617.17,-71.59,0,0,0,0,0,0,1102.513416
115350,3444,-60,3582.54,-69.27,0,0,0,0,0,0,1091.958192
115850,3426,-36,3551.23,-62.62,0,0,0,0,0,0,1082.414904
116350,3370,-112,3514.98,-72.49,0,0,0,0,0,0,1071.365904
116850,3348,-44,3481.59,-66.79,0,0,0,0,0,0,1061.188632
117350,3312,-72,3447.67,-67.83,0,0,0,0,0,0,1050.849816
117850,3298,-28,3417.74,-59.87,0,0,0,0,0,0,1041.727152
118350,3248,-100,3383.79,-67.89,0,0,0,0,0,0,1031.379192
118850,3222,-52,3351.43,-64.72,0,0,0,0,0,0,1021.515864
119350,3180,-84,3317.14,-68.57,0,0,0,0,0,0,1011.064272
119850,3152,-56,3284.12,-66.06,0,0,0,0,0,0,1000.999776
120350,3152,0,3257.69,-52.85,0,0,0,0,0,0,992.943912
120850,3064,-176,3218.95,-77.48,0,0,0,0,0,0,981.13596
121350,3032,-64,3181.56,-74.78,0,0,0,0,0,0,969.739488
121850,3012,-40,3147.65,-67.83,0,0,0,0,0,0,959.40372
122350,2992,-40,3116.52,-62.26,0,0,0,0,0,0,949.915296
122850,2894,-196,3072.02,-89.01,0,0,0,0,0,0,936.351696
123350,2908,28,3039.21,-65.61,0,0,0,0,0,0,926.351208
123850,2850,-116,3001.37,-75.69,0,0,0,0,0,0,914.817576
124350,2814,-72,2963.9,-74.95,0,0,0,0,0,0,903.39672
124850,2768,-92,2924.72,-78.36,0,0,0,0,0,0,891.454656
125350,2766,-4,2892.97,-63.49,0,0,0,0,0,0,881.777256
125850,2712,-108,2856.78,-72.39,0,0,0,0,0,0,870.746544
126350,2702,-20,2825.82,-61.91,0,0,0,0,0,0,861.309936
126850,2660,-84,2792.66,-66.33,0,0,0,0,0,0,851.202768
127350,2630,-60,2760.13,-65.06,0,0,0,0,0,0,841.287624
127850,2540,-180,2716.1,-88.05,0,0,0,0,0,0,827.86728
128350,2518,-44,2676.48,-79.24,0,0,0,0,0,0,815.791104
128850,2572,108,2655.58,-41.79,0,0,0,0,0,0,809.420784
129350,2500,-144,2624.47,-62.23,0,0,0,0,0,0,799.938456
129850,2444,-112,2588.37,-72.19,0,0,0,0,0,0,788.935176
130350,2436,-16,2557.9,-60.95,0,0,0,0,0,0,779.64792
130850,2422,-28,2530.72,-54.36,0,0,0,0,0,0,771.363456
131350,2312,-220,2486.98,-87.49,0,0,0,0,0,0,758.031504
131850,2346,68,2458.78,-56.39,0,0,0,0,0,0,749.436144
132350,2288,-116,2424.62,-68.31,0,0,0,0,0,0,739.024176
132850,2300,24,2399.7,-49.85,0,0,0,0,0,0,731.42856
133350,2240,-120,2367.76,-63.88,0,0,0,0,0,0,721.693248
133850,2178,-124,2329.81,-75.9,0,0,0,0,0,0,710.126088
134350,2154,-48,2294.65,-70.32,0,0,0,0,0,0,699.40932
134850,2128,-52,2261.32,-66.66,0,0,0,0,0,0,689.250336
135350,2102,-52,2229.45,-63.73,0,0,0,0,0,0,679.53636
135850,2032,-140,2189.96,-78.98,0,0,0,0,0,0,667.499808
136350,2072,80,2166.37,-47.19,0,0,0,0,0,0,660.309576
136850,2006,-132,2134.3,-64.15,0,0,0,0,0,0,650.53464
137350,1952,-108,2097.84,-72.92,0,0,0,0,0,0,639.421632
137850,1948,-8,2067.87,-59.94,0,0,0,0,0,0,630.286776
138350,1888,-120,2031.9,-71.95,0,0,0,0,0,0,619.32312
138850,1866,-44,1998.72,-66.36,0,0,0,0,0,0,609.209856
139350,1842,-48,1967.37,-62.69,0,0,0,0,0,0,599.654376
139850,1784,-116,1930.7,-73.35,0,0,0,0,0,0,588.47736
140350,1716,-136,1887.76,-85.88,0,0,0,0,0,0,575.389248
140850,1742,52,1858.61,-58.3,0,0,0,0,0,0,566.504328
141350,1680,-124,1822.89,-71.44,0,0,0,0,0,0,555.616872
141850,1666,-28,1791.51,-62.75,0,0,0,0,0,0,546.052248
142350,1646,-40,1762.41,-58.2,0,0,0,0,0,0,537.182568
142850,1598,-96,1729.53,-65.76,0,0,0,0,0,0,527.160744
143350,1560,-76,1695.62,-67.81,0,0,0,0,0,0,516.824976
143850,1514,-92,1659.3,-72.65,0,0,0,0,0,1514,505.75464
144350,1436,-156,1614.64,-89.32,0,0,0,0,0,0,492.142272
144850,1436,0,1578.91,-71.45,0,0,0,0,0,0,481.251768
145350,1470,68,1557.13,-43.56,0,0,0,0,0,0,474.613224
145850,1416,-108,1528.9,-56.45,0,0,0,0,0,0,466.00872
146350,1354,-124,1493.92,-69.96,0,0,0,0,0,0,455.346816
146850,1310,-88,1457.14,-73.57,0,0,0,0,0,0,444.136272
147350,1280,-60,1421.71,-70.85,0,0,0,0,0,0,433.337208
147850,1248,-64,1386.97,-69.48,0,0,0,0,0,0,422.748456
148350,1270,44,1363.57,-46.79,0,0,0,0,0,0,415.616136
148850,1218,-104,1334.46,-58.23,0,0,0,0,0,0,406.743408
149350,1164,-108,1300.37,-68.18,0,0,0,0,0,0,396.352776
149850,1176,24,1275.49,-49.75,0,0,0,0,0,0,388.769352
150350,1086,-180,1237.6,-75.8,0,0,0,0,0,0,377.22048
150850,1076,-20,1205.28,-64.64,0,0,0,0,0,0,367.369344
151350,1028,-96,1169.82,-70.91,0,0,0,0,0,0,356.561136
151850,1036,16,1143.06,-53.53,0,0,0,0,0,0,348.404688
152350,992,-88,1112.85,-60.42,0,0,0,0,0,0,339.19668
152850,958,-68,1081.88,-61.94,0,0,0,0,0,0,329.757024
153350,862,-192,1037.9,-87.95,0,0,0,0,0,0,316.35192
153850,904,84,1011.12,-53.56,0,0,0,0,0,0,308.189376
154350,874,-60,983.7,-54.85,0,0,0,0,0,0,299.83176
154850,806,-136,948.16,-71.08,0,0,0,0,0,0,288.999168
155350,822,32,922.93,-50.46,0,0,0,0,0,0,281.309064
155850,752,-140,888.74,-68.37,0,0,0,0,0,0,270.887952
156350,714,-76,853.79,-69.9,0,0,0,0,0,0,260.235192
156850,670,-88,817.03,-73.52,0,0,0,0,0,0,249.030744
157350,642,-56,782.03,-70.01,0,0,0,0,0,0,238.362744
157850,628,-28,751.22,-61.61,0,0,0,0,0,0,228.971856
158350,588,-80,718.58,-65.29,0,0,0,0,0,0,219.023184
158850,524,-128,679.66,-77.83,0,0,0,0,0,0,207.160368
159350,488,-72,641.33,-76.66,0,0,0,0,0,0,195.477384
159850,474,-28,607.86,-66.93,0,0,0,0,0,0,185.275728
160350,438,-72,573.89,-67.95,0,0,0,0,0,0,174.921672
160850,408,-60,540.71,-66.36,0,0,0,0,0,0,164.808408
161350,374,-68,507.37,-66.69,0,0,0,0,0,0,154.646376
161850,346,-56,475.1,-64.55,0,0,0,0,0,0,144.81048
162350,296,-100,439.28,-71.64,0,0,0,0,0,0,133.892544
162850,276,-40,406.62,-65.31,0,0,0,0,0,0,123.937776
163350,242,-68,373.7,-65.85,0,0,0,0,0,0,113.90376
163850,276,68,354.16,-39.08,0,0,0,0,0,0,107.947968
164350,204,-144,324.13,-60.06,0,0,0,0,0,0,98.794824
164850,136,-136,286.5,-75.25,0,0,0,0,0,0,87.3252
165350,164,56,262,-49,0,0,0,0,0,0,79.8576
165850,118,-92,233.2,-57.6,0,0,0,0,0,0,71.07936
166350,52,-132,196.96,-72.48,0,0,0,0,0,0,60.033408
166850,10,-84,159.57,-74.78,0,0,0,0,0,0,48.636936
167350,-10,-40,125.65,-67.83,0,0,0,0,0,0,38.29812
