Time,Altitude,Pressure,Velocity,Temperature,Events,Voltages
0.00,-5.391191E-05,861.70,0,31.9, -,3.811746
0.05,-5.391191E-05,861.70,0,31.9, -,3.811746
0.10,-5.391191E-05,861.70,0,31.9, -,3.811746
0.15,-0.948495,861.80,-0.8998857,31.9, -,3.811746
0.20,-2.845689,862.00,-2.699657,31.9, -,3.811746
0.25,-7.586826,862.50,-7.2136,31.9, -,3.811746
0.30,-8.534554,862.60,-8.113485,31.9, -,3.811746
0.35,-8.534554,862.60,-8.113485,31.9, -,3.811746
0.40,-7.586826,862.50,-7.2136,31.9, -,3.811746
0.45,-2.845689,862.00,-2.699657,31.9, -,3.811746
0.50,-5.391191E-05,861.70,0.01451429,31.9, -,3.811746
0.55,1.897675,861.50,1.8288,31.9, -,3.811746
0.60,3.79576,861.30,3.643086,31.9, -,3.811746
0.65,7.592423,860.90,7.257143,31.9, -,3.811746
0.70,9.49158,860.70,9.071428,31.9, -,3.811746
0.75,11.39109,860.50,10.88571,31.9, -,3.811746
0.80,15.19119,860.10,14.49977,31.9, -,3.811746
0.85,20.89345,859.50,19.92811,31.9, -,3.811746
0.90,26.59893,858.90,25.35646,31.9, -,3.811746
0.95,33.25979,858.20,31.6992,31.9, -,3.811746
1.00,39.92505,857.50,38.04194,31.9, -,3.811746
1.05,48.50123,856.60,46.21349,31.9, -,3.811746
1.10,55.17599,855.90,52.57074,31.9, -,3.811746
1.15,62.8107,855.10,59.8424,31.9, -,3.811746
1.20,67.58505,854.60,65.28526,31.9, -,3.811746
1.25,69.49495,854.40,68.89931,31.9, -,3.811746
1.30,67.58505,854.60,71.59897,31.9, -,3.811746
1.35,68.53996,854.50,73.41325,31.9, -,3.811746
1.40,72.36165,854.10,77.05634,31.9, -,3.811746
1.45,78.09633,853.50,81.61382,31.9, -,3.811746
1.50,83.83427,852.90,82.57177,31.9, -,3.811746
1.55,89.57607,852.30,85.32948,31.9, -,3.811746
1.60,97.23632,851.50,90.81589,31.9, -,3.811746
1.65,109.6967,850.20,100.8743,31.9, -,3.811746
1.70,118.3325,849.30,105.4898,31.9, -,3.811746
1.75,125.0543,848.60,110.0763,31.9, -,3.811746
1.80,128.8969,848.20,111.9197,31.9, -,3.811746
1.85,132.7416,847.80,111.9632,31.9, -,3.811746
1.90,140.4347,847.00,113.8646,31.9, -,3.811746
1.95,152.9488,845.70,120.3525,31.9, -,3.811746
2.00,162.5856,844.70,123.1827,31.9, -,3.811746
2.05,171.2669,843.80,125.1131,31.9, -,3.811746
2.10,177.0583,843.20,122.457,31.9, -,3.811746
2.15,184.7854,842.40,123.4585,31.9, -,3.811746
2.20,193.4859,841.50,124.4745,31.9, -,3.811746
2.25,202.194,840.60,128.2192,31.9, -,3.811746
2.30,209.9405,839.80,133.7782,31.9, -,3.811746
2.35,215.7541,839.20,141.1224,31.9, -,3.811746
2.40,220.6016,838.70,144.8235,31.9, -,3.811746
2.45,227.3921,838.00,147.6538,31.9, -,3.811746
2.50,237.1007,837.00,151.442,31.9, -,3.811746
2.55,249.7357,835.70,158.0025,31.9, -,3.831194
2.60,262.3867,834.40,164.5775,31.9, -,3.831194
2.65,280.9057,832.50,174.9116,31.9, -,3.831194
2.70,295.55,831.00,176.9872,31.9, -,3.831194
2.75,310.2157,829.50,182.7203,31.9, -,3.831194
2.80,320.0047,828.50,185.6377,31.9, -,3.831194
2.85,329.8034,827.50,191.3128,31.9, -,3.831194
2.90,338.6306,826.60,196.059,31.9, -,3.831194
2.95,348.4475,825.60,198.0764,31.9, -,3.831194
3.00,359.257,824.50,196.4509,31.9, -,3.831194
3.05,372.047,823.20,199.4553,31.9, -,3.831194
3.10,383.868,822.00,202.4453,31.9, -,3.831194
3.15,397.6768,820.60,210.0798,31.9, -,3.831194
3.20,411.5042,819.20,215.8855,31.9, -,3.831194
3.25,425.3513,817.80,220.7913,31.9, -,3.831194
3.30,438.2262,816.50,224.7682,31.9, -,3.831194
3.35,451.1177,815.20,229.674,31.9, -,3.831194
3.40,464.0259,813.90,236.4377,31.9, -,3.831194
3.45,477.946,812.50,245.0737,31.9, -,3.831194
3.50,489.8929,811.30,249.9795,31.9, -,3.831194
3.55,503.8486,809.90,254.029,31.9, -,3.831194
3.60,517.8245,808.50,255.3063,31.9, -,3.831194
3.65,534.8214,806.80,259.4428,31.9, -,3.831194
3.70,550.8445,805.20,257.0625,31.9, -,3.831194
3.75,568.9016,803.40,260.3137,31.9, -,3.831194
3.80,581.9638,802.10,258.7897,31.9, -,3.831194
3.85,596.0491,800.70,262.8828,31.9, -,3.831194
3.90,607.1307,799.60,264.1019,31.9, -,3.831194
3.95,619.233,798.40,267.2225,31.9, -,3.831194
4.00,629.3299,797.40,267.4983,31.9, -,3.831194
4.05,641.4598,796.20,268.761,31.9, -,3.831194
4.10,652.5922,795.10,267.179,31.9, -,3.831194
4.15,665.7642,793.80,268.4562,31.9, -,3.831194
4.20,676.9232,792.70,265.9307,31.9, -,3.831194
4.25,690.1274,791.40,265.3356,31.9, -,3.831194
4.30,701.3145,790.30,262.7957,31.9, -,3.831194
4.35,714.5513,789.00,263.144,31.9, -,3.831194
4.40,726.7858,787.80,262.5199,31.9, -,3.831194
4.45,742.0999,786.30,264.8131,31.9, -,3.831194
4.50,755.3912,785.00,264.218,31.9, -,3.831194
4.55,771.7741,783.40,268.4417,31.9, -,3.811746
4.60,784.0795,782.20,266.8596,31.9, -,3.811746
4.65,799.4824,780.70,268.224,31.9, -,3.811746
4.70,813.8804,779.30,265.7566,31.9, -,3.811746
4.75,829.3298,777.80,265.2195,31.9, -,3.811746
4.80,842.7387,776.50,260.7927,31.9, -,3.811746
4.85,856.1658,775.20,261.141,31.9, -,3.811746
4.90,868.5765,774.00,259.5444,31.9, -,3.811746
4.95,882.0387,772.70,261.8087,31.9, -,3.811746
5.00,894.4819,771.50,262.128,31.9, -,3.811746
5.05,907.9794,770.20,265.3647,31.9, -,3.811746
5.10,919.4153,769.10,264.697,31.9, -,3.811746
5.15,932.947,767.80,266.9903,31.9, -,3.811746
5.20,944.4113,766.70,265.3647,31.9, -,3.811746
5.25,955.8895,765.60,265.6695,31.9, -,3.811746
5.30,966.3354,764.60,263.0424,31.9, -,3.811746
5.35,976.7925,763.60,262.3457,31.9, -,3.811746
5.40,985.166,762.80,257.7011,31.9, -,3.811746
5.45,995.643,761.80,256.0175,31.9, -,3.811746
5.50,1005.081,760.90,250.415,31.9, -,3.811746
5.55,1015.58,759.90,247.7588,31.9, -,3.811746
5.60,1023.987,759.10,240.1679,31.9, -,3.811746
5.65,1032.401,758.30,236.4667,31.9, -,3.811746
5.70,1040.821,757.50,229.8192,31.9, -,3.811746
5.75,1049.25,756.70,224.1296,31.9, -,3.811746
5.80,1057.685,755.90,217.4385,31.9, -,3.811746
5.85,1068.239,754.90,214.7243,31.9, -,3.811746
5.90,1077.748,754.00,210.9942,31.9, -,3.811746
5.95,1092.558,752.60,213.2874,31.9, -,3.811746
6.00,1105.269,751.40,212.5762,31.9, -,3.811746
6.05,1120.12,750.00,214.8695,31.9, -,3.811746
6.10,1132.868,748.80,214.1438,31.9, -,3.811746
6.15,1147.76,747.40,217.4385,31.9, -,3.811746
6.20,1158.412,746.40,214.6953,31.9, -,3.811746
6.25,1172.277,745.10,216.9886,31.9, -,3.811746
6.30,1184.024,744.00,217.2498,31.9, -,3.811746
6.35,1196.854,742.80,219.5286,31.9, -,3.811746
6.40,1207.559,741.80,219.7608,31.9, -,3.811746
6.45,1218.276,740.80,221.996,31.9, -,3.811746
6.50,1227.931,739.90,221.2267,31.9, -,3.811746
6.55,1239.745,738.80,223.491,32, -,3.811746
6.60,1249.42,737.90,222.7072,32, -,3.811746
6.65,1259.107,737.00,223.9264,32, -,3.811746
6.70,1267.724,736.20,224.1151,32, -,3.811746
6.75,1277.428,735.30,225.3343,32, -,3.811746
6.80,1286.062,734.50,225.5375,32, -,3.811746
6.85,1295.784,733.60,226.7712,32, -,3.811746
6.90,1304.434,732.80,224.9569,32, -,3.811746
6.95,1314.174,731.90,225.1746,32, -,3.811746
7.00,1322.841,731.10,219.3254,32, -,3.811746
7.05,1334.769,730.00,218.5851,32, -,3.811746
7.10,1346.712,728.90,215.8274,32, -,3.811746
7.15,1360.846,727.60,217.1482,32, -,3.811746
7.20,1372.821,726.50,214.376,32, -,3.811746
7.25,1384.811,725.40,215.6532,32, -,3.811746
7.30,1395.723,724.40,212.8375,32, -,3.811746
7.35,1406.648,723.40,212.0537,32, -,3.811746
7.40,1415.397,722.60,208.1639,32, -,3.811746
7.45,1427.439,721.50,209.4411,32, -,3.811746
7.50,1436.206,720.70,207.5833,32, -,3.811746
7.55,1447.177,719.70,208.8315,32, -,3.811746
7.60,1457.061,718.80,207.0027,32, -,3.811746
7.65,1466.954,717.90,207.2059,32, -,3.811746
7.70,1476.858,717.00,207.4091,32, -,3.811746
7.75,1486.772,716.10,208.6574,32, -,3.811746
7.80,1496.696,715.20,208.8606,32, -,3.811746
7.85,1506.63,714.30,210.0943,32, -,3.811746
7.90,1514.364,713.60,208.1929,32, -,3.811746
7.95,1524.316,712.70,209.4266,32, -,3.811746
8.00,1532.064,712.00,207.5252,32, -,3.811746
8.05,1542.034,711.10,208.759,32, -,3.811746
8.10,1549.795,710.40,204.782,32, -,3.811746
8.15,1559.784,709.50,202.9097,32, -,3.811746
8.20,1568.671,708.70,197.9168,32, -,3.811746
8.25,1578.679,707.80,196.0444,32, -,3.811746
8.30,1586.471,707.10,192.0385,32, -,3.811746
8.35,1596.496,706.20,191.1967,32, -,3.811746
8.40,1605.417,705.40,189.2808,32, -,3.811746
8.45,1615.463,704.50,190.5145,32, -,3.811746
8.50,1624.401,703.70,187.5536,32, -,3.811746
8.55,1633.348,702.90,187.7278,32, -,3.831194
8.60,1642.303,702.10,185.8119,32, -,3.831194
8.65,1652.387,701.20,186.0006,32, -,3.831194
8.70,1661.359,700.40,185.1297,32, -,3.831194
8.75,1671.463,699.50,185.3184,32, -,3.831194
8.80,1679.329,698.80,183.359,32, -,3.831194
8.85,1689.451,697.90,183.5477,32, -,3.831194
8.90,1698.459,697.10,182.6623,32, -,3.831194
8.95,1707.474,696.30,183.896,32, -,3.831194
9.00,1716.497,695.50,183.0106,32, -,3.831194
9.05,1725.529,694.70,184.2443,32, -,3.831194
9.10,1734.569,693.90,183.359,32, -,3.831194
9.15,1743.618,693.10,184.5927,32, -,3.831194
9.20,1751.542,692.40,182.6333,32, -,3.831194
9.25,1762.875,691.40,184.97,32, -,3.831194
9.30,1770.815,690.70,182.9961,32, -,3.831194
9.35,1779.898,689.90,184.2298,32, -,3.831194
9.40,1788.99,689.10,183.3445,32, -,3.831194
9.45,1798.089,688.30,183.5186,32, -,3.831194
9.50,1806.059,687.60,181.5447,32, -,3.811746
9.55,1815.175,686.80,181.7189,32, -,3.811746
9.60,1824.299,686.00,181.893,32, -,3.811746
9.65,1833.432,685.20,182.0527,32, -,3.811746
9.70,1841.431,684.50,180.0642,32, -,3.811746
9.75,1850.58,683.70,180.2239,32, -,3.811746
9.80,1857.448,683.10,177.1469,32, -,3.811746
9.85,1867.758,682.20,179.4836,32, -,3.811746
9.90,1875.786,681.50,177.4952,32, -,3.811746
9.95,1884.968,680.70,177.6548,32, -,3.811746
10.00,1893.009,680.00,176.7259,32, -,3.811746
10.05,1902.207,679.20,176.9001,32, -,3.811746
10.10,1909.112,678.60,174.8681,32, -,3.811746
10.15,1917.173,677.90,173.9392,32, -,3.811746
10.20,1925.242,677.20,172.9958,32, -,3.811746
10.25,1933.317,676.50,173.1409,32, -,3.811746
10.30,1940.243,675.90,168.9463,32, -,3.811746
10.35,1949.488,675.10,170.1945,32, -,3.811746
10.40,1957.582,674.40,169.2511,32, -,3.811746
10.45,1965.685,673.70,168.3077,32, -,3.811746
10.50,1972.635,673.10,166.2611,32, -,3.811746
10.55,1981.91,672.30,167.5094,32, -,3.831194
10.60,1988.871,671.70,165.4628,32, -,3.831194
10.65,1998.162,670.90,165.6225,32, -,3.831194
10.70,2005.136,670.30,163.576,32, -,3.831194
10.75,2013.278,669.60,163.7066,32, -,3.831194
10.80,2021.427,668.90,162.7632,32, -,3.831194
10.85,2029.583,668.20,163.9824,32, -,3.831194
10.90,2037.746,667.50,161.9359,32, -,3.831194
10.95,2045.916,666.80,162.0665,32, -,3.831194
11.00,2052.924,666.20,160.0055,32, -,3.831194
11.05,2062.277,665.40,161.2537,32, -,3.831194
11.10,2069.297,664.80,159.1782,32, -,3.831194
11.15,2077.494,664.10,160.4119,32, -,3.831194
11.20,2084.525,663.50,159.4249,32, -,3.831194
11.25,2092.735,662.80,159.5701,32, -,3.831194
11.30,2099.778,662.20,158.5831,32, -,3.831194
11.35,2108.001,661.50,159.8168,32, -,3.831194
11.40,2113.879,661.00,156.6091,32, -,3.831194
11.45,2122.114,660.30,156.7398,32, -,3.831194
11.50,2129.178,659.70,155.7528,32, -,3.811746
11.55,2137.426,659.00,156.9865,32, -,3.811746
11.60,2144.501,658.40,154.8819,32, -,3.811746
11.65,2152.763,657.70,156.1157,32, -,3.811746
11.70,2159.85,657.10,154.0111,32, -,3.811746
11.75,2166.942,656.50,154.1127,32, -,3.811746
11.80,2174.039,655.90,153.1257,32, -,3.811746
11.85,2181.142,655.30,152.1242,32, -,3.811746
11.90,2188.249,654.70,151.1227,32, -,3.811746
11.95,2195.363,654.10,150.1212,32, -,3.811746
12.00,2202.481,653.50,149.1198,32, -,3.811746
12.05,2209.604,652.90,149.2214,32, -,3.811746
12.10,2216.734,652.30,147.1023,32, -,3.811746
12.15,2223.868,651.70,147.2039,32, -,3.811746
12.20,2229.817,651.20,145.0558,32, -,3.811746
12.25,2238.153,650.50,146.304,32, -,3.811746
12.30,2244.111,650.00,144.1559,32, -,3.811746
12.35,2251.265,649.40,144.2575,32, -,3.811746
12.40,2258.426,648.80,143.2415,32, -,3.811746
12.45,2265.591,648.20,144.4607,32, -,3.811746
12.50,2271.566,647.70,142.3126,32, -,3.811746
12.55,2278.742,647.10,142.4142,32, -,3.811746
12.60,2284.726,646.60,140.2661,32, -,3.811746
12.65,2293.108,645.90,141.5143,32, -,3.811746
12.70,2299.101,645.40,139.3517,32, -,3.811746
12.75,2306.297,644.80,139.4532,32, -,3.811746
12.80,2312.298,644.30,138.4227,32, -,3.811746
12.85,2319.504,643.70,138.5243,32, -,3.811746
12.90,2325.513,643.20,137.4793,32, -,3.811746
12.95,2332.729,642.60,137.5954,32, -,3.811746
13.00,2338.747,642.10,136.5504,32, -,3.811746
13.05,2344.768,641.60,135.5054,32, -,3.811746
13.10,2351.998,641.00,135.607,32, -,3.811746
13.15,2359.234,640.40,135.7086,32, -,3.811746
13.20,2364.061,640.00,133.5169,32, -,3.811746
13.25,2371.306,639.40,134.7506,32, -,3.811746
13.30,2377.348,638.90,132.559,32, -,3.811746
13.35,2384.604,638.30,133.7927,32, -,3.811746
13.40,2390.654,637.80,132.7477,32, -,3.811746
13.45,2396.708,637.30,131.6881,32, -,3.811746
13.50,2402.766,636.80,130.6431,32, -,3.811746
13.55,2408.828,636.30,130.7302,32, -,3.811746
13.60,2414.894,635.80,129.6706,32, -,3.811746
13.65,2422.177,635.20,130.9043,32, -,3.811746
13.70,2427.037,634.80,127.5515,32, -,3.811746
13.75,2434.33,634.20,128.7998,32, -,3.811746
13.80,2439.195,633.80,126.5791,32, -,3.811746
13.85,2446.497,633.20,127.8128,32, -,3.811746
13.90,2451.369,632.80,125.5921,32, -,3.811746
13.95,2457.462,632.30,125.6792,32, -,3.811746
14.00,2463.559,631.80,124.6051,32, -,3.811746
14.05,2469.659,631.30,124.6777,32, -,3.811746
14.10,2475.764,630.80,124.7648,32, -,3.811746
14.15,2481.873,630.30,123.7053,32, -,3.811746
14.20,2487.985,629.80,122.6312,32, -,3.811746
14.25,2492.877,629.40,122.6893,32, -,3.811746
14.30,2498.997,628.90,121.6297,32, -,3.811746
14.35,2505.12,628.40,121.7168,32, -,3.811746
14.40,2511.247,627.90,120.6427,32, -,3.811746
14.45,2516.153,627.50,119.5542,32, -,3.811746
14.50,2522.287,627.00,119.6413,32, -,3.811746
14.55,2528.426,626.50,119.7138,32, -,3.811746
14.60,2533.339,626.10,118.6107,32, -,3.811746
14.65,2539.485,625.60,118.6833,32, -,3.811746
14.70,2544.404,625.20,116.4336,32, -,3.811746
14.75,2550.557,624.70,117.6673,32, -,3.811746
14.80,2555.482,624.30,115.4031,32, -,3.811746
14.85,2560.409,623.90,115.4611,32, -,3.811746
14.90,2566.573,623.40,114.3726,32, -,3.811746
14.95,2572.74,622.90,115.6063,32, -,3.811746
15.00,2577.677,622.50,114.5032,32, -,3.811746
15.05,2583.851,622.00,114.5758,32, -,3.811746
15.10,2588.794,621.60,113.4727,32, -,3.811746
15.15,2593.738,621.20,112.3551,32, -,3.811746
15.20,2598.686,620.80,111.252,32, -,3.811746
15.25,2604.874,620.30,111.3246,32, -,3.811746
15.30,2609.827,619.90,111.3826,32, -,3.811746
15.35,2614.783,619.50,110.265,32, -,3.811746
15.40,2619.742,619.10,109.1474,32, -,3.811746
15.45,2625.944,618.60,109.22,32, -,3.811746
15.50,2629.667,618.30,108.0879,32, -,3.811746
15.55,2635.875,617.80,108.1459,32, -,3.811746
15.60,2640.844,617.40,107.0283,32, -,3.811746
15.65,2645.817,617.00,107.0864,32, -,3.811746
15.70,2650.792,616.60,105.9688,32, -,3.811746
15.75,2655.769,616.20,106.0269,32, -,3.811746
15.80,2660.75,615.80,104.9093,32, -,3.811746
15.85,2665.732,615.40,104.9673,32, -,3.811746
15.90,2670.717,615.00,105.0254,32, -,3.811746
15.95,2675.706,614.60,103.9078,32, -,3.811746
16.00,2680.695,614.20,102.7757,32, -,3.811746
16.05,2685.689,613.80,102.8337,32, -,3.811746
16.10,2690.684,613.40,101.7161,32, -,3.811746
16.15,2695.683,613.00,101.7742,32, -,3.811746
16.20,2699.433,612.70,100.6421,32, -,3.811746
16.25,2704.437,612.30,100.6856,32, -,3.811746
16.30,2709.442,611.90,99.55348,32, -,3.811746
16.35,2714.451,611.50,99.61153,32, -,3.811746
16.40,2718.209,611.20,98.47943,32, -,3.811746
16.45,2723.222,610.80,98.53748,32, -,3.811746
16.50,2728.237,610.40,97.40537,32, -,3.811746
16.55,2733.256,610.00,98.63908,32, -,3.831194
16.60,2737.021,609.70,96.3168,32, -,3.831194
16.65,2742.044,609.30,96.37486,32, -,3.831194
16.70,2745.813,609.00,95.22822,32, -,3.831194
16.75,2750.841,608.60,95.28629,32, -,3.831194
16.80,2754.614,608.30,94.13966,32, -,3.831194
16.85,2759.646,607.90,94.1832,32, -,3.831194
16.90,2763.422,607.60,93.03657,32, -,3.831194
16.95,2769.719,607.10,94.2848,32, -,3.831194
17.00,2773.499,606.80,93.13818,32, -,3.831194
17.05,2777.28,606.50,91.99154,32, -,3.831194
17.10,2781.063,606.20,90.8304,32, -,3.831194
17.15,2786.11,605.80,90.87394,32, -,3.831194
17.20,2789.896,605.50,89.7128,32, -,3.831194
17.25,2793.685,605.20,89.75634,32, -,3.831194
17.30,2798.738,604.80,89.81439,32, -,3.831194
17.35,2802.53,604.50,88.66776,32, -,3.831194
17.40,2807.588,604.10,88.71131,32, -,3.831194
17.45,2811.383,603.80,88.74034,32, -,3.831194
17.50,2815.18,603.50,87.5792,32, -,3.831194
17.55,2818.978,603.20,86.41805,32, -,3.831194
17.60,2822.778,602.90,85.25691,32, -,3.831194
17.65,2827.847,602.50,86.50513,32, -,3.831194
17.70,2830.382,602.30,84.12479,32, -,3.831194
17.75,2835.455,601.90,85.37303,32, -,3.831194
17.80,2839.262,601.60,84.21188,32, -,3.831194
17.85,2843.07,601.30,84.24091,32, -,3.831194
17.90,2846.879,601.00,83.07977,32, -,3.831194
17.95,2850.69,600.70,83.1088,32, -,3.831194
18.00,2854.503,600.40,80.74297,32, -,3.831194
18.05,2859.589,600.00,81.9912,32, -,3.831194
18.10,2863.405,599.70,82.02023,32, -,3.831194
18.15,2867.223,599.40,82.04926,32, -,3.831194
18.20,2869.769,599.20,79.66891,32, -,3.831194
18.25,2874.863,598.80,80.91714,32, -,3.831194
18.30,2877.412,598.60,79.72697,32, -,3.831194
18.35,2881.235,598.30,78.55132,32, -,3.831194
18.40,2885.06,598.00,78.58034,32, -,3.831194
18.45,2888.886,597.70,77.40468,32, -,3.831194
18.50,2892.714,597.40,77.43372,32, -,3.831194
18.55,2896.545,597.10,77.46274,32, -,3.811746
18.60,2899.098,596.90,76.28709,32, -,3.811746
18.65,2904.208,596.50,77.53531,32, -,3.811746
18.70,2906.765,596.30,75.14045,32, -,3.811746
18.75,2910.6,596.00,76.38869,32, -,3.811746
18.80,2913.158,595.80,73.99383,32, -,3.811746
18.85,2916.996,595.50,74.02286,32, -,3.811746
18.90,2920.835,595.20,74.05188,32, -,3.811746
18.95,2923.396,595.00,72.86171,32, -,3.811746
19.00,2927.238,594.70,72.89074,32, -,3.811746
19.05,2931.082,594.40,72.91977,32, -,3.811746
19.10,2933.645,594.20,70.5104,32, -,3.811746
19.15,2937.491,593.90,70.53943,32, -,3.811746
19.20,2940.057,593.70,69.34925,32, -,3.811746
19.25,2943.906,593.40,70.59748,32, -,3.811746
19.30,2946.473,593.20,68.18811,32, -,3.811746
19.35,2950.324,592.90,69.43634,32, -,3.811746
19.40,2952.893,592.70,68.24617,32, -,3.811746
19.45,2956.747,592.40,68.2752,32, -,3.811746
19.50,2959.317,592.20,67.08503,32, -,3.831194
19.55,2963.174,591.90,67.11405,32, -,3.831194
19.60,2965.747,591.70,65.92389,32, -,3.831194
19.65,2968.32,591.50,65.93839,32, -,3.831194
19.70,2972.18,591.20,64.74823,32, -,3.831194
19.75,2974.755,591.00,64.76274,32, -,3.831194
19.80,2977.33,590.80,63.55805,32, -,3.831194
19.85,2981.195,590.50,64.80628,32, -,3.831194
19.90,2983.772,590.30,63.6016,32, -,3.831194
19.95,2986.35,590.10,62.39691,32, -,3.831194
20.00,2988.928,589.90,62.41143,32, -,3.831194
20.05,2991.507,589.70,61.20674,32, -,3.831194
20.10,2994.087,589.50,60.00206,32, -,3.831194
20.15,2997.958,589.20,61.25028,32, -,3.831194
20.20,3000.54,589.00,60.0456,32, -,3.831194
20.25,3003.123,588.80,60.06011,32, -,3.831194
20.30,3006.997,588.50,60.07463,32, -,3.831194
20.35,3009.582,588.30,60.10366,32, -,3.831194
20.40,3012.167,588.10,58.89897,32, -,3.831194
20.45,3014.752,587.90,58.91349,32, -,3.831194
20.50,3017.338,587.70,57.7088,32, -,3.831194
20.55,3019.925,587.50,57.72331,32, -,3.811746
20.60,3022.513,587.30,56.51863,32, -,3.811746
20.65,3025.102,587.10,56.53314,32, -,3.811746
20.70,3027.69,586.90,56.54765,32, -,3.811746
20.75,3030.281,586.70,55.34297,32, -,3.811746
20.80,3032.871,586.50,55.35748,32, -,3.811746
20.85,3035.463,586.30,55.372,32, -,3.811746
20.90,3036.758,586.20,52.91908,32, -,3.811746
20.95,3039.351,586.00,52.9336,32, -,3.811746
21.00,3041.944,585.80,52.94811,32, -,3.811746
21.05,3044.538,585.60,52.96263,32, -,3.811746
21.10,3045.835,585.50,51.74343,32, -,3.811746
21.15,3048.43,585.30,51.75794,32, -,3.811746
21.20,3051.026,585.10,50.53874,32, -,3.811746
21.25,3053.621,584.90,50.55326,32, -,3.811746
21.30,3054.92,584.80,49.33406,32, -,3.811746
21.35,3057.518,584.60,48.11486,32, -,3.811746
21.40,3060.115,584.40,48.11486,32, -,3.811746
21.45,3062.715,584.20,48.12937,32, -,3.811746
21.50,3064.015,584.10,46.89566,32, -,3.811746
21.55,3066.614,583.90,46.91017,32, -,3.811746
21.60,3069.215,583.70,46.92468,32, -,3.811746
21.65,3071.816,583.50,46.9392,32, -,3.811746
21.70,3073.117,583.40,45.70548,32, -,3.811746
21.75,3074.419,583.30,44.47177,32, -,3.811746
21.80,3077.022,583.10,44.48628,32, -,3.811746
21.85,3079.625,582.90,44.5008,32, -,3.811746
21.90,3080.927,582.80,43.26708,32, -,3.811746
21.95,3082.229,582.70,43.26708,32, -,3.811746
22.00,3084.834,582.50,43.2816,32, -,3.811746
22.05,3087.44,582.30,43.29612,32, -,3.811746
22.10,3088.743,582.20,42.0624,32, -,3.811746
22.15,3091.35,582.00,43.31063,32, -,3.811746
22.20,3092.653,581.90,42.09143,32, -,3.811746
22.25,3093.958,581.80,40.87223,32, -,3.811746
22.30,3096.566,581.60,40.88674,32, -,3.811746
22.35,3097.87,581.50,40.90126,32, -,3.811746
22.40,3099.174,581.40,39.68206,32, -,3.811746
22.45,3100.479,581.30,38.46286,32, -,3.811746
22.50,3103.09,581.10,38.46286,32, -,3.811746
22.55,3104.395,581.00,38.47737,32, -,3.831194
22.60,3105.7,580.90,37.24366,32, -,3.831194
22.65,3108.312,580.70,37.24366,32, -,3.831194
22.70,3109.618,580.60,36.00994,32, -,3.831194
22.75,3110.924,580.50,36.02446,32, -,3.831194
22.80,3112.23,580.40,36.03897,32, -,3.831194
22.85,3113.537,580.30,34.80526,32, -,3.831194
22.90,3114.844,580.20,33.57154,32, -,3.831194
22.95,3117.458,580.00,34.83429,32, -,3.831194
23.00,3118.765,579.90,34.8488,32, -,3.831194
23.05,3120.073,579.80,33.61509,32, -,3.831194
23.10,3121.38,579.70,32.38137,32, -,3.831194
23.15,3122.688,579.60,32.39589,32, -,3.831194
23.20,3123.996,579.50,31.16217,32, -,3.831194
23.25,3125.304,579.40,31.16217,32, -,3.831194
23.30,3126.613,579.30,31.16217,32, -,3.831194
23.35,3127.921,579.20,29.92846,32, -,3.831194
23.40,3129.23,579.10,29.92846,32, -,3.831194
23.45,3130.539,579.00,29.92846,32, -,3.831194
23.50,3131.848,578.90,29.92846,32, -,3.811746
23.55,3133.158,578.80,28.69474,32, -,3.811746
23.60,3134.467,578.70,28.69474,32, -,3.811746
23.65,3134.467,578.70,27.44651,32, -,3.811746
23.70,3135.777,578.60,26.2128,32, -,3.811746
23.75,3137.087,578.50,26.2128,32, -,3.811746
23.80,3137.087,578.50,24.96457,32, -,3.811746
23.85,3138.396,578.40,24.96457,32, -,3.811746
23.90,3139.707,578.30,24.96457,32, -,3.811746
23.95,3141.017,578.20,24.96457,32, -,3.811746
24.00,3142.328,578.10,23.71634,32, -,3.811746
24.05,3143.639,578.00,23.71634,32, -,3.811746
24.10,3143.639,578.00,22.46811,32, -,3.811746
24.15,3144.949,577.90,22.46811,32, -,3.811746
24.20,3146.261,577.80,22.46811,32, -,3.811746
24.25,3147.572,577.70,22.46811,32, -,3.811746
24.30,3147.572,577.70,21.21988,32, -,3.811746
24.35,3148.884,577.60,21.21988,32, -,3.811746
24.40,3148.884,577.60,19.97166,32, -,3.811746
24.45,3150.195,577.50,19.97166,32, -,3.811746
24.50,3150.195,577.50,18.72343,32, -,3.811746
24.55,3151.507,577.40,18.72343,32, -,3.811746
24.60,3151.507,577.40,17.4752,32, -,3.811746
24.65,3141.017,578.20,6.241143,32, -,3.811746
24.70,3090.047,582.10,-42.30914,32, -,3.811746
24.75,3057.518,584.60,-74.53085,32, -,3.811746
24.80,3083.532,582.60,-51.0032,32, -,3.811746
24.85,3122.688,579.60,-13.716,32, -,3.811746
24.90,3139.707,578.30,1.248229,32, -,3.811746
24.95,3147.572,577.70,7.489371,32, -,3.811746
25.00,3150.195,577.50,8.737599,32, -,3.811746
25.05,3150.195,577.50,7.489371,32, -,3.811746
25.10,3150.195,577.50,6.241143,32, -,3.811746
25.15,3150.195,577.50,6.241143,32, -,3.811746
25.20,3150.195,577.50,4.992914,32, -,3.811746
25.25,3150.195,577.50,3.744686,32, -,3.811746
25.30,3150.195,577.50,2.496457,32, -,3.811746
25.35,3148.884,577.60,1.248229,32, -,3.811746
25.40,3147.572,577.70,-1.248229,32, -,3.811746
25.45,3147.572,577.70,-1.248229,32, -,3.811746
25.50,3146.261,577.80,-3.744686,32, -,3.811746
25.55,3146.261,577.80,-3.744686,32, -,3.811746
25.60,3146.261,577.80,-4.992914,32, -,3.811746
25.65,3146.261,577.80,-4.992914,32, -,3.811746
25.70,3147.572,577.70,6.241143,32, -,3.811746
25.75,3146.261,577.80,53.5432,32, -,3.811746
25.80,3147.572,577.70,85.76491,32, -,3.811746
25.85,3147.572,577.70,60.98903,32, -,3.811746
25.90,3147.572,577.70,23.70183,32, -,3.811746
25.95,3150.195,577.50,9.985828,32, -,3.811746
26.00,3151.507,577.40,3.744686,32, -,3.811746
26.05,3155.445,577.10,4.992914,32, -,3.811746
26.10,3164.636,576.40,13.74503,32, -,3.811746
26.15,3179.1,575.30,27.51908,32, -,3.811746
26.20,3192.268,574.30,40.05943,32, -,3.811746
26.25,3204.134,573.40,51.36605,32, -,3.811746
26.30,3213.375,572.70,60.16171,32, -,3.811746
26.35,3206.774,573.20,53.87703,32, -,3.811746
26.40,3189.633,574.50,38.79668,32, -,3.811746
26.45,3176.468,575.50,27.50457,32, -,3.811746
26.50,3171.208,575.90,22.49714,32, -,3.811746
26.55,3172.523,575.80,24.9936,32, -,3.811746
26.60,3175.153,575.60,27.50457,32, -,3.811746
26.65,3173.838,575.70,26.25634,32, -,3.811746
26.70,3169.893,576.00,22.49714,32, -,3.811746
26.75,3164.636,576.40,16.24149,32, -,3.811746
26.80,3162.01,576.60,14.99326,32, -,3.811746
26.85,3159.383,576.80,11.24857,32, -,3.811746
26.90,3160.696,576.70,12.4968,32, -,3.811746
26.95,3160.696,576.70,12.4968,32, -,3.811746
27.00,3160.696,576.70,10.00034,32, -,3.811746
27.05,3159.383,576.80,7.503885,32, -,3.811746
27.10,3158.069,576.90,2.510971,32, -,3.811746
27.15,3156.757,577.00,-7.489371,32, -,3.811746
27.20,3155.445,577.10,-22.51166,32, -,3.811746
27.25,3155.445,577.10,-35.052,32, -,3.811746
27.30,3155.445,577.10,-46.35863,32, -,3.811746
27.35,3155.445,577.10,-55.15428,32, -,3.811746
27.40,3155.445,577.10,-48.8696,32, -,3.811746
27.45,3155.445,577.10,-32.54103,32, -,3.811746
27.50,3154.132,577.20,-21.24891,32, -,1.34189
27.55,3152.82,577.30,-17.48971,32, -,1.34189
27.60,3151.507,577.40,-19.98617,32, -,1.34189
27.65,3151.507,577.40,-22.49714,32, -,1.34189
27.70,3151.507,577.40,-21.24891,32, -,1.34189
27.75,3150.195,577.50,-18.73794,32, -,1.34189
27.80,3150.195,577.50,-13.73051,32, -,1.34189
27.85,3150.195,577.50,-11.23406,32, -,1.34189
27.90,3150.195,577.50,-8.737599,32, -,1.34189
27.95,3148.884,577.60,-11.23406,32, -,1.34189
28.00,3148.884,577.60,-11.23406,32, -,1.34189
28.05,3147.572,577.70,-12.48229,32, -,1.34189
28.10,3146.261,577.80,-12.48229,32, -,1.34189
28.15,3144.949,577.90,-12.48229,32, -,1.34189
28.20,3144.949,577.90,-11.23406,32, -,1.34189
28.25,3143.639,578.00,-11.23406,32, -,1.34189
28.30,3142.328,578.10,-12.48229,32, -,1.34189
28.35,3142.328,578.10,-12.48229,32, -,1.34189
28.40,3141.017,578.20,-13.73051,32, -,1.34189
28.45,3141.017,578.20,-13.73051,32, -,1.34189
28.50,3139.707,578.30,-14.97874,32, -,1.34189
28.55,3139.707,578.30,-13.73051,32, -,1.34189
28.60,3138.396,578.40,-13.73051,32, -,1.34189
28.65,3137.087,578.50,-13.73051,32, -,1.34189
28.70,3137.087,578.50,-13.73051,32, -,1.34189
28.75,3135.777,578.60,-14.97874,32, -,1.34189
28.80,3134.467,578.70,-14.97874,32, -,1.34189
28.85,3133.158,578.80,-16.22697,32, -,1.34189
28.90,3133.158,578.80,-16.22697,32, -,1.34189
28.95,3131.848,578.90,-17.4752,32, -,1.34189
29.00,3130.539,579.00,-17.4752,32, -,1.34189
29.05,3130.539,579.00,-17.4752,32, -,1.34189
29.10,3129.23,579.10,-17.4752,32, -,1.34189
29.15,3127.921,579.20,-17.4752,32, -,1.34189
29.20,3126.613,579.30,-17.4752,32, -,1.34189
29.25,3126.613,579.30,-17.4752,32, -,1.34189
29.30,3125.304,579.40,-17.4752,32, -,1.34189
29.35,3123.996,579.50,-17.4752,32, -,1.34189
29.40,3123.996,579.50,-17.4752,32, -,1.34189
29.45,3122.688,579.60,-17.4752,32, -,1.34189
29.50,3122.688,579.60,-17.4752, -
29.55,3121.38,579.70,-17.4752, -
29.60,3120.073,579.80,-18.72343, -
29.65,3118.765,579.90,-18.72343, -
29.70,3117.458,580.00,-18.72343, -
29.75,3117.458,580.00,-18.72343, -
29.80,3116.151,580.10,-18.72343, -
29.85,3114.844,580.20,-18.72343, -
29.90,3113.537,580.30,-18.72343, -
29.95,3113.537,580.30,-18.72343, -
30.00,3112.23,580.40,-18.72343, -
30.05,3112.23,580.40,-17.4752, -
30.10,3110.924,580.50,-18.72343, -
30.15,3110.924,580.50,-17.4752, -
30.20,3110.924,580.50,-16.22697, -
30.25,3112.23,580.40,-13.73051, -
30.30,3114.844,580.20,-11.23406, -
30.35,3116.151,580.10,-8.737599, -
30.40,3116.151,580.10,-7.489371, -
30.45,10700.59,191.25,7215.777, Drogue
30.50,-2490.543,1158.70,-5345.959, -
